// Copyright 2026 QMK -- generated source code only, image retains original copyright
// SPDX-License-Identifier: GPL-2.0-or-later

// This file was auto-generated by `painter_convert_graphics` with arguments:
//    format | rgb565
//    output | image
//    input  | ekbox.png

// Image's metadata
// ----------------
// Width: 172
// Height: 320
// Single frame

#include <qp.h>

const uint32_t gfx_ekbox_length = 110128;

// clang-format off
const uint8_t gfx_ekbox[110128] = {
    0x00, 0xFF, 0x12, 0x00, 0x00, 0x51, 0x47, 0x46, 0x01, 0x30, 0xAE, 0x01, 0x00, 0xCF, 0x51, 0xFE,
    0xFF, 0xAC, 0x00, 0x40, 0x01, 0x01, 0x00, 0x01, 0xFE, 0x04, 0x00, 0x00, 0x20, 0x00, 0x00, 0x00,
    0x02, 0xFD, 0x06, 0x00, 0x00, 0x08, 0x00, 0x00, 0xFF, 0xE8, 0x03, 0x05, 0xFA, 0x00, 0xAE, 0x01,
    0x02, 0x8B, 0x02, 0x6A, 0x02, 0x2A, 0x02, 0xAB, 0x13, 0x4D, 0x1B, 0x6D, 0x0B, 0x6D, 0x0B, 0x0D,
    0x0B, 0x0D, 0x0A, 0xCB, 0x01, 0xE8, 0x02, 0x29, 0x02, 0x6A, 0x02, 0x6B, 0x02, 0xCC, 0x02, 0x6A,
    0x12, 0x08, 0x11, 0xA6, 0x01, 0x05, 0x01, 0x05, 0x01, 0x46, 0x0A, 0x28, 0x12, 0x69, 0x01, 0x87,
    0x01, 0x67, 0x01, 0xA7, 0x01, 0x66, 0x01, 0x05, 0x01, 0x67, 0x0A, 0xAB, 0x0A, 0xEB, 0x02, 0x4B,
    0x02, 0x49, 0x32, 0x67, 0x42, 0xA7, 0x2A, 0x67, 0x2A, 0x26, 0x29, 0xE6, 0x2A, 0x05, 0x2A, 0x06,
    0x2A, 0x06, 0x32, 0x06, 0x3A, 0x46, 0x32, 0x26, 0x22, 0x06, 0x21, 0xE6, 0x09, 0x65, 0x00, 0xA3,
    0x00, 0x62, 0x00, 0x63, 0x00, 0xC4, 0x00, 0xE5, 0x00, 0xA4, 0x00, 0x64, 0x00, 0xC6, 0x01, 0x69,
    0x01, 0xAA, 0x01, 0xCA, 0x01, 0x89, 0x01, 0x69, 0x01, 0xEA, 0x02, 0x6C, 0x02, 0xCD, 0x23, 0x0B,
    0x3B, 0x0A, 0x32, 0xC9, 0x2A, 0xA9, 0x01, 0x67, 0x01, 0x88, 0x53, 0xEE, 0x43, 0xEE, 0x02, 0x09,
    0x01, 0x06, 0x01, 0x46, 0x01, 0x67, 0x02, 0x29, 0x01, 0xE9, 0x22, 0xAB, 0x43, 0xAD, 0x5B, 0xCC,
    0x53, 0xCC, 0x7C, 0x0B, 0x7C, 0x2C, 0x2B, 0x8E, 0x02, 0x4B, 0x1A, 0xCC, 0x64, 0x6F, 0x4C, 0xD2,
    0x5C, 0xF2, 0x54, 0xB1, 0x44, 0x0F, 0x32, 0xCA, 0x12, 0x69, 0x01, 0xA7, 0x09, 0x25, 0x29, 0xA4,
    0x11, 0x45, 0x01, 0x47, 0x01, 0x86, 0x09, 0xA7, 0x22, 0x27, 0x12, 0x09, 0x1B, 0xAE, 0x0A, 0xEC,
    0x02, 0x2A, 0x01, 0xC9, 0x01, 0xA9, 0x01, 0xC8, 0x09, 0xC7, 0x09, 0x87, 0x01, 0xE9, 0x02, 0x2A,
    0x02, 0x0A, 0x0A, 0xAC, 0x09, 0xE8, 0x11, 0x03, 0x62, 0x21, 0x51, 0xA1, 0x02, 0x2A, 0x03, 0x4F,
    0x02, 0xCE, 0x02, 0xAE, 0x03, 0x0F, 0x02, 0xAD, 0x02, 0x2C, 0x02, 0xAD, 0x02, 0xAD, 0x02, 0xED,
    0x01, 0xEA, 0x02, 0x2B, 0x02, 0xAC, 0x02, 0x8C, 0x02, 0x6C, 0x02, 0x6C, 0x02, 0x8C, 0x02, 0x2C,
    0x0A, 0xAD, 0x03, 0x90, 0x0B, 0x6F, 0x23, 0x4E, 0x01, 0xEA, 0x02, 0x2B, 0x03, 0x2F, 0x13, 0x6F,
    0x13, 0x4E, 0x0A, 0xEC, 0x0A, 0x6A, 0x09, 0x66, 0x11, 0xC8, 0x0A, 0xAB, 0x0B, 0x4F, 0x0B, 0xF1,
    0x03, 0xD1, 0x03, 0xD1, 0x03, 0x2E, 0x02, 0xCE, 0x03, 0x90, 0x0A, 0xEC, 0x01, 0x46, 0x09, 0x25,
    0x01, 0x04, 0x01, 0x04, 0x11, 0x45, 0x11, 0x45, 0x08, 0xE4, 0x11, 0xC8, 0x02, 0xAC, 0x02, 0xCD,
    0x3B, 0x2C, 0x0A, 0xAC, 0x1A, 0x69, 0x29, 0xE7, 0x02, 0x09, 0x02, 0x09, 0x02, 0x2A, 0x0A, 0x8A,
    0x0A, 0xCB, 0x0A, 0xEC, 0x0B, 0x2D, 0x1B, 0x6D, 0x0B, 0x0C, 0x0A, 0x6A, 0x02, 0x09, 0x02, 0x2A,
    0x02, 0x8B, 0x02, 0xCB, 0x02, 0x4A, 0x02, 0x08, 0x11, 0xC7, 0x01, 0x05, 0x01, 0x46, 0x01, 0x87,
    0x01, 0xE8, 0x23, 0x0B, 0x33, 0x8C, 0x0A, 0x8A, 0x01, 0xA8, 0x02, 0x09, 0x02, 0x29, 0x01, 0xC8,
    0x01, 0xA8, 0x01, 0xA8, 0x02, 0x8B, 0x02, 0xCC, 0x02, 0x4A, 0x1A, 0x27, 0x32, 0x47, 0x32, 0x87,
    0x22, 0x47, 0x11, 0xE6, 0x21, 0xE6, 0x29, 0xE6, 0x2A, 0x06, 0x32, 0x26, 0x32, 0x67, 0x32, 0x47,
    0x32, 0x26, 0x2A, 0x07, 0x11, 0xC6, 0x11, 0x44, 0x08, 0xA2, 0x00, 0x62, 0x00, 0x63, 0x00, 0xA4,
    0x00, 0xA4, 0x00, 0x84, 0x00, 0xE7, 0x01, 0x69, 0x01, 0xEA, 0x02, 0x2B, 0x01, 0x89, 0x01, 0xCA,
    0x02, 0x6B, 0x02, 0x6B, 0x0A, 0xEC, 0x43, 0x6B, 0x4B, 0x4A, 0x3A, 0xC9, 0x1A, 0x69, 0x01, 0x46,
    0x09, 0x87, 0x5B, 0x8B, 0x63, 0xAB, 0x0A, 0x4A, 0x00, 0xE5, 0x01, 0x46, 0x01, 0xA8, 0x02, 0x2A,
    0x02, 0x0A, 0x1A, 0xCC, 0x4B, 0xAD, 0x73, 0xEC, 0x73, 0xEB, 0x94, 0x2A, 0x84, 0x2C, 0x23, 0xAF,
    0x02, 0xCC, 0x2B, 0x2C, 0x6C, 0x4F, 0x64, 0xF1, 0x3C, 0x92, 0x1B, 0xD0, 0x4B, 0x4B, 0x32, 0x69,
    0x02, 0x09, 0x01, 0x66, 0x21, 0x85, 0x21, 0x64, 0x01, 0x26, 0x01, 0x87, 0x09, 0xC7, 0x11, 0xE7,
    0x22, 0x27, 0x12, 0x49, 0x1B, 0x4C, 0x2A, 0x29, 0x09, 0x88, 0x01, 0x89, 0x01, 0xA8, 0x01, 0x27,
    0x11, 0x46, 0x11, 0x87, 0x01, 0xA8, 0x01, 0xA8, 0x12, 0x4A, 0x2B, 0x2D, 0x09, 0x67, 0x29, 0x22,
    0x9B, 0x41, 0x49, 0xA2, 0x02, 0x2B, 0x03, 0x2F, 0x02, 0x8E, 0x03, 0x0F, 0x03, 0x0E, 0x02, 0xAD,
    0x01, 0xEB, 0x02, 0x8D, 0x02, 0xEE, 0x02, 0xED, 0x02, 0xAC, 0x02, 0x6B, 0x02, 0x4C, 0x02, 0x8C,
    0x02, 0x2B, 0x02, 0x8C, 0x02, 0x8C, 0x02, 0x6D, 0x02, 0x4C, 0x02, 0x8E, 0x0A, 0xEE, 0x33, 0x4E,
    0x03, 0x2F, 0x02, 0x4C, 0x0A, 0xCC, 0x2B, 0x6E, 0x2B, 0x6E, 0x3B, 0xAD, 0x1A, 0xEC, 0x09, 0xA7,
    0x09, 0xA7, 0x0A, 0xCB, 0x02, 0xEC, 0x0B, 0xAF, 0x03, 0x6F, 0x03, 0x70, 0x02, 0xEE, 0x02, 0xAE,
    0x03, 0x4F, 0x13, 0xAF, 0x0A, 0x29, 0x01, 0x25, 0x01, 0x04, 0x09, 0x04, 0x19, 0x24, 0x08, 0xE4,
    0x08, 0xA2, 0x10, 0xE4, 0x01, 0xE9, 0x02, 0x6C, 0x23, 0x4E, 0x03, 0x0E, 0x0A, 0xCD, 0x2A, 0xEB,
    0x0A, 0x49, 0x12, 0x6A, 0x12, 0x8A, 0x12, 0xAA, 0x1A, 0xAA, 0x22, 0x8A, 0x1A, 0xCB, 0x13, 0x2C,
    0x13, 0x2D, 0x02, 0xAB, 0x02, 0x8B, 0x0A, 0x69, 0x01, 0xE8, 0x01, 0xE8, 0x01, 0x87, 0x09, 0x66,
    0x00, 0xE4, 0x00, 0xE6, 0x0A, 0x4A, 0x2A, 0xA9, 0x2A, 0x48, 0x23, 0x2C, 0x34, 0x0E, 0x33, 0x8D,
    0x0A, 0xCB, 0x0A, 0x6A, 0x0A, 0x6A, 0x02, 0x2A, 0x01, 0xE9, 0x01, 0xA8, 0x02, 0x2A, 0x02, 0x6A,
    0x0A, 0x6A, 0x2A, 0x48, 0x32, 0x67, 0x32, 0x26, 0x21, 0xE6, 0x11, 0xE7, 0x11, 0xA6, 0x21, 0xC6,
    0x21, 0xC6, 0x19, 0xE6, 0x2A, 0xA9, 0x32, 0x88, 0x2A, 0x26, 0x2A, 0x06, 0x2A, 0x26, 0x29, 0xC4,
    0x10, 0xC2, 0x00, 0x82, 0x00, 0x63, 0x00, 0xC4, 0x00, 0xC4, 0x00, 0xA5, 0x01, 0x27, 0x01, 0x69,
    0x01, 0xA9, 0x02, 0x2B, 0x01, 0xEA, 0x02, 0x0B, 0x02, 0x8C, 0x02, 0x4A, 0x0A, 0x8B, 0x33, 0x2B,
    0x43, 0x2A, 0x3A, 0xC9, 0x12, 0x49, 0x01, 0x46, 0x09, 0xA8, 0x7B, 0xA9, 0x73, 0xCB, 0x0A, 0x29,
    0x00, 0xE5, 0x01, 0x46, 0x01, 0x67, 0x01, 0xC9, 0x02, 0x09, 0x32, 0xCA, 0x5B, 0xAC, 0x74, 0x0D,
    0x5C, 0x0E, 0x74, 0x2D, 0x7C, 0x2C, 0x13, 0x4D, 0x02, 0xED, 0x53, 0xED, 0x64, 0x6F, 0x6C, 0x90,
    0x54, 0x2E, 0x53, 0x6A, 0x42, 0xA8, 0x32, 0x28, 0x01, 0xE8, 0x01, 0x45, 0x29, 0x84, 0x11, 0xC6,
    0x01, 0xA8, 0x01, 0x67, 0x01, 0xA7, 0x12, 0x08, 0x19, 0xE7, 0x12, 0x69, 0x1A, 0xEC, 0x01, 0xC9,
    0x01, 0xC9, 0x02, 0x4A, 0x02, 0x49, 0x01, 0x26, 0x01, 0x26, 0x01, 0x66, 0x01, 0x47, 0x09, 0xA8,
    0x2A, 0x8B, 0x2B, 0x6E, 0x01, 0x67, 0x10, 0x81, 0x6A, 0x61, 0x59, 0xE2, 0x12, 0x0A, 0x03, 0x0F,
    0x02, 0xAF, 0x02, 0xEE, 0x02, 0x8D, 0x02, 0x2B, 0x01, 0xAA, 0x02, 0x2C, 0x02, 0xEE, 0x02, 0x6C,
    0x02, 0xED, 0x02, 0xAC, 0x02, 0x4C, 0x02, 0x6C, 0x02, 0x4C, 0x02, 0x2B, 0x02, 0x4C, 0x02, 0x2B,
    0x02, 0x8C, 0x02, 0x6D, 0x02, 0x4C, 0x02, 0xAE, 0x03, 0x30, 0x03, 0x2F, 0x1A, 0x8B, 0x22, 0xED,
    0x5B, 0xAD, 0x7C, 0x0D, 0x6B, 0xCB, 0x5A, 0x86, 0x11, 0x66, 0x1A, 0x69, 0x0A, 0x8B, 0x13, 0x6E,
    0x13, 0xB0, 0x03, 0x8F, 0x03, 0x0E, 0x02, 0xCE, 0x03, 0x4F, 0x0B, 0xB0, 0x0B, 0x0D, 0x0A, 0x08,
    0x11, 0x66, 0x21, 0x84, 0x29, 0x44, 0x08, 0xA3, 0x00, 0x62, 0x08, 0x82, 0x00, 0xA4, 0x09, 0xE9,
    0x03, 0x2E, 0x3B, 0xCE, 0x43, 0xCE, 0x13, 0x6E, 0x22, 0x49, 0x2A, 0xA9, 0x2A, 0xCA, 0x32, 0xEA,
    0x32, 0xAA, 0x1A, 0x49, 0x1A, 0x8A, 0x22, 0xEB, 0x12, 0xCB, 0x02, 0xAB, 0x0A, 0x49, 0x01, 0x66,
    0x00, 0xC4, 0x00, 0xE4, 0x09, 0x25, 0x01, 0x04, 0x00, 0xC4, 0x01, 0x26, 0x0A, 0x29, 0x2A, 0xEA,
    0x22, 0x69, 0x0A, 0x4A, 0x13, 0x0C, 0x33, 0x8E, 0x2B, 0x8D, 0x0A, 0xAB, 0x02, 0x09, 0x02, 0x09,
    0x01, 0xA8, 0x01, 0x68, 0x01, 0xC9, 0x02, 0x0A, 0x01, 0xC8, 0x11, 0xC7, 0x11, 0xA6, 0x11, 0xA6,
    0x09, 0x86, 0x09, 0x86, 0x09, 0xA6, 0x09, 0x86, 0x09, 0x86, 0x01, 0xA6, 0x0A, 0x07, 0x12, 0x07,
    0x11, 0xC6, 0x21, 0x85, 0x2A, 0x06, 0x32, 0x05, 0x19, 0x23, 0x00, 0x63, 0x00, 0xE5, 0x00, 0xE5,
    0x00, 0xE5, 0x00, 0xC5, 0x01, 0x27, 0x01, 0x89, 0x01, 0x69, 0x02, 0x0B, 0x01, 0xEA, 0x01, 0xEB,
    0x02, 0x8C, 0x02, 0x6B, 0x12, 0xAB, 0x3A, 0xEA, 0x32, 0xA9, 0x2A, 0x89, 0x12, 0x08, 0x01, 0x67,
    0x2A, 0x69, 0x5B, 0xED, 0x43, 0xAD, 0x02, 0x09, 0x01, 0x47, 0x01, 0x87, 0x01, 0x88, 0x01, 0xC9,
    0x02, 0x0A, 0x3A, 0xEB, 0x53, 0x6C, 0x63, 0xEE, 0x84, 0xCE, 0x84, 0x4D, 0x53, 0xEE, 0x02, 0xAB,
    0x3B, 0x0B, 0x7C, 0x4E, 0x64, 0xB1, 0x54, 0xB1, 0x4C, 0x0E, 0x63, 0x08, 0x29, 0xC6, 0x09, 0xC7,
    0x01, 0xC7, 0x01, 0x45, 0x29, 0x84, 0x0A, 0x49, 0x02, 0x2A, 0x01, 0xA8, 0x09, 0xC7, 0x19, 0xE7,
    0x12, 0x08, 0x1B, 0x0B, 0x0A, 0x4A, 0x01, 0xEA, 0x02, 0x0A, 0x01, 0xC8, 0x09, 0xC7, 0x01, 0x26,
    0x01, 0x26, 0x01, 0x66, 0x01, 0xA8, 0x09, 0xC8, 0x32, 0x8A, 0x13, 0x4E, 0x01, 0x67, 0x18, 0xA1,
    0x6A, 0x41, 0x59, 0xC1, 0x42, 0x88, 0x02, 0xCF, 0x02, 0xCF, 0x02, 0xCE, 0x02, 0x2C, 0x01, 0xCA,
    0x01, 0x68, 0x02, 0x0B, 0x02, 0xCD, 0x02, 0x6C, 0x02, 0x6C, 0x02, 0x2B, 0x02, 0x8C, 0x02, 0x4B,
    0x02, 0xAC, 0x02, 0x6C, 0x02, 0x0B, 0x01, 0xEA, 0x02, 0x4B, 0x02, 0x8C, 0x02, 0x8C, 0x02, 0x6C,
    0x02, 0x6D, 0x03, 0x0F, 0x03, 0x4F, 0x02, 0xCD, 0x02, 0xAC, 0x23, 0x0D, 0x7C, 0x0C, 0x52, 0xE8,
    0x09, 0x66, 0x11, 0xC7, 0x12, 0x8A, 0x0A, 0x8B, 0x2C, 0x31, 0x0B, 0xB0, 0x03, 0x0F, 0x03, 0x0F,
    0x03, 0x2F, 0x03, 0x70, 0x13, 0x8E, 0x12, 0xEC, 0x1A, 0x08, 0x31, 0xA5, 0x41, 0xC5, 0x11, 0x04,
    0x08, 0xA2, 0x08, 0x82, 0x00, 0x62, 0x11, 0x45, 0x5B, 0x49, 0x9C, 0x6B, 0x7C, 0x2D, 0x3B, 0x8E,
    0x22, 0x68, 0x2A, 0x48, 0x1A, 0x07, 0x2A, 0x89, 0x22, 0x69, 0x12, 0x28, 0x0A, 0x08, 0x11, 0xE8,
    0x0A, 0x08, 0x0A, 0x08, 0x09, 0x87, 0x00, 0xE4, 0x00, 0x41, 0x00, 0x82, 0x09, 0x04, 0x01, 0x04,
    0x00, 0xE5, 0x01, 0x67, 0x01, 0x87, 0x01, 0xA8, 0x0A, 0x8A, 0x0A, 0x4A, 0x01, 0xC9, 0x02, 0x6A,
    0x12, 0xAA, 0x02, 0x09, 0x01, 0xC9, 0x01, 0xC8, 0x01, 0x67, 0x01, 0x27, 0x01, 0x68, 0x01, 0xC9,
    0x01, 0xA8, 0x01, 0x46, 0x01, 0x05, 0x01, 0x06, 0x01, 0x26, 0x01, 0x26, 0x01, 0x46, 0x01, 0x46,
    0x01, 0x66, 0x01, 0xC7, 0x02, 0x09, 0x01, 0xC7, 0x09, 0xC7, 0x11, 0xA6, 0x19, 0xC6, 0x42, 0x66,
    0x31, 0xC4, 0x00, 0xC4, 0x01, 0x87, 0x01, 0x06, 0x00, 0xE5, 0x00, 0xC5, 0x01, 0x07, 0x02, 0x0B,
    0x01, 0xEB, 0x02, 0x0B, 0x01, 0xEA, 0x01, 0x89, 0x02, 0x4B, 0x02, 0xAC, 0x23, 0x0B, 0x43, 0x2A,
    0x32, 0x88, 0x22, 0x68, 0x09, 0xE8, 0x01, 0x67, 0x2B, 0x0C, 0x43, 0xEF, 0x0B, 0xAF, 0x01, 0xE9,
    0x01, 0x47, 0x02, 0x08, 0x01, 0x87, 0x01, 0x88, 0x0A, 0x09, 0x33, 0x0B, 0x5B, 0x8C, 0x63, 0xED,
    0x7C, 0x6E, 0x7C, 0x4D, 0x43, 0xCE, 0x02, 0x6B, 0x22, 0x8A, 0x74, 0x0D, 0x6C, 0x8F, 0x54, 0xB1,
    0x33, 0xCF, 0x42, 0xEA, 0x11, 0xC7, 0x01, 0xA8, 0x01, 0xA7, 0x11, 0x64, 0x31, 0xE5, 0x09, 0xE8,
    0x01, 0xA8, 0x09, 0xC8, 0x19, 0xE7, 0x12, 0x08, 0x0A, 0x8A, 0x02, 0x2A, 0x01, 0xCA, 0x01, 0xCA,
    0x01, 0x68, 0x01, 0x47, 0x01, 0x46, 0x01, 0x46, 0x01, 0x66, 0x01, 0x67, 0x01, 0xC9, 0x01, 0xC9,
    0x2A, 0xCB, 0x53, 0x6B, 0x09, 0x46, 0x00, 0x42, 0x29, 0x02, 0x41, 0x81, 0x39, 0x83, 0x2A, 0xAB,
    0x02, 0xCF, 0x02, 0x8D, 0x02, 0x0B, 0x01, 0xEA, 0x01, 0xCA, 0x02, 0x4C, 0x02, 0xCE, 0x02, 0x6C,
    0x03, 0x2E, 0x02, 0x6C, 0x02, 0x6C, 0x02, 0x6B, 0x02, 0x2B, 0x02, 0x6B, 0x02, 0x4B, 0x02, 0x4B,
    0x02, 0x4B, 0x02, 0x4C, 0x02, 0x4C, 0x02, 0x4C, 0x02, 0x6C, 0x02, 0x2C, 0x02, 0x8D, 0x03, 0x4F,
    0x03, 0x50, 0x02, 0x6D, 0x0A, 0xED, 0x0A, 0xEC, 0x01, 0x87, 0x09, 0x66, 0x1A, 0x49, 0x02, 0x08,
    0x13, 0x0D, 0x13, 0xF0, 0x02, 0xEE, 0x03, 0x4F, 0x03, 0x2F, 0x03, 0x90, 0x03, 0x0E, 0x02, 0xAC,
    0x0A, 0xCC, 0x09, 0xA7, 0x11, 0x25, 0x19, 0x45, 0x19, 0x04, 0x08, 0xA3, 0x00, 0x82, 0x00, 0x83,
    0x4A, 0x45, 0xC4, 0xA7, 0x33, 0x0B, 0x02, 0xED, 0x3A, 0xE9, 0x21, 0xC6, 0x11, 0x65, 0x1A, 0x07,
    0x11, 0xE7, 0x01, 0xA7, 0x01, 0xC7, 0x01, 0x66, 0x01, 0x46, 0x01, 0x66, 0x01, 0x66, 0x00, 0xC3,
    0x00, 0x21, 0x00, 0x41, 0x00, 0xA3, 0x00, 0xC4, 0x01, 0x05, 0x01, 0x66, 0x01, 0x67, 0x01, 0x67,
    0x01, 0xC9, 0x0A, 0x6A, 0x01, 0xC8, 0x01, 0x67, 0x01, 0xE9, 0x01, 0xC8, 0x01, 0xC8, 0x01, 0xA7,
    0x01, 0x06, 0x01, 0x47, 0x01, 0x47, 0x01, 0x67, 0x01, 0x67, 0x01, 0x67, 0x01, 0x27, 0x00, 0xE6,
    0x01, 0x06, 0x00, 0xE6, 0x01, 0x67, 0x01, 0x67, 0x01, 0x06, 0x01, 0x87, 0x02, 0x29, 0x01, 0xE8,
    0x02, 0x09, 0x09, 0xE7, 0x11, 0xC6, 0x3A, 0x66, 0x32, 0x05, 0x00, 0xE4, 0x01, 0x46, 0x00, 0xE5,
    0x00, 0xC5, 0x00, 0xE5, 0x01, 0x28, 0x01, 0xCA, 0x02, 0x0B, 0x01, 0xEA, 0x01, 0xCA, 0x01, 0xCA,
    0x02, 0x6B, 0x12, 0xCC, 0x2B, 0x2C, 0x4B, 0x2A, 0x3A, 0xA8, 0x22, 0x68, 0x09, 0xE8, 0x01, 0x88,
    0x2B, 0x6D, 0x43, 0xCF, 0x13, 0xD0, 0x02, 0x6B, 0x01, 0x27, 0x01, 0xC8, 0x01, 0xA8, 0x01, 0x67,
    0x11, 0xE8, 0x42, 0xEA, 0x53, 0x8C, 0x53, 0xEE, 0x74, 0x2E, 0x64, 0x0E, 0x3B, 0x6D, 0x02, 0xAC,
    0x02, 0x8C, 0x3B, 0xCE, 0x64, 0x2E, 0x54, 0x71, 0x2B, 0xAE, 0x53, 0x09, 0x21, 0xE8, 0x02, 0x0A,
    0x01, 0xC8, 0x21, 0x84, 0x2A, 0x06, 0x01, 0xE8, 0x01, 0x87, 0x11, 0xE7, 0x22, 0x07, 0x1A, 0x89,
    0x0A, 0x8A, 0x01, 0xC9, 0x01, 0xA9, 0x01, 0xA9, 0x01, 0x27, 0x01, 0x46, 0x01, 0x66, 0x01, 0x05,
    0x01, 0x05, 0x01, 0x26, 0x01, 0x88, 0x01, 0xA8, 0x22, 0xCB, 0x42, 0xA9, 0x08, 0xC3, 0x00, 0x42,
    0x18, 0xE3, 0x49, 0xE2, 0x39, 0x21, 0x42, 0x69, 0x03, 0x0F, 0x02, 0x6D, 0x01, 0xCA, 0x02, 0x0A,
    0x02, 0x8C, 0x02, 0xCE, 0x02, 0xEE, 0x02, 0x2B, 0x02, 0x8C, 0x02, 0xCD, 0x02, 0x8C, 0x02, 0x0A,
    0x02, 0x0A, 0x02, 0x0A, 0x01, 0xC9, 0x01, 0xA9, 0x02, 0x2B, 0x02, 0x2B, 0x02, 0x0B, 0x02, 0x4B,
    0x02, 0x6C, 0x02, 0x4B, 0x01, 0xEA, 0x01, 0xEB, 0x03, 0x2F, 0x03, 0x91, 0x02, 0xAD, 0x02, 0xED,
    0x02, 0x4B, 0x09, 0x67, 0x11, 0xE8, 0x1A, 0x69, 0x02, 0x29, 0x13, 0x6E, 0x13, 0x2E, 0x03, 0x0E,
    0x03, 0x90, 0x03, 0x2E, 0x02, 0xEE, 0x02, 0xCC, 0x02, 0xAC, 0x02, 0xEC, 0x02, 0x09, 0x09, 0x25,
    0x11, 0x45, 0x10, 0xE4, 0x08, 0xA2, 0x10, 0xC3, 0x00, 0xA3, 0x29, 0x84, 0x19, 0xA5, 0x42, 0x88,
    0x22, 0x27, 0x11, 0xE7, 0x11, 0x86, 0x09, 0x65, 0x01, 0x24, 0x01, 0x05, 0x01, 0x25, 0x01, 0x25,
    0x01, 0x05, 0x09, 0x45, 0x11, 0xA6, 0x00, 0xE3, 0x00, 0x83, 0x00, 0xC4, 0x01, 0x05, 0x01, 0x26,
    0x01, 0x26, 0x01, 0x67, 0x01, 0x87, 0x01, 0xA8, 0x01, 0x88, 0x01, 0x88, 0x01, 0x88, 0x01, 0x68,
    0x01, 0xC8, 0x01, 0x88, 0x01, 0xA8, 0x01, 0x87, 0x01, 0x27, 0x01, 0x67, 0x01, 0x67, 0x01, 0x67,
    0x01, 0x47, 0x01, 0xA9, 0x01, 0xC9, 0x01, 0x48, 0x01, 0x07, 0x01, 0x27, 0x01, 0x68, 0x01, 0x88,
    0x01, 0x27, 0x01, 0x06, 0x01, 0x67, 0x01, 0x88, 0x01, 0xE9, 0x01, 0xC7, 0x01, 0x86, 0x19, 0xE6,
    0x19, 0x44, 0x00, 0xA3, 0x00, 0xC5, 0x01, 0x06, 0x01, 0x05, 0x00, 0xC5, 0x01, 0x68, 0x01, 0x89,
    0x01, 0xEB, 0x01, 0xEA, 0x01, 0xC9, 0x01, 0xAA, 0x0A, 0x8B, 0x22, 0xCB, 0x33, 0x4C, 0x43, 0x29,
    0x3A, 0xA8, 0x32, 0xA9, 0x01, 0xA7, 0x01, 0xA9, 0x43, 0x8E, 0x33, 0xCF, 0x03, 0xB0, 0x02, 0xAC,
    0x01, 0x06, 0x01, 0x06, 0x01, 0xC8, 0x01, 0xA8, 0x01, 0xA9, 0x32, 0xEB, 0x43, 0x4C, 0x43, 0xCE,
    0x5C, 0x2F, 0x4B, 0xEF, 0x2B, 0x4D, 0x02, 0xED, 0x03, 0x0D, 0x5C, 0x0E, 0x5C, 0x4F, 0x44, 0x91,
    0x2B, 0xCF, 0x1A, 0x69, 0x01, 0xE9, 0x02, 0x6B, 0x01, 0xA7, 0x31, 0xE5, 0x22, 0x48, 0x01, 0xC8,
    0x01, 0xC8, 0x11, 0xE7, 0x2A, 0x27, 0x2A, 0x68, 0x02, 0x2A, 0x02, 0x2A, 0x01, 0x88, 0x01, 0x67,
    0x01, 0x47, 0x12, 0x08, 0x09, 0x45, 0x01, 0x05, 0x00, 0xE5, 0x00, 0xE5, 0x01, 0x88, 0x01, 0xC8,
    0x4A, 0xC9, 0x22, 0x08, 0x21, 0x03, 0x08, 0x82, 0x29, 0x63, 0x62, 0x22, 0x21, 0x65, 0x0A, 0xCC,
    0x02, 0xCE, 0x02, 0x2C, 0x01, 0xEA, 0x02, 0x8C, 0x02, 0xCE, 0x02, 0xEE, 0x02, 0xCE, 0x02, 0x4B,
    0x01, 0xEA, 0x02, 0xCD, 0x02, 0xCD, 0x01, 0xCA, 0x02, 0x2B, 0x02, 0x0A, 0x01, 0xC9, 0x01, 0xA9,
    0x02, 0x2A, 0x02, 0x4C, 0x02, 0x6C, 0x02, 0x6C, 0x02, 0x2B, 0x02, 0x6B, 0x22, 0xCB, 0x01, 0xEA,
    0x02, 0x0C, 0x03, 0x91, 0x03, 0x90, 0x02, 0x4B, 0x02, 0x8C, 0x02, 0x2B, 0x01, 0x87, 0x11, 0xE8,
    0x12, 0x69, 0x12, 0xAB, 0x23, 0x8E, 0x02, 0xAD, 0x03, 0x2F, 0x03, 0x2F, 0x02, 0x8D, 0x02, 0xAD,
    0x02, 0x6C, 0x02, 0xED, 0x0B, 0x4E, 0x0A, 0x4A, 0x09, 0xA7, 0x11, 0x86, 0x08, 0xE4, 0x08, 0x82,
    0x00, 0x62, 0x00, 0x62, 0x00, 0x82, 0x19, 0x04, 0x09, 0x86, 0x12, 0x07, 0x1A, 0x07, 0x09, 0x65,
    0x01, 0x04, 0x01, 0x04, 0x01, 0x04, 0x09, 0x44, 0x21, 0x44, 0x08, 0xE4, 0x00, 0xA3, 0x00, 0xA4,
    0x00, 0xC5, 0x01, 0x26, 0x01, 0x87, 0x01, 0x87, 0x01, 0x87, 0x01, 0x67, 0x01, 0x88, 0x01, 0x67,
    0x01, 0x88, 0x01, 0x67, 0x01, 0x47, 0x01, 0x68, 0x01, 0x47, 0x01, 0x27, 0x01, 0x47, 0x01, 0x47,
    0x01, 0x47, 0x01, 0x27, 0x01, 0x47, 0x01, 0x68, 0x01, 0x68, 0x01, 0x88, 0x01, 0xA8, 0x01, 0x67,
    0x01, 0x47, 0x01, 0x48, 0x01, 0x88, 0x01, 0x88, 0x01, 0x67, 0x01, 0x27, 0x01, 0x47, 0x01, 0x88,
    0x01, 0xC8, 0x02, 0x08, 0x01, 0x66, 0x11, 0xA6, 0x11, 0x44, 0x00, 0xA3, 0x00, 0xA5, 0x01, 0x67,
    0x01, 0x05, 0x00, 0x84, 0x01, 0x48, 0x01, 0xCA, 0x01, 0xEB, 0x01, 0xCA, 0x01, 0xAA, 0x01, 0xEA,
    0x0A, 0xCC, 0x1B, 0x0C, 0x1B, 0x0B, 0x43, 0x09, 0x42, 0xC8, 0x2A, 0x88, 0x09, 0xC7, 0x0A, 0x2A,
    0x3C, 0x0F, 0x64, 0x0E, 0x23, 0xF0, 0x02, 0x0A, 0x01, 0x06, 0x01, 0x46, 0x02, 0x09, 0x02, 0x4A,
    0x01, 0xE9, 0x63, 0x4A, 0x53, 0x6C, 0x3B, 0x8E, 0x2C, 0x11, 0x03, 0xB0, 0x02, 0xED, 0x03, 0x0D,
    0x02, 0xED, 0x2B, 0xAF, 0x5C, 0x4F, 0x54, 0x51, 0x64, 0x70, 0x3A, 0xCA, 0x02, 0x2A, 0x02, 0x4A,
    0x09, 0x86, 0x3A, 0x46, 0x12, 0x28, 0x01, 0xEA, 0x0A, 0x08, 0x19, 0xE7, 0x22, 0x68, 0x22, 0x89,
    0x02, 0x0A, 0x02, 0x0A, 0x01, 0x68, 0x01, 0x46, 0x11, 0xE8, 0x1A, 0x08, 0x01, 0x05, 0x01, 0x26,
    0x01, 0x26, 0x01, 0x47, 0x01, 0xA8, 0x01, 0xA8, 0x22, 0x49, 0x29, 0xC6, 0x28, 0xE2, 0x19, 0x24,
    0x52, 0x64, 0x62, 0x22, 0x12, 0x29, 0x03, 0x0F, 0x02, 0x8E, 0x01, 0xEB, 0x02, 0x0B, 0x02, 0xEE,
    0x03, 0x0F, 0x02, 0x8D, 0x02, 0x0B, 0x02, 0x4B, 0x02, 0x8B, 0x02, 0xCC, 0x02, 0xCD, 0x02, 0x4C,
    0x02, 0x6C, 0x02, 0x2A, 0x02, 0x0A, 0x01, 0xE9, 0x02, 0x0A, 0x02, 0x4B, 0x02, 0x6C, 0x02, 0x2C,
    0x02, 0x2B, 0x02, 0x2B, 0x0A, 0x6B, 0x0A, 0xAC, 0x02, 0x6C, 0x02, 0xAE, 0x03, 0x71, 0x02, 0xAD,
    0x02, 0x2B, 0x03, 0x2E, 0x12, 0x4A, 0x19, 0x87, 0x12, 0x08, 0x12, 0x29, 0x0A, 0xCB, 0x0B, 0x0D,
    0x02, 0x8C, 0x02, 0xEE, 0x02, 0xEE, 0x02, 0xCD, 0x02, 0x8D, 0x02, 0x6C, 0x03, 0x0D, 0x0A, 0xED,
    0x0A, 0xEC, 0x0A, 0x6A, 0x22, 0x48, 0x11, 0x86, 0x00, 0xC3, 0x00, 0xA3, 0x00, 0xA3, 0x00, 0x83,
    0x09, 0x66, 0x09, 0x86, 0x11, 0xC7, 0x09, 0x65, 0x01, 0x25, 0x11, 0x66, 0x19, 0xC7, 0x19, 0xC6,
    0x19, 0x65, 0x09, 0x25, 0x00, 0xC4, 0x00, 0xA4, 0x00, 0xE5, 0x01, 0x46, 0x01, 0x87, 0x01, 0x87,
    0x01, 0x67, 0x01, 0x47, 0x01, 0x67, 0x01, 0x68, 0x01, 0x47, 0x01, 0x67, 0x01, 0x67, 0x01, 0x88,
    0x01, 0x47, 0x01, 0x27, 0x01, 0x07, 0x01, 0x06, 0x01, 0x07, 0x01, 0x06, 0x01, 0x27, 0x01, 0x88,
    0x01, 0x67, 0x01, 0x68, 0x01, 0x88, 0x01, 0x88, 0x01, 0x47, 0x01, 0x27, 0x01, 0x47, 0x01, 0x47,
    0x01, 0x87, 0x01, 0x87, 0x01, 0x67, 0x01, 0xA7, 0x12, 0x08, 0x12, 0x48, 0x01, 0xC7, 0x11, 0x65,
    0x11, 0x23, 0x00, 0xA3, 0x00, 0xE5, 0x01, 0xA7, 0x01, 0x05, 0x00, 0x84, 0x01, 0x07, 0x01, 0xA9,
    0x01, 0xCA, 0x01, 0xCA, 0x01, 0xEB, 0x02, 0x2B, 0x03, 0x0C, 0x1B, 0x4D, 0x12, 0xCB, 0x32, 0x88,
    0x42, 0xE8, 0x22, 0x48, 0x09, 0xA7, 0x22, 0x8A, 0x53, 0xCD, 0x6B, 0xCC, 0x43, 0xCE, 0x02, 0x0A,
    0x00, 0xE5, 0x01, 0x66, 0x01, 0xE9, 0x0A, 0x4A, 0x01, 0xC8, 0x52, 0xE9, 0x53, 0xAD, 0x1B, 0x8F,
    0x13, 0xD0, 0x1C, 0x11, 0x03, 0x90, 0x0B, 0x4F, 0x03, 0x2E, 0x13, 0xD0, 0x5C, 0x2F, 0x64, 0x70,
    0x74, 0xAF, 0x6B, 0x8B, 0x0A, 0xCC, 0x02, 0x09, 0x29, 0xC5, 0x32, 0x05, 0x01, 0xC8, 0x02, 0x4A,
    0x12, 0x08, 0x19, 0xE7, 0x22, 0x88, 0x12, 0x49, 0x02, 0x0A, 0x01, 0xC9, 0x01, 0x88, 0x11, 0xE7,
    0x22, 0x27, 0x01, 0x66, 0x01, 0x26, 0x01, 0x05, 0x01, 0x27, 0x01, 0xE9, 0x01, 0xA7, 0x01, 0x67,
    0x01, 0xE9, 0x08, 0xE4, 0x00, 0x22, 0x08, 0xE4, 0x52, 0xA6, 0xB3, 0xC4, 0x2A, 0x48, 0x02, 0xCF,
    0x02, 0x8E, 0x01, 0xEA, 0x02, 0x4B, 0x02, 0xCD, 0x02, 0x6C, 0x02, 0x0B, 0x01, 0xAA, 0x02, 0x2B,
    0x02, 0x8C, 0x02, 0x6B, 0x02, 0x2B, 0x02, 0x2B, 0x02, 0x0A, 0x02, 0x2B, 0x02, 0x2B, 0x02, 0x0A,
    0x02, 0x0A, 0x02, 0x0B, 0x02, 0x2B, 0x02, 0xAD, 0x02, 0x8C, 0x02, 0x4B, 0x02, 0x2B, 0x02, 0x6B,
    0x02, 0x8C, 0x02, 0x4C, 0x02, 0x8E, 0x03, 0x50, 0x02, 0xAD, 0x0A, 0xAC, 0x2B, 0x2D, 0x12, 0x49,
    0x19, 0xE8, 0x1A, 0x08, 0x0A, 0x6A, 0x02, 0xCC, 0x0B, 0x2E, 0x02, 0xAD, 0x02, 0x8C, 0x02, 0xCD,
    0x02, 0x4C, 0x02, 0x2B, 0x02, 0x6B, 0x02, 0x6C, 0x02, 0xED, 0x0B, 0x0D, 0x13, 0x0C, 0x13, 0x0C,
    0x0A, 0x6A, 0x0A, 0x09, 0x1A, 0x08, 0x11, 0x86, 0x01, 0x65, 0x01, 0x46, 0x11, 0xE7, 0x11, 0xA6,
    0x01, 0x25, 0x09, 0x45, 0x09, 0x46, 0x01, 0x87, 0x01, 0xA7, 0x01, 0x66, 0x01, 0x05, 0x00, 0xE5,
    0x01, 0x06, 0x01, 0x46, 0x01, 0x47, 0x01, 0x47, 0x01, 0x47, 0x01, 0x47, 0x01, 0x88, 0x01, 0x88,
    0x01, 0x68, 0x01, 0x88, 0x01, 0x88, 0x01, 0x47, 0x01, 0x47, 0x01, 0x67, 0x01, 0x47, 0x01, 0x06,
    0x01, 0x07, 0x01, 0x27, 0x01, 0x47, 0x01, 0x67, 0x01, 0x47, 0x01, 0x47, 0x01, 0x67, 0x01, 0x47,
    0x01, 0x47, 0x01, 0x27, 0x01, 0x46, 0x01, 0x46, 0x09, 0x65, 0x09, 0x86, 0x09, 0xC7, 0x09, 0xE8,
    0x22, 0x08, 0x1A, 0x08, 0x01, 0xC7, 0x11, 0x85, 0x11, 0x04, 0x00, 0x83, 0x00, 0xA4, 0x01, 0x05,
    0x00, 0xA4, 0x00, 0x84, 0x01, 0x27, 0x01, 0x69, 0x01, 0xAA, 0x01, 0xCB, 0x02, 0x0B, 0x02, 0x8C,
    0x0B, 0x2D, 0x1B, 0x6D, 0x2B, 0x4C, 0x3A, 0xC8, 0x42, 0xC8, 0x19, 0xC6, 0x00, 0xE5, 0x22, 0x29,
    0x7B, 0x89, 0x83, 0x88, 0x5B, 0xAB, 0x02, 0x2A, 0x00, 0xC5, 0x01, 0x46, 0x01, 0x06, 0x01, 0xA8,
    0x01, 0x88, 0x2A, 0x69, 0x43, 0xAD, 0x33, 0x8E, 0x13, 0x0D, 0x03, 0x2F, 0x35, 0x14, 0x24, 0x30,
    0x03, 0x2E, 0x2C, 0x30, 0x5C, 0x2F, 0x5C, 0x70, 0x44, 0x0F, 0x3B, 0x6D, 0x1B, 0x2C, 0x01, 0xE8,
    0x4A, 0x24, 0x32, 0x05, 0x02, 0x08, 0x1A, 0x89, 0x11, 0xE7, 0x19, 0xE7, 0x12, 0x28, 0x02, 0x0A,
    0x01, 0xE9, 0x01, 0x67, 0x11, 0xE8, 0x21, 0xE7, 0x11, 0x85, 0x01, 0x46, 0x01, 0x87, 0x01, 0x26,
    0x01, 0xC9, 0x02, 0x2A, 0x01, 0x67, 0x01, 0xC9, 0x01, 0xC9, 0x00, 0x83, 0x00, 0x01, 0x00, 0x84,
    0x01, 0xE9, 0x4B, 0x09, 0x32, 0xEB, 0x03, 0x0E, 0x02, 0xEE, 0x02, 0x4C, 0x02, 0x6C, 0x02, 0x8C,
    0x02, 0x2B, 0x02, 0x2B, 0x02, 0xAC, 0x02, 0xED, 0x02, 0xAC, 0x02, 0x2B, 0x02, 0x0A, 0x01, 0xC9,
    0x01, 0x88, 0x01, 0xC9, 0x02, 0x0A, 0x02, 0x0A, 0x02, 0x2B, 0x02, 0x2B, 0x01, 0xEB, 0x02, 0x6C,
    0x02, 0xED, 0x02, 0x8C, 0x02, 0x4C, 0x02, 0x4B, 0x02, 0x6C, 0x02, 0x4C, 0x01, 0xEB, 0x02, 0xAE,
    0x13, 0x2E, 0x12, 0x8C, 0x12, 0xCC, 0x3B, 0x6D, 0x1A, 0x8B, 0x19, 0xC7, 0x12, 0x08, 0x0A, 0x4A,
    0x0B, 0x6E, 0x13, 0x8F, 0x1B, 0xD0, 0x0B, 0x4E, 0x02, 0x6C, 0x02, 0x6C, 0x02, 0x6C, 0x02, 0x2B,
    0x02, 0xAD, 0x03, 0x0E, 0x03, 0x2E, 0x02, 0xAD, 0x0B, 0x6F, 0x0B, 0x4E, 0x02, 0xCC, 0x13, 0x2D,
    0x22, 0x06, 0x11, 0xA6, 0x21, 0xC6, 0x19, 0xA5, 0x09, 0x86, 0x01, 0x05, 0x01, 0x05, 0x01, 0x46,
    0x01, 0x66, 0x01, 0x06, 0x01, 0x46, 0x01, 0x05, 0x01, 0x26, 0x01, 0x46, 0x01, 0x47, 0x01, 0xA9,
    0x01, 0xA8, 0x01, 0x68, 0x01, 0xC9, 0x02, 0x0A, 0x01, 0xA9, 0x01, 0x47, 0x01, 0x67, 0x01, 0x47,
    0x01, 0x26, 0x01, 0x06, 0x01, 0x27, 0x01, 0x27, 0x01, 0x07, 0x01, 0x47, 0x01, 0x47, 0x01, 0x27,
    0x01, 0x47, 0x01, 0x88, 0x01, 0xA8, 0x01, 0xA8, 0x01, 0xA8, 0x01, 0xA8, 0x01, 0x67, 0x09, 0xA6,
    0x11, 0x86, 0x11, 0x86, 0x09, 0xA6, 0x09, 0xE8, 0x12, 0xEB, 0x1A, 0xEA, 0x12, 0x28, 0x19, 0xA5,
    0x09, 0x03, 0x00, 0x83, 0x00, 0xA4, 0x00, 0x64, 0x00, 0x63, 0x08, 0xC4, 0x01, 0x27, 0x01, 0x89,
    0x01, 0xCA, 0x01, 0xEB, 0x02, 0x0B, 0x02, 0x8C, 0x0B, 0x2D, 0x23, 0x6D, 0x33, 0x0B, 0x4B, 0x09,
    0x42, 0xC8, 0x19, 0xE7, 0x00, 0xC5, 0x1A, 0x08, 0x63, 0xED, 0x73, 0xEC, 0x53, 0xCD, 0x02, 0x6A,
    0x01, 0x27, 0x01, 0x87, 0x00, 0xE5, 0x01, 0x67, 0x01, 0xA8, 0x22, 0x49, 0x43, 0xAE, 0x13, 0x2D,
    0x23, 0x2D, 0x12, 0x8C, 0x0A, 0xCC, 0x02, 0xED, 0x0B, 0x4E, 0x43, 0xEF, 0x7C, 0x6F, 0x64, 0xB1,
    0x2C, 0x10, 0x0B, 0x2D, 0x02, 0x8B, 0x19, 0xC6, 0x5A, 0x84, 0x2A, 0x47, 0x2A, 0x68, 0x2A, 0x88,
    0x1A, 0x07, 0x2A, 0x48, 0x0A, 0x4A, 0x02, 0x09, 0x01, 0x88, 0x01, 0xA8, 0x2A, 0xA9, 0x19, 0xE6,
    0x01, 0x25, 0x01, 0x87, 0x01, 0x88, 0x01, 0xC9, 0x02, 0x2A, 0x01, 0x47, 0x21, 0xA7, 0x22, 0xCB,
    0x01, 0xA8, 0x00, 0x42, 0x08, 0x41, 0x00, 0xE5, 0x02, 0x6B, 0x02, 0xEE, 0x03, 0x2F, 0x02, 0xED,
    0x2A, 0xCC, 0x02, 0xAD, 0x02, 0x8D, 0x02, 0x8C, 0x02, 0xCD, 0x02, 0xED, 0x02, 0xCC, 0x02, 0xCC,
    0x02, 0x4B, 0x02, 0x2A, 0x02, 0x0A, 0x01, 0xC9, 0x01, 0xC8, 0x01, 0xC8, 0x01, 0xE9, 0x02, 0x0A,
    0x02, 0x4B, 0x02, 0x4B, 0x02, 0x0B, 0x02, 0x0B, 0x02, 0x4B, 0x02, 0xEE, 0x03, 0x0E, 0x02, 0x2B,
    0x02, 0x0B, 0x02, 0x6C, 0x02, 0x4C, 0x02, 0x0B, 0x1A, 0xCD, 0x13, 0x2E, 0x02, 0x6D, 0x12, 0xAB,
    0x0A, 0xED, 0x12, 0xCC, 0x01, 0x87, 0x09, 0x87, 0x12, 0xEB, 0x0B, 0x8F, 0x13, 0xD0, 0x13, 0xD0,
    0x0B, 0x8F, 0x03, 0x0E, 0x02, 0xAD, 0x02, 0x8D, 0x02, 0xCE, 0x02, 0xCE, 0x03, 0x2E, 0x02, 0xCD,
    0x02, 0xCD, 0x02, 0xEE, 0x02, 0x8C, 0x02, 0x8B, 0x19, 0xA5, 0x21, 0xA5, 0x21, 0xA5, 0x19, 0x85,
    0x19, 0xA6, 0x09, 0x86, 0x01, 0x87, 0x01, 0x66, 0x01, 0x46, 0x00, 0xE5, 0x01, 0x46, 0x01, 0x46,
    0x01, 0x46, 0x01, 0x67, 0x01, 0xC9, 0x02, 0x4A, 0x01, 0xE9, 0x01, 0xC9, 0x02, 0x4B, 0x02, 0x2A,
    0x01, 0xA9, 0x01, 0x67, 0x01, 0x47, 0x01, 0x47, 0x01, 0x06, 0x01, 0x06, 0x01, 0x27, 0x01, 0x27,
    0x01, 0x27, 0x01, 0x07, 0x01, 0x06, 0x01, 0x06, 0x01, 0x06, 0x01, 0x67, 0x01, 0xA8, 0x01, 0xA9,
    0x02, 0x09, 0x01, 0xE9, 0x01, 0x87, 0x01, 0x86, 0x01, 0x66, 0x09, 0xA6, 0x09, 0xA6, 0x09, 0xC7,
    0x0A, 0x49, 0x02, 0x49, 0x12, 0x28, 0x19, 0xA5, 0x08, 0xE3, 0x00, 0x82, 0x00, 0x83, 0x00, 0xA4,
    0x00, 0x63, 0x00, 0xA4, 0x01, 0x47, 0x01, 0xC9, 0x01, 0xCA, 0x01, 0xEB, 0x01, 0xEB, 0x02, 0xAC,
    0x23, 0x0B, 0x2B, 0x2B, 0x33, 0x2B, 0x53, 0x29, 0x42, 0xA8, 0x22, 0x27, 0x01, 0x26, 0x09, 0xC8,
    0x4B, 0xCE, 0x4B, 0xCE, 0x4B, 0xAD, 0x1A, 0x6A, 0x01, 0x47, 0x09, 0xC8, 0x01, 0x87, 0x01, 0x47,
    0x01, 0xC8, 0x12, 0x4A, 0x33, 0x4D, 0x0B, 0x4E, 0x1B, 0x6E, 0x33, 0x2C, 0x01, 0xA9, 0x02, 0x6C,
    0x03, 0xAF, 0x33, 0xEF, 0x6C, 0xB1, 0x64, 0xD1, 0x53, 0xCD, 0x12, 0xEC, 0x02, 0x09, 0x32, 0x25,
    0x6B, 0x25, 0x22, 0x88, 0x4A, 0xE8, 0x32, 0xA9, 0x1A, 0x27, 0x2A, 0xA9, 0x02, 0xAB, 0x01, 0xC9,
    0x01, 0x67, 0x09, 0xE7, 0x2A, 0x88, 0x09, 0x85, 0x01, 0x25, 0x01, 0x26, 0x01, 0x88, 0x02, 0x8B,
    0x01, 0xA8, 0x01, 0x06, 0x19, 0xC7, 0x3A, 0x48, 0x01, 0x26, 0x00, 0x22, 0x08, 0x62, 0x11, 0xA8,
    0x0A, 0xAD, 0x03, 0x0F, 0x03, 0x71, 0x02, 0xCF, 0x0A, 0xAD, 0x02, 0xAD, 0x02, 0xAD, 0x02, 0x6C,
    0x02, 0x8C, 0x02, 0x6C, 0x02, 0x0A, 0x02, 0x0A, 0x02, 0x0B, 0x02, 0x0A, 0x02, 0x0A, 0x01, 0xA8,
    0x01, 0xE9, 0x01, 0xC8, 0x01, 0xC9, 0x01, 0xE9, 0x01, 0xC9, 0x02, 0x0A, 0x01, 0xEA, 0x02, 0x0A,
    0x02, 0x0A, 0x02, 0x4B, 0x02, 0xCD, 0x02, 0x8C, 0x02, 0x4B, 0x02, 0x0A, 0x02, 0x4B, 0x02, 0x4B,
    0x02, 0x2B, 0x02, 0xAD, 0x02, 0xCD, 0x02, 0x8D, 0x02, 0x4B, 0x02, 0xED, 0x02, 0xCC, 0x01, 0xC8,
    0x11, 0xE8, 0x13, 0x0C, 0x03, 0x6E, 0x0B, 0x8F, 0x1B, 0xD0, 0x13, 0x8F, 0x0B, 0x0E, 0x02, 0xCE,
    0x02, 0xCE, 0x03, 0x0E, 0x03, 0x0E, 0x02, 0xAD, 0x02, 0x0B, 0x02, 0x2B, 0x02, 0x6B, 0x02, 0x0A,
    0x21, 0xE6, 0x29, 0xC6, 0x21, 0xA5, 0x19, 0xA5, 0x19, 0xA6, 0x09, 0x86, 0x11, 0xC7, 0x09, 0xA6,
    0x01, 0x45, 0x01, 0x46, 0x01, 0x86, 0x01, 0x46, 0x01, 0x67, 0x01, 0xC9, 0x02, 0x4B, 0x02, 0x6B,
    0x02, 0x4B, 0x02, 0x4C, 0x02, 0x6B, 0x02, 0x4B, 0x01, 0xA9, 0x01, 0x68, 0x01, 0x68, 0x01, 0x68,
    0x01, 0x27, 0x01, 0x26, 0x01, 0x47, 0x01, 0x47, 0x01, 0x27, 0x01, 0x07, 0x01, 0x27, 0x01, 0x47,
    0x01, 0x48, 0x01, 0x47, 0x01, 0x47, 0x01, 0x88, 0x01, 0xE9, 0x02, 0x09, 0x02, 0x09, 0x09, 0xC7,
    0x09, 0x66, 0x09, 0x45, 0x19, 0x85, 0x19, 0xC6, 0x11, 0xC7, 0x02, 0x08, 0x12, 0x28, 0x19, 0xA5,
    0x11, 0x03, 0x00, 0x82, 0x00, 0x62, 0x00, 0x83, 0x00, 0x63, 0x00, 0xC5, 0x01, 0x89, 0x01, 0xCA,
    0x02, 0x0B, 0x01, 0xAA, 0x01, 0xAA, 0x12, 0xEC, 0x33, 0x4B, 0x2A, 0xEA, 0x33, 0x0A, 0x4B, 0x09,
    0x4A, 0xE8, 0x32, 0x47, 0x11, 0xA6, 0x21, 0xE7, 0x2B, 0x4D, 0x63, 0xEE, 0x5B, 0x8C, 0x1A, 0x29,
    0x01, 0x46, 0x01, 0x87, 0x01, 0xC8, 0x01, 0x67, 0x01, 0xA8, 0x02, 0x4A, 0x12, 0xEC, 0x23, 0x2D,
    0x33, 0xEF, 0x33, 0xAE, 0x0A, 0xAC, 0x02, 0x2A, 0x0B, 0x2D, 0x5B, 0xCE, 0x64, 0x70, 0x4C, 0x70,
    0x5B, 0x2A, 0x0A, 0x6A, 0x01, 0xE8, 0x5A, 0xA4, 0x63, 0x47, 0x2A, 0xA9, 0x5B, 0x07, 0x32, 0xCA,
    0x2A, 0x47, 0x22, 0x48, 0x02, 0x6B, 0x01, 0xA8, 0x01, 0x46, 0x11, 0xC7, 0x11, 0xC6, 0x01, 0x45,
    0x00, 0xC5, 0x01, 0x07, 0x02, 0x0A, 0x02, 0x09, 0x01, 0x46, 0x09, 0x86, 0x22, 0x08, 0x09, 0x86,
    0x08, 0xA3, 0x00, 0x41, 0x00, 0x83, 0x02, 0x0A, 0x03, 0x0F, 0x03, 0x30, 0x03, 0x71, 0x02, 0xCF,
    0x02, 0x8D, 0x02, 0x8C, 0x02, 0xCD, 0x02, 0xCD, 0x02, 0x4C, 0x02, 0x0B, 0x01, 0xEA, 0x02, 0x2A,
    0x02, 0x2B, 0x01, 0xEA, 0x01, 0xEA, 0x01, 0x88, 0x01, 0xE9, 0x01, 0xE9, 0x01, 0xC9, 0x02, 0x2A,
    0x01, 0xCA, 0x02, 0x0A, 0x01, 0xCA, 0x01, 0xEA, 0x02, 0x0A, 0x11, 0xE8, 0x02, 0x0A, 0x02, 0xAD,
    0x02, 0xCC, 0x01, 0xEA, 0x01, 0xEA, 0x02, 0x8D, 0x02, 0x4C, 0x02, 0x8C, 0x0A, 0xAC, 0x02, 0xEE,
    0x02, 0x6D, 0x01, 0xC9, 0x02, 0x0A, 0x0A, 0x6B, 0x01, 0xC9, 0x01, 0xA8, 0x0A, 0xAB, 0x0B, 0x2E,
    0x13, 0x8F, 0x13, 0x8F, 0x0A, 0xCC, 0x02, 0x6B, 0x0B, 0x0E, 0x03, 0x0D, 0x02, 0xAD, 0x02, 0x6B,
    0x02, 0x0A, 0x01, 0x88, 0x02, 0x2A, 0x02, 0x2A, 0x2A, 0x47, 0x32, 0x47, 0x32, 0x26, 0x3A, 0x26,
    0x32, 0x26, 0x22, 0x07, 0x11, 0xC6, 0x01, 0x86, 0x01, 0x66, 0x01, 0xA7, 0x01, 0xC7, 0x01, 0x88,
    0x01, 0xC9, 0x02, 0xAC, 0x02, 0xCC, 0x02, 0x8C, 0x02, 0xAD, 0x02, 0xED, 0x02, 0x8C, 0x02, 0x6C,
    0x01, 0xE9, 0x01, 0x88, 0x01, 0x47, 0x01, 0x27, 0x01, 0x47, 0x01, 0x47, 0x01, 0x47, 0x01, 0x48,
    0x01, 0x68, 0x01, 0x89, 0x02, 0x0B, 0x02, 0x4B, 0x02, 0x4B, 0x02, 0x0A, 0x01, 0x68, 0x01, 0x47,
    0x01, 0x87, 0x01, 0x67, 0x02, 0x08, 0x09, 0xE7, 0x11, 0x85, 0x19, 0x65, 0x21, 0x64, 0x09, 0x44,
    0x09, 0x66, 0x11, 0xC6, 0x2A, 0x47, 0x19, 0xA5, 0x19, 0x23, 0x08, 0xC2, 0x00, 0x82, 0x00, 0x63,
    0x00, 0x63, 0x00, 0xE6, 0x01, 0xA9, 0x01, 0xCA, 0x01, 0xEB, 0x01, 0xAA, 0x01, 0xAA, 0x12, 0x8A,
    0x33, 0x2B, 0x33, 0x2B, 0x3A, 0xEA, 0x53, 0x09, 0x4A, 0xE9, 0x42, 0x88, 0x11, 0xC6, 0x21, 0xC6,
    0x43, 0x0A, 0x5B, 0xCD, 0x4B, 0xAD, 0x09, 0xE8, 0x00, 0xE5, 0x01, 0xA7, 0x09, 0xC7, 0x01, 0x46,
    0x01, 0x68, 0x0A, 0x4B, 0x2B, 0x0C, 0x4B, 0x4C, 0x2B, 0x6E, 0x23, 0x8F, 0x0A, 0xCC, 0x01, 0xEA,
    0x0B, 0x0D, 0x53, 0x6C, 0x6C, 0x2F, 0x44, 0x91, 0x42, 0xEB, 0x02, 0x08, 0x09, 0xA6, 0x62, 0xA4,
    0x32, 0x87, 0x3A, 0xC8, 0x5A, 0xE6, 0x1A, 0x89, 0x2A, 0x27, 0x12, 0x29, 0x02, 0x8C, 0x01, 0x68,
    0x01, 0x66, 0x19, 0xE6, 0x09, 0x66, 0x01, 0x05, 0x00, 0xE5, 0x01, 0x68, 0x02, 0x0A, 0x01, 0x88,
    0x00, 0xE6, 0x4A, 0x88, 0x3A, 0xC9, 0x01, 0x46, 0x00, 0x42, 0x00, 0x21, 0x08, 0xE5, 0x02, 0x4B,
    0x03, 0x30, 0x03, 0x30, 0x02, 0xCF, 0x02, 0xAE, 0x02, 0xAD, 0x02, 0x4B, 0x02, 0xAD, 0x02, 0xED,
    0x02, 0x0B, 0x02, 0xCD, 0x02, 0x6B, 0x02, 0xAC, 0x02, 0x4B, 0x02, 0x2B, 0x02, 0x2B, 0x01, 0xC9,
    0x01, 0xC9, 0x02, 0x0A, 0x01, 0xC9, 0x01, 0xC9, 0x12, 0x08, 0x02, 0x09, 0x02, 0x2A, 0x01, 0xA9,
    0x02, 0x2A, 0x02, 0x09, 0x01, 0xC9, 0x02, 0x2B, 0x02, 0x8C, 0x02, 0x2B, 0x02, 0x2B, 0x02, 0x6C,
    0x02, 0xCE, 0x0A, 0xAD, 0x02, 0x4C, 0x02, 0x6C, 0x02, 0xEE, 0x02, 0xEE, 0x01, 0xA8, 0x01, 0x67,
    0x02, 0xAC, 0x02, 0x4B, 0x01, 0x88, 0x0A, 0x6A, 0x1B, 0x4D, 0x13, 0x2D, 0x0A, 0xEC, 0x02, 0xAB,
    0x0A, 0xCC, 0x02, 0xEC, 0x02, 0x8B, 0x02, 0x4B, 0x02, 0x4B, 0x02, 0x4A, 0x02, 0x8B, 0x02, 0x6B,
    0x12, 0x07, 0x32, 0x47, 0x2A, 0x27, 0x22, 0x27, 0x22, 0x48, 0x12, 0x08, 0x01, 0xA7, 0x01, 0x86,
    0x01, 0x66, 0x01, 0x67, 0x01, 0xA8, 0x02, 0x0A, 0x0A, 0xCD, 0x1B, 0x8E, 0x1B, 0x4D, 0x02, 0xCD,
    0x02, 0xAD, 0x02, 0xCD, 0x02, 0x4C, 0x02, 0x0A, 0x01, 0xA9, 0x01, 0x68, 0x01, 0x27, 0x01, 0x27,
    0x01, 0x27, 0x01, 0x48, 0x01, 0x88, 0x01, 0xC9, 0x02, 0x4C, 0x03, 0x2F, 0x03, 0x6F, 0x02, 0xAD,
    0x0A, 0xCD, 0x02, 0xAD, 0x02, 0x2B, 0x01, 0xA9, 0x01, 0x67, 0x01, 0x06, 0x01, 0x67, 0x02, 0xAA,
    0x09, 0xE7, 0x19, 0x44, 0x11, 0x44, 0x19, 0x85, 0x19, 0xA6, 0x19, 0x65, 0x19, 0x64, 0x19, 0x65,
    0x21, 0x64, 0x10, 0xC2, 0x00, 0x82, 0x00, 0x63, 0x00, 0x63, 0x00, 0xE6, 0x01, 0x89, 0x01, 0xAA,
    0x01, 0xAA, 0x01, 0xEB, 0x02, 0x0B, 0x12, 0x6A, 0x3B, 0x0A, 0x3B, 0x2B, 0x43, 0x2A, 0x53, 0x09,
    0x42, 0xC8, 0x4A, 0xC8, 0x21, 0xE7, 0x01, 0x26, 0x42, 0x67, 0x6B, 0xCB, 0x33, 0xAE, 0x0A, 0x29,
    0x00, 0xC5, 0x09, 0xC8, 0x01, 0x66, 0x01, 0x26, 0x01, 0x68, 0x12, 0x2A, 0x22, 0xEC, 0x12, 0xEC,
    0x23, 0x0C, 0x33, 0x6D, 0x12, 0x6A, 0x01, 0xA9, 0x12, 0xED, 0x1B, 0x8E, 0x34, 0x10, 0x4C, 0xD2,
    0x2B, 0x4D, 0x01, 0xC8, 0x09, 0x65, 0x42, 0x25, 0x1A, 0x07, 0x4A, 0xC6, 0x52, 0xC6, 0x02, 0xAA,
    0x12, 0x07, 0x0A, 0x09, 0x03, 0x0D, 0x01, 0x89, 0x01, 0xA7, 0x1A, 0x07, 0x09, 0x46, 0x01, 0x05,
    0x01, 0x67, 0x01, 0xC9, 0x02, 0xAC, 0x02, 0x6A, 0x01, 0x27, 0x4A, 0xEA, 0x32, 0xEB, 0x01, 0x47,
    0x00, 0x62, 0x00, 0x21, 0x01, 0x26, 0x02, 0xCD, 0x13, 0x6F, 0x03, 0x10, 0x02, 0x8E, 0x02, 0x8E,
    0x02, 0xAD, 0x02, 0x2B, 0x02, 0x6C, 0x02, 0x6C, 0x01, 0xCA, 0x02, 0x4A, 0x02, 0x0A, 0x02, 0x4B,
    0x02, 0x4B, 0x01, 0xEA, 0x02, 0x0A, 0x01, 0xE9, 0x01, 0xE9, 0x02, 0x4A, 0x01, 0xE9, 0x09, 0x88,
    0x52, 0x45, 0x11, 0xA7, 0x01, 0xC9, 0x01, 0xE9, 0x09, 0xE9, 0x01, 0xE9, 0x01, 0xA8, 0x01, 0xC8,
    0x01, 0xE9, 0x02, 0x2A, 0x02, 0x2B, 0x01, 0xEA, 0x0A, 0x4B, 0x1A, 0xED, 0x02, 0xCD, 0x02, 0x6C,
    0x02, 0x8D, 0x03, 0x0F, 0x02, 0xEE, 0x01, 0x68, 0x01, 0x26, 0x02, 0x8B, 0x02, 0x6B, 0x01, 0xE9,
    0x0A, 0x09, 0x12, 0x4A, 0x22, 0xAB, 0x1A, 0xAA, 0x1A, 0xCB, 0x0A, 0x8A, 0x12, 0x6A, 0x22, 0xCB,
    0x1B, 0x2D, 0x1B, 0x2D, 0x13, 0x2D, 0x1A, 0xCB, 0x02, 0x2A, 0x0A, 0x09, 0x09, 0xC7, 0x01, 0x86,
    0x09, 0xE8, 0x02, 0x29, 0x01, 0xC8, 0x01, 0x66, 0x01, 0x67, 0x2A, 0x28, 0x12, 0x4A, 0x02, 0xCD,
    0x23, 0x4E, 0x23, 0x8E, 0x13, 0x6E, 0x03, 0x2E, 0x03, 0x0E, 0x02, 0xCD, 0x02, 0x4B, 0x01, 0xA9,
    0x01, 0x88, 0x01, 0x68, 0x01, 0x47, 0x01, 0x27, 0x01, 0x48, 0x01, 0xEA, 0x02, 0x4B, 0x12, 0xAC,
    0x02, 0xAD, 0x03, 0x90, 0x0B, 0xF0, 0x02, 0xEE, 0x0A, 0xCD, 0x13, 0x0D, 0x23, 0x0D, 0x02, 0x8C,
    0x01, 0xE9, 0x01, 0x68, 0x01, 0x46, 0x02, 0x08, 0x02, 0x69, 0x11, 0x65, 0x11, 0x23, 0x19, 0xA5,
    0x21, 0xE6, 0x11, 0x44, 0x09, 0x24, 0x19, 0x64, 0x29, 0xC5, 0x11, 0x23, 0x00, 0x62, 0x00, 0x83,
    0x00, 0x83, 0x00, 0xC6, 0x01, 0x89, 0x01, 0xAA, 0x02, 0x0B, 0x02, 0x0B, 0x02, 0x0A, 0x02, 0x4A,
    0x32, 0xEA, 0x43, 0x4B, 0x3B, 0x0A, 0x53, 0x08, 0x4A, 0xE8, 0x4A, 0xC8, 0x21, 0xE7, 0x01, 0x26,
    0x09, 0xA8, 0x53, 0xAD, 0x43, 0xEE, 0x02, 0x8B, 0x01, 0x47, 0x01, 0xA8, 0x01, 0x87, 0x01, 0x26,
    0x01, 0xA8, 0x0A, 0x2A, 0x43, 0x2A, 0x53, 0x4A, 0x6B, 0x49, 0x73, 0x8A, 0x12, 0x08, 0x01, 0x48,
    0x0A, 0xCD, 0x33, 0xCF, 0x54, 0x2F, 0x54, 0xB1, 0x1B, 0x4D, 0x01, 0xC8, 0x11, 0x85, 0x21, 0xC5,
    0x19, 0xE6, 0x73, 0x24, 0x5A, 0xA5, 0x02, 0x6A, 0x0A, 0x08, 0x02, 0x2A, 0x03, 0x2E, 0x02, 0x0A,
    0x09, 0xC8, 0x11, 0xE7, 0x01, 0x05, 0x01, 0x25, 0x01, 0x88, 0x02, 0x0A, 0x02, 0xEC, 0x02, 0x4A,
    0x01, 0x68, 0x02, 0x0A, 0x09, 0xA8, 0x19, 0x45, 0x00, 0x62, 0x00, 0x21, 0x01, 0x05, 0x02, 0xEE,
    0x03, 0x30, 0x02, 0xCF, 0x02, 0xEF, 0x02, 0xAE, 0x02, 0x4C, 0x02, 0x6C, 0x02, 0xCD, 0x02, 0x0B,
    0x01, 0xEA, 0x01, 0xC9, 0x01, 0x68, 0x01, 0xA9, 0x02, 0x4B, 0x01, 0xE9, 0x01, 0xA8, 0x01, 0xA8,
    0x01, 0xE9, 0x0B, 0x2C, 0x0A, 0x8A, 0x01, 0xA8, 0x11, 0xE8, 0x01, 0xE8, 0x01, 0xA9, 0x01, 0x89,
    0x01, 0xA9, 0x02, 0x0A, 0x01, 0xE8, 0x01, 0x67, 0x01, 0x87, 0x09, 0xA8, 0x09, 0xE9, 0x01, 0xE9,
    0x01, 0x89, 0x0A, 0x4A, 0x02, 0xAD, 0x02, 0xAD, 0x02, 0x4C, 0x02, 0x2C, 0x02, 0x8D, 0x02, 0xAD,
    0x01, 0xA9, 0x01, 0xA9, 0x02, 0x8D, 0x02, 0xEE, 0x02, 0xEE, 0x02, 0x6C, 0x01, 0xE9, 0x09, 0xE9,
    0x22, 0x09, 0x11, 0xC7, 0x19, 0xC7, 0x1A, 0x28, 0x22, 0x89, 0x1A, 0xEB, 0x1A, 0xCB, 0x12, 0x29,
    0x02, 0x8B, 0x02, 0x8B, 0x01, 0xE8, 0x01, 0x46, 0x01, 0x67, 0x01, 0xC8, 0x01, 0xA8, 0x01, 0xC9,
    0x01, 0xEA, 0x1A, 0x8B, 0x1B, 0x2D, 0x03, 0x4E, 0x13, 0x6E, 0x03, 0x6F, 0x23, 0xAF, 0x23, 0xAF,
    0x03, 0x8F, 0x03, 0x0E, 0x02, 0x4B, 0x01, 0xA9, 0x01, 0x68, 0x01, 0x47, 0x01, 0x47, 0x01, 0x68,
    0x01, 0xA9, 0x0A, 0x4B, 0x02, 0x8C, 0x12, 0x8C, 0x02, 0xAD, 0x03, 0x0E, 0x02, 0xAD, 0x02, 0xAD,
    0x0A, 0x8C, 0x3A, 0xEB, 0x4B, 0x4C, 0x13, 0x2E, 0x02, 0xCC, 0x02, 0x0A, 0x01, 0x67, 0x09, 0x46,
    0x01, 0xA7, 0x09, 0x86, 0x11, 0x23, 0x11, 0x03, 0x09, 0x85, 0x09, 0x45, 0x01, 0x03, 0x19, 0x84,
    0x19, 0x84, 0x11, 0x44, 0x00, 0x83, 0x00, 0x83, 0x00, 0x84, 0x00, 0xE6, 0x01, 0x89, 0x01, 0xCA,
    0x01, 0xA9, 0x01, 0xCA, 0x01, 0xEB, 0x02, 0x0A, 0x2A, 0xAA, 0x43, 0x4B, 0x43, 0x4B, 0x4B, 0x29,
    0x52, 0xE7, 0x4A, 0xC8, 0x19, 0xE7, 0x01, 0x06, 0x01, 0x68, 0x33, 0x6D, 0x54, 0x0F, 0x0B, 0x4F,
    0x01, 0xA9, 0x01, 0xC8, 0x01, 0x46, 0x00, 0xE5, 0x01, 0x47, 0x01, 0xE9, 0x5B, 0x6A, 0x8B, 0xE9,
    0x6B, 0x48, 0x53, 0x6B, 0x12, 0x8B, 0x01, 0x07, 0x12, 0xAC, 0x3B, 0xEF, 0x54, 0x10, 0x64, 0x6F,
    0x3B, 0x4C, 0x01, 0x87, 0x09, 0x45, 0x11, 0xA6, 0x32, 0x45, 0x93, 0x81, 0x5A, 0xC5, 0x09, 0xC7,
    0x09, 0xA6, 0x01, 0xC9, 0x02, 0xCC, 0x02, 0x49, 0x09, 0xA7, 0x02, 0x07, 0x01, 0x46, 0x01, 0x06,
    0x01, 0xA8, 0x02, 0x0A, 0x02, 0x6A, 0x01, 0x87, 0x01, 0x27, 0x02, 0x2A, 0x01, 0x26, 0x31, 0x22,
    0x08, 0x82, 0x00, 0x21, 0x00, 0xC5, 0x02, 0xEE, 0x03, 0x50, 0x02, 0xAF, 0x02, 0xCE, 0x02, 0x6C,
    0x02, 0x0B, 0x02, 0x6C, 0x02, 0xCD, 0x02, 0x2B, 0x01, 0xEA, 0x01, 0xEA, 0x01, 0xE9, 0x01, 0xA9,
    0x02, 0x0A, 0x01, 0xE9, 0x09, 0x87, 0x19, 0xE8, 0x19, 0xE8, 0x12, 0x69, 0x01, 0xE9, 0x01, 0x47,
    0x01, 0x67, 0x01, 0xC9, 0x01, 0xA9, 0x01, 0x88, 0x01, 0xC9, 0x01, 0xEA, 0x01, 0xEA, 0x09, 0xA7,
    0x09, 0x86, 0x01, 0x46, 0x09, 0x66, 0x22, 0x69, 0x0A, 0x09, 0x02, 0x0A, 0x02, 0x2B, 0x02, 0x8D,
    0x02, 0x8D, 0x02, 0x4C, 0x02, 0x2C, 0x02, 0x4C, 0x02, 0xEE, 0x02, 0xEE, 0x02, 0xCE, 0x03, 0x50,
    0x03, 0xD1, 0x03, 0x30, 0x03, 0x30, 0x03, 0x4F, 0x1B, 0x4E, 0x0A, 0x2A, 0x09, 0x45, 0x19, 0x66,
    0x19, 0xC7, 0x11, 0xC8, 0x09, 0xE8, 0x11, 0xC8, 0x01, 0xA8, 0x01, 0xA8, 0x01, 0x88, 0x01, 0x67,
    0x01, 0x47, 0x01, 0xC9, 0x02, 0x2B, 0x02, 0x4C, 0x02, 0xAC, 0x02, 0xCD, 0x03, 0x2E, 0x0B, 0x2E,
    0x3B, 0x8E, 0x13, 0x90, 0x03, 0x90, 0x1B, 0xD0, 0x1B, 0xAF, 0x02, 0xAD, 0x01, 0xA9, 0x01, 0x68,
    0x01, 0x48, 0x01, 0x27, 0x01, 0x48, 0x01, 0xAA, 0x02, 0x2B, 0x02, 0x4C, 0x02, 0x4B, 0x02, 0x8D,
    0x02, 0xAD, 0x02, 0xAC, 0x02, 0x4C, 0x02, 0x0B, 0x02, 0x0A, 0x42, 0xA9, 0x4A, 0xEB, 0x33, 0x0C,
    0x23, 0x2D, 0x43, 0x2B, 0x22, 0x6A, 0x09, 0xC8, 0x11, 0xA6, 0x09, 0xC7, 0x11, 0xA5, 0x08, 0xE3,
    0x00, 0xC3, 0x00, 0xE4, 0x00, 0xE3, 0x09, 0x03, 0x11, 0x64, 0x09, 0x24, 0x00, 0xA3, 0x00, 0xA4,
    0x00, 0x84, 0x00, 0xE6, 0x01, 0x88, 0x01, 0xAA, 0x01, 0x69, 0x01, 0xCB, 0x02, 0x4C, 0x02, 0x8B,
    0x22, 0xCA, 0x4B, 0x4A, 0x3B, 0x6B, 0x5B, 0xCB, 0x5B, 0x28, 0x42, 0x87, 0x2A, 0x27, 0x01, 0x06,
    0x01, 0x47, 0x13, 0x0D, 0x54, 0x0E, 0x2B, 0xF0, 0x02, 0x4B, 0x01, 0x67, 0x00, 0xE5, 0x00, 0xE5,
    0x01, 0x67, 0x01, 0x68, 0x43, 0x0A, 0x7B, 0xCA, 0x5B, 0x2A, 0x33, 0x6D, 0x0B, 0x0D, 0x01, 0x68,
    0x02, 0x0B, 0x03, 0xD0, 0x1C, 0x11, 0x54, 0x70, 0x43, 0x4C, 0x01, 0x66, 0x01, 0x05, 0x01, 0xA7,
    0x3A, 0xA6, 0x93, 0xE3, 0x5B, 0x05, 0x19, 0xC6, 0x19, 0xC6, 0x01, 0xA8, 0x02, 0x4A, 0x02, 0x6A,
    0x09, 0xC7, 0x01, 0x46, 0x01, 0x26, 0x01, 0xC9, 0x02, 0x0A, 0x02, 0x2A, 0x01, 0xA8, 0x01, 0x06,
    0x01, 0x68, 0x12, 0x4A, 0x01, 0x05, 0x00, 0x21, 0x00, 0x82, 0x00, 0xE5, 0x01, 0xA9, 0x02, 0xCE,
    0x02, 0xF0, 0x03, 0x10, 0x02, 0xCD, 0x02, 0x6C, 0x01, 0xEA, 0x02, 0x8C, 0x02, 0xCE, 0x02, 0x8C,
    0x02, 0x4B, 0x02, 0x6B, 0x02, 0x2A, 0x02, 0x0A, 0x01, 0xC9, 0x01, 0xA9, 0x1A, 0x29, 0x22, 0x08,
    0x19, 0xE7, 0x01, 0x87, 0x01, 0xA8, 0x01, 0x67, 0x01, 0x26, 0x01, 0xA9, 0x09, 0xE9, 0x11, 0xE8,
    0x01, 0xA9, 0x02, 0x2A, 0x0A, 0x09, 0x09, 0x86, 0x01, 0x25, 0x01, 0x26, 0x01, 0x06, 0x73, 0x06,
    0x5B, 0x28, 0x02, 0x0A, 0x02, 0x2A, 0x02, 0x4B, 0x02, 0xEE, 0x02, 0xCE, 0x02, 0x8D, 0x02, 0x6C,
    0x02, 0x2B, 0x02, 0xAE, 0x03, 0x50, 0x23, 0xD0, 0x23, 0xF1, 0x03, 0x91, 0x03, 0x92, 0x03, 0xD2,
    0x03, 0xD2, 0x23, 0xCF, 0x6B, 0x49, 0x52, 0xA8, 0x1A, 0x08, 0x09, 0xA8, 0x09, 0x88, 0x11, 0x87,
    0x02, 0x0A, 0x01, 0xCA, 0x01, 0xA9, 0x02, 0x0A, 0x02, 0x2A, 0x02, 0x4B, 0x02, 0xAD, 0x02, 0xCD,
    0x03, 0x0E, 0x23, 0x6E, 0x1B, 0x0C, 0x2A, 0xEB, 0x2B, 0x4D, 0x0B, 0x6F, 0x03, 0x50, 0x0B, 0x4F,
    0x23, 0x0D, 0x02, 0x6B, 0x01, 0xCA, 0x01, 0xA9, 0x01, 0x89, 0x01, 0x88, 0x01, 0xC9, 0x1A, 0x6A,
    0x12, 0x6B, 0x02, 0x6C, 0x02, 0x0B, 0x02, 0x4B, 0x02, 0x4B, 0x01, 0xEA, 0x01, 0xCA, 0x01, 0xCA,
    0x01, 0xCA, 0x0A, 0x0A, 0x22, 0x6A, 0x2A, 0xAB, 0x43, 0x0B, 0x5B, 0x4B, 0x4B, 0x2C, 0x0A, 0x4A,
    0x01, 0x88, 0x09, 0xA7, 0x2A, 0x68, 0x19, 0x85, 0x00, 0xA3, 0x00, 0x83, 0x00, 0x63, 0x00, 0x62,
    0x00, 0xC3, 0x00, 0xC3, 0x00, 0x63, 0x00, 0xC4, 0x00, 0xA4, 0x00, 0xA5, 0x01, 0x48, 0x02, 0x0B,
    0x02, 0x0B, 0x02, 0x2B, 0x02, 0x8C, 0x02, 0x4A, 0x22, 0xEB, 0x4B, 0x2A, 0x4B, 0x6B, 0x6C, 0x0C,
    0x6B, 0x88, 0x42, 0x87, 0x22, 0x07, 0x01, 0x46, 0x09, 0x26, 0x0A, 0x6A, 0x53, 0xEE, 0x54, 0x50,
    0x02, 0xAC, 0x01, 0x26, 0x01, 0x05, 0x01, 0x06, 0x01, 0xE9, 0x01, 0x68, 0x0A, 0x2A, 0x4B, 0x2B,
    0x2B, 0x2C, 0x0A, 0xCC, 0x0A, 0xCC, 0x01, 0xA8, 0x01, 0x89, 0x1B, 0xD0, 0x2C, 0x10, 0x3C, 0x92,
    0x23, 0x6E, 0x01, 0x67, 0x01, 0x25, 0x01, 0xE8, 0x4B, 0x08, 0x8B, 0xE4, 0x5A, 0xE5, 0x2A, 0x07,
    0x2A, 0x07, 0x01, 0xE9, 0x01, 0xE8, 0x12, 0x69, 0x12, 0x07, 0x00, 0xE5, 0x01, 0x26, 0x02, 0x8C,
    0x02, 0x6B, 0x01, 0xC9, 0x01, 0x46, 0x00, 0xE6, 0x02, 0x2A, 0x09, 0xA7, 0x00, 0x83, 0x00, 0x21,
    0x00, 0x42, 0x01, 0xC8, 0x02, 0xEE, 0x02, 0xEF, 0x02, 0xEF, 0x02, 0xF0, 0x02, 0xAD, 0x02, 0x6C,
    0x02, 0x2B, 0x02, 0xAD, 0x02, 0xAD, 0x02, 0x0A, 0x01, 0xC9, 0x02, 0x2B, 0x01, 0xEA, 0x01, 0xEA,
    0x01, 0xC9, 0x01, 0xC9, 0x1A, 0x69, 0x1A, 0x08, 0x01, 0x87, 0x01, 0x67, 0x01, 0xA8, 0x01, 0xA9,
    0x01, 0x88, 0x01, 0x67, 0x01, 0x88, 0x09, 0xC8, 0x01, 0xE9, 0x01, 0xE9, 0x09, 0xC8, 0x01, 0x46,
    0x01, 0x26, 0x01, 0x26, 0x01, 0x26, 0x31, 0xE5, 0x29, 0xA6, 0x01, 0x27, 0x01, 0x89, 0x02, 0x2B,
    0x02, 0x4B, 0x02, 0xAD, 0x02, 0xCE, 0x02, 0xCC, 0x02, 0x2B, 0x02, 0x6D, 0x02, 0xAD, 0x13, 0x0E,
    0x13, 0x2E, 0x03, 0x0F, 0x03, 0x10, 0x03, 0x71, 0x03, 0x72, 0x0B, 0x91, 0x4B, 0xAD, 0x2B, 0x4E,
    0x02, 0xEE, 0x02, 0xAD, 0x02, 0xAD, 0x02, 0xAD, 0x33, 0x4D, 0x13, 0x0D, 0x12, 0xCC, 0x0A, 0xAD,
    0x1A, 0xED, 0x1A, 0xED, 0x0B, 0x2E, 0x03, 0x4E, 0x0B, 0x2E, 0x0A, 0xCC, 0x22, 0x8B, 0x5A, 0xC9,
    0x4B, 0x6C, 0x13, 0x6F, 0x03, 0x50, 0x03, 0x2F, 0x02, 0xAD, 0x02, 0x0B, 0x01, 0xEA, 0x02, 0x0A,
    0x01, 0xC9, 0x12, 0x09, 0x22, 0x6A, 0x12, 0xAC, 0x0A, 0x8C, 0x02, 0x2B, 0x02, 0x0B, 0x01, 0xA9,
    0x01, 0x89, 0x01, 0x68, 0x01, 0x48, 0x01, 0x88, 0x01, 0xA9, 0x01, 0x89, 0x01, 0xEA, 0x02, 0x4A,
    0x22, 0x29, 0x32, 0x8A, 0x33, 0x0B, 0x1A, 0xCC, 0x02, 0x0A, 0x01, 0x67, 0x1A, 0x28, 0x2A, 0x88,
    0x01, 0x04, 0x00, 0x83, 0x00, 0x43, 0x00, 0x42, 0x00, 0xC4, 0x00, 0xA3, 0x00, 0x42, 0x00, 0xC3,
    0x00, 0xC4, 0x00, 0x84, 0x01, 0x27, 0x01, 0xEB, 0x01, 0xEB, 0x01, 0xAA, 0x01, 0xEA, 0x02, 0x0A,
    0x22, 0xEB, 0x42, 0xEA, 0x3B, 0x0A, 0x6B, 0xEB, 0x6B, 0xA9, 0x42, 0xA8, 0x32, 0x47, 0x01, 0x86,
    0x01, 0x26, 0x09, 0xA8, 0x3B, 0x8E, 0x44, 0x51, 0x0B, 0x2E, 0x01, 0x47, 0x00, 0xC5, 0x01, 0x88,
    0x02, 0x09, 0x01, 0x88, 0x12, 0x29, 0x3A, 0xEB, 0x2B, 0x4C, 0x03, 0x0E, 0x0A, 0x8C, 0x1A, 0x8A,
    0x01, 0x89, 0x13, 0x6F, 0x2B, 0xF0, 0x3C, 0xB2, 0x2B, 0xAF, 0x01, 0xC8, 0x01, 0x46, 0x01, 0xC8,
    0x42, 0xE8, 0x83, 0x84, 0x5A, 0xC5, 0x32, 0x27, 0x1A, 0x07, 0x01, 0xC9, 0x09, 0xE8, 0x09, 0x86,
    0x09, 0x86, 0x00, 0xE4, 0x01, 0xA8, 0x02, 0xCC, 0x02, 0x8B, 0x01, 0xA8, 0x01, 0x06, 0x01, 0x27,
    0x02, 0x09, 0x00, 0xE5, 0x00, 0x42, 0x00, 0x41, 0x00, 0x42, 0x01, 0xC9, 0x03, 0x0F, 0x0B, 0x0E,
    0x43, 0x6D, 0x02, 0xEE, 0x02, 0xCD, 0x02, 0x2B, 0x02, 0x2B, 0x02, 0xAD, 0x02, 0x4C, 0x01, 0x89,
    0x01, 0xC9, 0x02, 0x0A, 0x02, 0x4B, 0x02, 0x6B, 0x02, 0x09, 0x01, 0xA9, 0x01, 0xC8, 0x01, 0xC8,
    0x01, 0xA8, 0x01, 0x88, 0x01, 0x88, 0x01, 0xE9, 0x01, 0xA8, 0x01, 0x26, 0x01, 0x68, 0x01, 0xC9,
    0x02, 0x0A, 0x01, 0xEA, 0x01, 0xC9, 0x09, 0x87, 0x01, 0x88, 0x02, 0x0A, 0x11, 0xE8, 0x3A, 0x69,
    0x01, 0xA8, 0x01, 0xA9, 0x22, 0x4A, 0x1A, 0x49, 0x02, 0x0A, 0x02, 0x4B, 0x02, 0xAD, 0x0B, 0x0E,
    0x02, 0xCD, 0x02, 0xAD, 0x02, 0x6C, 0x02, 0x4C, 0x02, 0xAD, 0x02, 0x8D, 0x02, 0x0C, 0x02, 0x4D,
    0x02, 0xEE, 0x02, 0xEE, 0x2B, 0x4E, 0x03, 0x0F, 0x02, 0xEF, 0x02, 0xAE, 0x02, 0x8D, 0x02, 0x8D,
    0x33, 0x0C, 0x23, 0x0D, 0x0B, 0x0E, 0x03, 0x0E, 0x23, 0x4E, 0x33, 0x2D, 0x0A, 0xED, 0x03, 0x0E,
    0x02, 0xEE, 0x02, 0x6C, 0x02, 0xAC, 0x22, 0xEC, 0x33, 0x8E, 0x0B, 0x6F, 0x03, 0x2F, 0x03, 0x2F,
    0x0B, 0x0E, 0x12, 0x6B, 0x01, 0xA9, 0x01, 0xA9, 0x01, 0xA9, 0x02, 0x2B, 0x12, 0xED, 0x0A, 0xCD,
    0x02, 0x4C, 0x02, 0x0B, 0x01, 0xCA, 0x01, 0x88, 0x01, 0x88, 0x01, 0x68, 0x01, 0x68, 0x01, 0x88,
    0x01, 0xA9, 0x01, 0xC9, 0x01, 0xA9, 0x01, 0xE9, 0x01, 0xE9, 0x0A, 0x09, 0x3A, 0x89, 0x3A, 0xEB,
    0x0A, 0xCC, 0x02, 0x6B, 0x01, 0xC8, 0x1A, 0x07, 0x09, 0x44, 0x00, 0x63, 0x00, 0x42, 0x00, 0x43,
    0x00, 0xE4, 0x00, 0xC3, 0x00, 0x62, 0x00, 0xC3, 0x00, 0xC3, 0x00, 0xA4, 0x01, 0x28, 0x01, 0x8A,
    0x01, 0xCB, 0x01, 0xAA, 0x01, 0x89, 0x01, 0xE9, 0x0A, 0x8A, 0x2A, 0xEB, 0x3A, 0xCA, 0x53, 0x49,
    0x63, 0x89, 0x4A, 0xE9, 0x42, 0xC9, 0x22, 0x08, 0x01, 0x47, 0x01, 0x47, 0x12, 0xED, 0x3C, 0x10,
    0x33, 0xF0, 0x01, 0xC8, 0x00, 0xA5, 0x02, 0x4B, 0x0A, 0xCC, 0x01, 0x88, 0x12, 0x29, 0x33, 0x0B,
    0x33, 0x2C, 0x1B, 0x4E, 0x13, 0x0C, 0x3A, 0xAA, 0x01, 0xA9, 0x02, 0xCE, 0x0B, 0xB0, 0x3C, 0x71,
    0x4C, 0x2F, 0x12, 0x29, 0x01, 0x05, 0x01, 0x67, 0x32, 0x67, 0x7B, 0x64, 0x52, 0xC5, 0x2A, 0x27,
    0x12, 0x28, 0x02, 0x4A, 0x01, 0xA8, 0x01, 0x66, 0x01, 0x45, 0x00, 0xC4, 0x01, 0xA8, 0x02, 0xAC,
    0x02, 0x2B, 0x01, 0xE9, 0x01, 0x26, 0x09, 0xC9, 0x01, 0xC9, 0x00, 0xA4, 0x00, 0x41, 0x00, 0x41,
    0x00, 0xE5, 0x02, 0x4B, 0x02, 0xCF, 0x03, 0x10, 0x1A, 0xED, 0x0A, 0xAD, 0x02, 0x6C, 0x02, 0x0B,
    0x02, 0x4B, 0x02, 0xAD, 0x02, 0x4C, 0x01, 0xA9, 0x01, 0xE9, 0x01, 0x89, 0x02, 0x4B, 0x02, 0x6B,
    0x01, 0xA9, 0x01, 0xEA, 0x02, 0x09, 0x01, 0x88, 0x01, 0xA8, 0x01, 0x67, 0x01, 0xC8, 0x01, 0xA8,
    0x01, 0x47, 0x01, 0x26, 0x01, 0x68, 0x01, 0xA9, 0x09, 0xE9, 0x01, 0xA7, 0x09, 0x87, 0x29, 0xE7,
    0x09, 0xC8, 0x02, 0x6C, 0x0B, 0x8F, 0x23, 0x0D, 0x02, 0x6C, 0x02, 0xAD, 0x1B, 0x0D, 0x1A, 0x8B,
    0x12, 0x49, 0x02, 0x0A, 0x02, 0x2A, 0x02, 0xAD, 0x03, 0x8F, 0x03, 0x2E, 0x02, 0xCD, 0x02, 0x8C,
    0x03, 0x0E, 0x02, 0xEE, 0x02, 0x8D, 0x02, 0x4C, 0x02, 0x2C, 0x02, 0x2B, 0x02, 0x2B, 0x02, 0x6D,
    0x02, 0x6C, 0x02, 0x6C, 0x02, 0x2B, 0x02, 0x0B, 0x12, 0xAB, 0x3A, 0xCB, 0x0A, 0xCC, 0x02, 0xCD,
    0x02, 0xCD, 0x02, 0xED, 0x0B, 0x0D, 0x13, 0x6F, 0x13, 0x8F, 0x13, 0x4F, 0x13, 0x4E, 0x23, 0x6E,
    0x0B, 0x6E, 0x03, 0x4F, 0x03, 0x0E, 0x13, 0x2D, 0x13, 0x0D, 0x12, 0xAC, 0x02, 0x0A, 0x01, 0x89,
    0x0A, 0x0A, 0x12, 0xAC, 0x0B, 0x0E, 0x02, 0xCD, 0x01, 0xEA, 0x01, 0xA9, 0x01, 0x88, 0x01, 0x88,
    0x01, 0xA9, 0x01, 0x88, 0x01, 0x68, 0x01, 0x47, 0x01, 0x47, 0x01, 0xA8, 0x01, 0xE9, 0x01, 0xA8,
    0x01, 0xC9, 0x01, 0xEA, 0x02, 0x0A, 0x2A, 0x8A, 0x1A, 0xEC, 0x02, 0xED, 0x02, 0x4B, 0x01, 0x88,
    0x11, 0xA6, 0x00, 0xE4, 0x00, 0xA3, 0x00, 0x42, 0x00, 0x42, 0x00, 0x83, 0x00, 0x63, 0x00, 0x83,
    0x00, 0xA3, 0x01, 0x06, 0x01, 0xA9, 0x01, 0xAA, 0x01, 0xEB, 0x02, 0x0B, 0x01, 0xCA, 0x0A, 0x49,
    0x23, 0x0C, 0x33, 0x8D, 0x3B, 0x8C, 0x53, 0x6A, 0x5B, 0x08, 0x42, 0xC8, 0x3A, 0xE9, 0x43, 0x09,
    0x32, 0x48, 0x01, 0x47, 0x2A, 0xAA, 0x54, 0x0E, 0x3C, 0x51, 0x02, 0x6B, 0x01, 0x07, 0x0A, 0xAC,
    0x0A, 0xAB, 0x01, 0x88, 0x22, 0x29, 0x2A, 0xEC, 0x12, 0xCC, 0x0A, 0xCC, 0x0A, 0xED, 0x12, 0x6A,
    0x02, 0x0A, 0x02, 0x0A, 0x03, 0x6F, 0x34, 0x51, 0x5C, 0xB1, 0x22, 0xCB, 0x01, 0x06, 0x01, 0x67,
    0x32, 0x67, 0x6B, 0x44, 0x4A, 0xA5, 0x22, 0x07, 0x11, 0xC7, 0x02, 0x09, 0x01, 0x87, 0x01, 0x86,
    0x09, 0x86, 0x00, 0xE5, 0x01, 0x27, 0x02, 0x6B, 0x02, 0x8C, 0x01, 0x88, 0x01, 0x88, 0x0A, 0xAC,
    0x01, 0xA8, 0x00, 0x63, 0x08, 0x82, 0x08, 0x62, 0x29, 0xC7, 0x12, 0xCD, 0x02, 0xEF, 0x02, 0xEF,
    0x0A, 0xAD, 0x2A, 0xAB, 0x02, 0x0B, 0x01, 0xEA, 0x0A, 0xCD, 0x02, 0xCD, 0x02, 0x4B, 0x01, 0x68,
    0x01, 0xC9, 0x01, 0xC9, 0x01, 0xC9, 0x01, 0xEA, 0x01, 0xEA, 0x01, 0xEA, 0x02, 0x0A, 0x01, 0xE9,
    0x01, 0x67, 0x01, 0xA8, 0x01, 0x88, 0x01, 0x88, 0x01, 0x47, 0x01, 0x47, 0x01, 0x47, 0x01, 0xA9,
    0x01, 0xC9, 0x01, 0x67, 0x39, 0xE6, 0x11, 0x87, 0x02, 0x0B, 0x14, 0x12, 0x2D, 0x95, 0x03, 0x0E,
    0x02, 0x8D, 0x02, 0xCE, 0x02, 0xCE, 0x02, 0x8E, 0x1A, 0xED, 0x0A, 0x09, 0x01, 0xA8, 0x02, 0x2B,
    0x02, 0xEE, 0x03, 0x2E, 0x03, 0x2E, 0x03, 0x6F, 0x03, 0x90, 0x02, 0xCD, 0x02, 0xAD, 0x03, 0x0E,
    0x02, 0xCE, 0x02, 0xAD, 0x02, 0xAD, 0x02, 0xAD, 0x02, 0xAD, 0x02, 0xAD, 0x02, 0xEE, 0x02, 0xAD,
    0x23, 0x2E, 0x3B, 0x0C, 0x12, 0x6B, 0x02, 0x8C, 0x02, 0xCD, 0x0B, 0x8F, 0x3B, 0xCF, 0x53, 0xEF,
    0x3B, 0xF0, 0x43, 0xCF, 0x4B, 0xAE, 0x2B, 0x8F, 0x0B, 0x6F, 0x1B, 0x2D, 0x02, 0xCD, 0x43, 0x2B,
    0x53, 0x2B, 0x02, 0xAC, 0x02, 0x4B, 0x01, 0xEA, 0x3A, 0xAA, 0x43, 0x2C, 0x02, 0xCE, 0x02, 0x8C,
    0x01, 0xC9, 0x01, 0x48, 0x01, 0x47, 0x01, 0x87, 0x01, 0x88, 0x01, 0x88, 0x01, 0x47, 0x01, 0x48,
    0x01, 0x48, 0x01, 0x47, 0x01, 0x68, 0x01, 0x88, 0x01, 0xA8, 0x01, 0xA8, 0x01, 0xE9, 0x02, 0x2A,
    0x22, 0xAB, 0x2A, 0xEC, 0x02, 0xAC, 0x01, 0xEA, 0x01, 0xA8, 0x19, 0xC6, 0x00, 0xE3, 0x00, 0xA3,
    0x00, 0x42, 0x00, 0x42, 0x00, 0x43, 0x00, 0x83, 0x00, 0x84, 0x01, 0x88, 0x02, 0x4B, 0x01, 0xEB,
    0x01, 0xCB, 0x02, 0x0B, 0x02, 0x0A, 0x0A, 0xAB, 0x43, 0xAD, 0x4B, 0xED, 0x4B, 0xED, 0x5B, 0xCC,
    0x53, 0x09, 0x3A, 0xA9, 0x22, 0x69, 0x5B, 0x4B, 0x3A, 0xC9, 0x01, 0x67, 0x2A, 0x69, 0x94, 0x2B,
    0x54, 0x0F, 0x0A, 0x4B, 0x01, 0xA9, 0x13, 0x0C, 0x01, 0xE9, 0x01, 0x68, 0x02, 0x0A, 0x0A, 0x8B,
    0x12, 0xCC, 0x0B, 0x0E, 0x0A, 0xED, 0x12, 0x8B, 0x12, 0x8B, 0x01, 0xCA, 0x0A, 0xEE, 0x3C, 0x51,
    0x74, 0xD1, 0x33, 0x4D, 0x01, 0x26, 0x01, 0x67, 0x3A, 0xA7, 0x6B, 0x25, 0x5A, 0xC5, 0x22, 0x07,
    0x09, 0x46, 0x01, 0x26, 0x09, 0x67, 0x09, 0x66, 0x01, 0x26, 0x00, 0xE5, 0x01, 0x47, 0x01, 0xEA,
    0x02, 0x8B, 0x01, 0x88, 0x01, 0xEA, 0x02, 0xCD, 0x09, 0x67, 0x00, 0x43, 0x10, 0x81, 0x00, 0xC4,
    0x22, 0x6A, 0x13, 0x0E, 0x02, 0xEF, 0x02, 0xAE, 0x02, 0x6D, 0x01, 0xCA, 0x01, 0xEA, 0x02, 0x6C,
    0x2B, 0x2D, 0x23, 0x0D, 0x01, 0xCA, 0x01, 0x48, 0x01, 0x88, 0x12, 0x09, 0x02, 0x2A, 0x02, 0x2B,
    0x02, 0x0A, 0x01, 0xC9, 0x01, 0xE9, 0x01, 0xE9, 0x01, 0xA8, 0x01, 0xA8, 0x01, 0xA8, 0x01, 0x67,
    0x01, 0x27, 0x01, 0x88, 0x01, 0xA8, 0x01, 0xA9, 0x01, 0xC8, 0x01, 0x87, 0x09, 0x66, 0x01, 0xC9,
    0x02, 0x8E, 0x03, 0xB1, 0x1C, 0x52, 0x1B, 0x90, 0x02, 0xEE, 0x02, 0xEF, 0x03, 0x0F, 0x02, 0xCF,
    0x03, 0x70, 0x1A, 0xCC, 0x09, 0xC9, 0x01, 0xEA, 0x02, 0x4C, 0x02, 0xCD, 0x02, 0xEE, 0x02, 0xAD,
    0x02, 0xAD, 0x02, 0xAD, 0x02, 0xAD, 0x03, 0x0E, 0x02, 0xAD, 0x02, 0x8D, 0x02, 0xAE, 0x02, 0x8D,
    0x02, 0xCE, 0x02, 0xCE, 0x02, 0xCE, 0x0A, 0xCE, 0x23, 0x4E, 0x23, 0x4E, 0x1B, 0x0D, 0x02, 0xED,
    0x03, 0x2E, 0x23, 0xAF, 0x4B, 0xEF, 0x3B, 0xCF, 0x2B, 0xF0, 0x2B, 0xAF, 0x4B, 0x8D, 0x2B, 0x4E,
    0x03, 0x2E, 0x12, 0xED, 0x02, 0xAC, 0x02, 0x8C, 0x1A, 0xCC, 0x0A, 0xAC, 0x02, 0x4C, 0x02, 0x4C,
    0x0A, 0x8D, 0x23, 0x2E, 0x0B, 0x0E, 0x02, 0x6C, 0x01, 0xEA, 0x01, 0x88, 0x01, 0x47, 0x11, 0xA7,
    0x01, 0x88, 0x01, 0x68, 0x01, 0x68, 0x01, 0x68, 0x01, 0x68, 0x01, 0x48, 0x01, 0x27, 0x01, 0x48,
    0x01, 0x68, 0x01, 0xA8, 0x01, 0x68, 0x01, 0xCA, 0x12, 0x6A, 0x53, 0x0A, 0x43, 0x6C, 0x12, 0x8B,
    0x01, 0xE9, 0x19, 0xE7, 0x08, 0xC3, 0x00, 0x83, 0x00, 0x83, 0x00, 0x42, 0x00, 0x42, 0x00, 0x83,
    0x00, 0xC4, 0x00, 0xE6, 0x01, 0xC9, 0x02, 0x0B, 0x01, 0xCB, 0x02, 0x0B, 0x02, 0x0B, 0x02, 0x2A,
    0x33, 0x4C, 0x4B, 0xAC, 0x43, 0x8B, 0x3B, 0x09, 0x42, 0xE8, 0x32, 0xE8, 0x1A, 0xC9, 0x43, 0x29,
    0x3B, 0x09, 0x01, 0xC7, 0x09, 0xE8, 0x4B, 0xED, 0x33, 0xEE, 0x12, 0x69, 0x01, 0x87, 0x01, 0xC7,
    0x01, 0x46, 0x01, 0x47, 0x02, 0x4A, 0x02, 0xCD, 0x23, 0x2C, 0x2B, 0x6D, 0x02, 0xED, 0x13, 0x4E,
    0x1B, 0x8D, 0x02, 0xAC, 0x02, 0xED, 0x3C, 0x50, 0x65, 0x11, 0x5C, 0x0C, 0x11, 0xC6, 0x01, 0x65,
    0x3A, 0xC6, 0x6B, 0x43, 0x52, 0xA4, 0x22, 0x26, 0x11, 0x85, 0x01, 0x66, 0x01, 0x86, 0x01, 0x45,
    0x01, 0x24, 0x01, 0x65, 0x01, 0x86, 0x01, 0xE8, 0x01, 0x86, 0x01, 0x87, 0x02, 0x6B, 0x02, 0x4A,
    0x01, 0x04, 0x08, 0xC1, 0x08, 0x61, 0x01, 0x05, 0x02, 0xAD, 0x02, 0xCF, 0x02, 0xAD, 0x02, 0x6C,
    0x02, 0x2B, 0x01, 0xAA, 0x02, 0x4C, 0x02, 0xEE, 0x1A, 0x8C, 0x12, 0xAC, 0x01, 0xA9, 0x01, 0xA9,
    0x01, 0xC9, 0x01, 0xC9, 0x02, 0x0A, 0x02, 0x0A, 0x01, 0xC9, 0x01, 0xC9, 0x01, 0xA8, 0x01, 0x88,
    0x01, 0xA8, 0x01, 0x87, 0x01, 0xA8, 0x01, 0xA8, 0x01, 0x68, 0x01, 0x88, 0x01, 0xA8, 0x01, 0x88,
    0x09, 0x87, 0x09, 0x67, 0x01, 0x26, 0x02, 0x6C, 0x03, 0x30, 0x0B, 0x91, 0x02, 0x8E, 0x03, 0x30,
    0x03, 0x30, 0x03, 0x10, 0x03, 0x51, 0x03, 0x30, 0x03, 0x70, 0x02, 0xEF, 0x2A, 0x8A, 0x22, 0x49,
    0x0A, 0x4A, 0x02, 0x2B, 0x02, 0x6C, 0x02, 0x4C, 0x02, 0x4C, 0x02, 0xAD, 0x02, 0xAD, 0x02, 0x8D,
    0x02, 0x4D, 0x02, 0x6D, 0x02, 0xCE, 0x02, 0xCE, 0x02, 0xAD, 0x02, 0x8D, 0x02, 0x6C, 0x02, 0x8D,
    0x02, 0xEE, 0x03, 0x0E, 0x03, 0x4F, 0x03, 0x4F, 0x03, 0x90, 0x1B, 0xB0, 0x3B, 0xCF, 0x33, 0xF0,
    0x1B, 0xB0, 0x0B, 0x90, 0x03, 0x6F, 0x0B, 0x2E, 0x02, 0x8C, 0x02, 0x8C, 0x02, 0x8C, 0x02, 0x6C,
    0x02, 0x8D, 0x02, 0x8C, 0x02, 0x8C, 0x02, 0x8D, 0x02, 0x8D, 0x02, 0xAD, 0x02, 0xAD, 0x02, 0x2B,
    0x01, 0xA9, 0x01, 0x89, 0x01, 0x88, 0x01, 0xA9, 0x01, 0x88, 0x01, 0xA9, 0x01, 0xEA, 0x01, 0xA9,
    0x01, 0x89, 0x01, 0xA9, 0x01, 0x68, 0x01, 0x68, 0x01, 0x88, 0x01, 0x88, 0x01, 0x88, 0x01, 0x88,
    0x01, 0xEA, 0x12, 0x6B, 0x3B, 0x2D, 0x33, 0x2C, 0x22, 0x89, 0x19, 0xE6, 0x00, 0xE3, 0x00, 0x42,
    0x00, 0x63, 0x00, 0x83, 0x00, 0x62, 0x00, 0x62, 0x00, 0xA3, 0x00, 0xA4, 0x01, 0x48, 0x01, 0xCA,
    0x01, 0xCA, 0x02, 0x0B, 0x02, 0x2C, 0x02, 0x29, 0x1A, 0xEA, 0x43, 0x4C, 0x4A, 0xCB, 0x5A, 0x4C,
    0x62, 0x2C, 0x62, 0x6D, 0x4A, 0x8F, 0x4A, 0x6E, 0x6A, 0x8D, 0x39, 0xAC, 0x31, 0x4C, 0x5A, 0xD1,
    0x3B, 0x53, 0x31, 0xEE, 0x28, 0xEA, 0x28, 0xEA, 0x28, 0xEB, 0x28, 0xEB, 0x29, 0xEF, 0x2A, 0xD2,
    0x32, 0xB1, 0x3A, 0xB1, 0x2A, 0xB2, 0x54, 0x57, 0x4B, 0xF5, 0x2A, 0x91, 0x2A, 0x50, 0x5B, 0x32,
    0x84, 0x14, 0x83, 0x91, 0x69, 0xEA, 0x29, 0x0A, 0x72, 0x8B, 0x82, 0xAA, 0x62, 0x2B, 0x49, 0xCC,
    0x41, 0x6A, 0x31, 0xAD, 0x29, 0x6B, 0x29, 0x0A, 0x28, 0xEA, 0x29, 0x0A, 0x29, 0x4C, 0x29, 0x8C,
    0x28, 0xEB, 0x29, 0x6D, 0x2A, 0x30, 0x29, 0x6D, 0x28, 0x68, 0x30, 0x86, 0x20, 0x84, 0x01, 0x27,
    0x02, 0x8C, 0x02, 0xEE, 0x0A, 0xEE, 0x02, 0x4B, 0x01, 0xAA, 0x01, 0xEB, 0x02, 0x2B, 0x02, 0x4C,
    0x02, 0xAD, 0x02, 0x8C, 0x01, 0xA9, 0x01, 0xA9, 0x01, 0xC9, 0x01, 0xCA, 0x01, 0xCA, 0x01, 0xC9,
    0x01, 0xE9, 0x01, 0xA8, 0x01, 0x68, 0x01, 0x88, 0x01, 0x67, 0x01, 0x88, 0x01, 0x67, 0x01, 0x87,
    0x01, 0x67, 0x01, 0x88, 0x01, 0xA9, 0x01, 0x88, 0x01, 0x87, 0x09, 0x66, 0x01, 0x27, 0x02, 0x8D,
    0x03, 0x50, 0x14, 0x32, 0x03, 0x50, 0x03, 0x51, 0x03, 0xB1, 0x03, 0x91, 0x03, 0xB2, 0x03, 0xB2,
    0x0B, 0xB1, 0x03, 0x50, 0x12, 0xCD, 0x22, 0x29, 0x0A, 0x4A, 0x02, 0x4B, 0x02, 0x2B, 0x02, 0x4C,
    0x02, 0x6C, 0x02, 0x6C, 0x0A, 0x6C, 0x02, 0x6C, 0x02, 0x0C, 0x02, 0x0B, 0x02, 0x6C, 0x02, 0x0B,
    0x01, 0xCA, 0x02, 0x0B, 0x01, 0xA9, 0x02, 0x0A, 0x02, 0xCE, 0x02, 0xCE, 0x0B, 0x0E, 0x1B, 0x6F,
    0x1B, 0x6F, 0x1B, 0xB0, 0x0B, 0x90, 0x13, 0x6F, 0x13, 0x6F, 0x03, 0x70, 0x03, 0x6F, 0x02, 0xEE,
    0x02, 0xCD, 0x02, 0x6B, 0x02, 0x2B, 0x02, 0x4B, 0x02, 0x6C, 0x12, 0x8B, 0x22, 0xCC, 0x02, 0x8C,
    0x02, 0x8D, 0x02, 0x8D, 0x02, 0x2B, 0x01, 0xC9, 0x01, 0x68, 0x01, 0xCA, 0x01, 0xA9, 0x01, 0x89,
    0x01, 0xA9, 0x01, 0xCA, 0x02, 0x2C, 0x02, 0x4C, 0x02, 0x4C, 0x02, 0x2B, 0x01, 0xCA, 0x01, 0x88,
    0x01, 0x68, 0x01, 0xA9, 0x01, 0xA8, 0x01, 0x88, 0x01, 0xA9, 0x02, 0x2B, 0x1A, 0xEC, 0x3B, 0x4C,
    0x63, 0x29, 0x2A, 0x06, 0x19, 0x85, 0x08, 0xE3, 0x00, 0xA3, 0x00, 0x83, 0x00, 0x63, 0x00, 0x62,
    0x00, 0xA3, 0x00, 0xC4, 0x01, 0x26, 0x01, 0x89, 0x01, 0xAA, 0x02, 0x0C, 0x02, 0x6B, 0x31, 0x8E,
    0xA8, 0xF8, 0xE0, 0x7D, 0xF0, 0x3E, 0xF8, 0x1F, 0xF8, 0x1F, 0xF8, 0x1F, 0xF8, 0x1F, 0xF8, 0x1F,
    0xF8, 0x1F, 0xF8, 0x1F, 0xF8, 0x1F, 0xF8, 0x1F, 0xF8, 0x1F, 0xF8, 0x1F, 0xF8, 0x1F, 0xF8, 0x1F,
    0xF8, 0x1F, 0xF8, 0x1F, 0xF8, 0x1F, 0xF8, 0x1F, 0xF8, 0x1F, 0xF8, 0x1F, 0xF8, 0x1F, 0xF8, 0x3F,
    0xF8, 0x3F, 0xF8, 0x1F, 0xF8, 0x1F, 0xF8, 0x1F, 0xF8, 0x1F, 0xF8, 0x1F, 0xF8, 0x1F, 0xF8, 0x1F,
    0xF8, 0x1F, 0xF8, 0x1F, 0xF8, 0x1F, 0xF8, 0x1F, 0xF8, 0x1F, 0xF8, 0x1F, 0xF8, 0x1F, 0xF8, 0x1F,
    0xF8, 0x1F, 0xF8, 0x1F, 0xF8, 0x1F, 0xF8, 0x1F, 0xF8, 0x1F, 0xF8, 0x1F, 0xF8, 0x1F, 0xF8, 0x1F,
    0xF8, 0x1F, 0xF0, 0x1F, 0xF0, 0x1E, 0xD0, 0x5B, 0x89, 0x37, 0x1A, 0x8F, 0x03, 0x0D, 0x02, 0x6C,
    0x01, 0xCA, 0x02, 0x4C, 0x02, 0x2B, 0x02, 0x4C, 0x02, 0xEE, 0x02, 0x2A, 0x01, 0x88, 0x01, 0xC9,
    0x01, 0xEA, 0x01, 0xEA, 0x02, 0x0A, 0x01, 0xEA, 0x01, 0xE9, 0x01, 0x88, 0x01, 0x88, 0x01, 0x68,
    0x01, 0x68, 0x01, 0x88, 0x01, 0x47, 0x01, 0x26, 0x01, 0x27, 0x01, 0x67, 0x01, 0xA8, 0x01, 0x88,
    0x11, 0xA6, 0x62, 0xA5, 0x11, 0x87, 0x1A, 0xAB, 0x03, 0x50, 0x03, 0x2F, 0x02, 0xAE, 0x03, 0x71,
    0x0C, 0x53, 0x03, 0xF3, 0x0C, 0x33, 0x14, 0x93, 0x0C, 0x73, 0x03, 0xB2, 0x03, 0xF2, 0x0B, 0xB0,
    0x02, 0xAD, 0x03, 0x0F, 0x02, 0xEF, 0x03, 0x0F, 0x03, 0x0F, 0x03, 0x0F, 0x0B, 0x6F, 0x43, 0xAE,
    0x4B, 0x4C, 0x0A, 0x4B, 0x02, 0x4B, 0x02, 0x8C, 0x02, 0x2B, 0x01, 0xEA, 0x02, 0x4C, 0x01, 0xEA,
    0x2A, 0xCC, 0x12, 0xAC, 0x0A, 0xCD, 0x2B, 0x0D, 0x2B, 0x4E, 0x2B, 0x4E, 0x1B, 0x4E, 0x1B, 0x4E,
    0x1B, 0x6F, 0x03, 0x90, 0x03, 0x6F, 0x02, 0xEE, 0x02, 0xAD, 0x02, 0x2A, 0x01, 0xEA, 0x02, 0x2B,
    0x02, 0x4C, 0x22, 0xAC, 0x12, 0x8C, 0x02, 0x6C, 0x02, 0x4B, 0x01, 0xEB, 0x01, 0xC9, 0x01, 0x68,
    0x01, 0xA9, 0x01, 0x89, 0x01, 0xA9, 0x01, 0xEA, 0x02, 0x4C, 0x02, 0x6C, 0x02, 0xCD, 0x03, 0x8F,
    0x03, 0x8F, 0x02, 0xCD, 0x01, 0xEA, 0x01, 0x89, 0x01, 0x88, 0x01, 0x68, 0x01, 0xA9, 0x01, 0xC9,
    0x01, 0x88, 0x01, 0xEA, 0x32, 0xEB, 0x43, 0x4C, 0x2A, 0xEB, 0x09, 0xE9, 0x1A, 0x07, 0x21, 0xC5,
    0x00, 0xC3, 0x00, 0x83, 0x00, 0x63, 0x00, 0x63, 0x00, 0x83, 0x00, 0xC4, 0x00, 0xC4, 0x01, 0x27,
    0x01, 0x8A, 0x02, 0x0A, 0x51, 0x92, 0xF8, 0x1F, 0xF8, 0x1F, 0xF8, 0x1F, 0xF8, 0x1F, 0xF8, 0x1F,
    0xF8, 0x1F, 0xF8, 0x1F, 0xF8, 0x1F, 0xF8, 0x1F, 0xF8, 0x1F, 0xF8, 0x1F, 0xF8, 0x1F, 0xF8, 0x1F,
    0xF8, 0x1F, 0xF8, 0x1F, 0xF8, 0x1F, 0xF8, 0x1F, 0xF8, 0x1F, 0xF8, 0x1F, 0xF8, 0x1F, 0xF8, 0x1F,
    0xF8, 0x1F, 0xF8, 0x1F, 0xF8, 0x1F, 0xF8, 0x1F, 0xF8, 0x1F, 0xF8, 0x1F, 0xF8, 0x1F, 0xF8, 0x1F,
    0xF8, 0x1F, 0xF8, 0x1F, 0xF8, 0x1F, 0xF8, 0x1F, 0xF8, 0x1F, 0xF8, 0x1F, 0xF8, 0x1F, 0xF8, 0x1F,
    0xF8, 0x1F, 0xF8, 0x1F, 0xF8, 0x1F, 0xF8, 0x1F, 0xF8, 0x1F, 0xF8, 0x1F, 0xF8, 0x1F, 0xF8, 0x1F,
    0xF8, 0x1F, 0xF8, 0x1F, 0xF8, 0x1F, 0xF8, 0x1F, 0xF8, 0x1F, 0xF8, 0x1F, 0xF8, 0x1F, 0xF8, 0x1F,
    0xF8, 0x1F, 0xD8, 0x5D, 0x2A, 0x0F, 0x02, 0x0A, 0x02, 0x2B, 0x02, 0x4B, 0x02, 0x4B, 0x02, 0x8C,
    0x02, 0x2B, 0x01, 0x89, 0x01, 0x68, 0x01, 0xA9, 0x01, 0xEA, 0x01, 0xEA, 0x02, 0x2A, 0x02, 0x0A,
    0x01, 0xA9, 0x01, 0x88, 0x01, 0xA8, 0x01, 0x68, 0x01, 0x68, 0x01, 0xA8, 0x01, 0x67, 0x01, 0x67,
    0x01, 0x88, 0x01, 0x47, 0x01, 0x88, 0x01, 0x67, 0x01, 0x05, 0x19, 0x85, 0x19, 0xE7, 0x8B, 0xA8,
    0x1B, 0xD0, 0x02, 0xCF, 0x02, 0x2D, 0x03, 0x31, 0x14, 0x74, 0x1C, 0x94, 0x1C, 0x73, 0x14, 0x33,
    0x0C, 0x94, 0x04, 0x53, 0x14, 0x93, 0x14, 0x73, 0x0C, 0x13, 0x03, 0xD2, 0x03, 0xD2, 0x03, 0xD1,
    0x03, 0xD1, 0x0C, 0x12, 0x0B, 0xD1, 0x13, 0xD0, 0x33, 0xCF, 0x02, 0xCE, 0x02, 0x0A, 0x12, 0x8B,
    0x02, 0xCD, 0x02, 0x6C, 0x02, 0xCD, 0x02, 0xAD, 0x43, 0x0B, 0x53, 0x0B, 0x1A, 0x6B, 0x0A, 0x6B,
    0x2A, 0xCC, 0x1B, 0x0E, 0x33, 0x4E, 0x1B, 0x6F, 0x23, 0x90, 0x13, 0xB0, 0x03, 0x0D, 0x02, 0x8C,
    0x02, 0x2B, 0x01, 0xCA, 0x02, 0x0B, 0x02, 0x6C, 0x02, 0x6C, 0x02, 0x4C, 0x02, 0x4C, 0x02, 0x2B,
    0x01, 0xA9, 0x01, 0x88, 0x01, 0xC9, 0x01, 0x88, 0x01, 0x48, 0x01, 0xA9, 0x01, 0xAA, 0x02, 0x2C,
    0x02, 0x2B, 0x02, 0x2B, 0x02, 0x4C, 0x03, 0x0E, 0x14, 0x92, 0x0B, 0xF0, 0x02, 0x8D, 0x02, 0x0B,
    0x01, 0x8A, 0x01, 0x68, 0x01, 0xA9, 0x01, 0xA9, 0x01, 0x89, 0x01, 0xC9, 0x3A, 0xCA, 0x73, 0x8A,
    0x2B, 0x0C, 0x02, 0x2A, 0x02, 0x08, 0x11, 0xE7, 0x11, 0x45, 0x00, 0x83, 0x00, 0x63, 0x00, 0x42,
    0x00, 0x42, 0x00, 0x83, 0x00, 0x42, 0x00, 0x64, 0x01, 0x89, 0x21, 0x8D, 0xE8, 0x3E, 0xF8, 0x1F,
    0xF8, 0x1F, 0xF8, 0x1F, 0xF8, 0x1F, 0xF8, 0x1F, 0xF8, 0x1F, 0xF8, 0x1F, 0xF8, 0x1F, 0xF8, 0x1F,
    0xF8, 0x1F, 0xF8, 0x1F, 0xF8, 0x1F, 0xF8, 0x1F, 0xF8, 0x1F, 0xF8, 0x1F, 0xF8, 0x1F, 0xF8, 0x1F,
    0xF8, 0x1F, 0xF8, 0x1F, 0xF8, 0x1F, 0xF8, 0x1F, 0xF8, 0x1F, 0xF8, 0x1F, 0xF8, 0x1F, 0xF8, 0x1F,
    0xF8, 0x1F, 0xF8, 0x1F, 0xF8, 0x1F, 0xF8, 0x1F, 0xF8, 0x1F, 0xF8, 0x1F, 0xF8, 0x1F, 0xF8, 0x1F,
    0xF8, 0x1F, 0xF8, 0x1F, 0xF8, 0x1F, 0xF8, 0x1F, 0xF8, 0x1F, 0xF8, 0x1F, 0xF8, 0x1F, 0xF8, 0x1F,
    0xF8, 0x1F, 0xF8, 0x1F, 0xF8, 0x1F, 0xF8, 0x1F, 0xF8, 0x1F, 0xF8, 0x1F, 0xF8, 0x1F, 0xF8, 0x1F,
    0xF8, 0x1F, 0xF8, 0x1F, 0xF8, 0x1F, 0xF8, 0x1F, 0xF8, 0x1F, 0xF8, 0x1F, 0xB8, 0x7A, 0x02, 0x2B,
    0x02, 0x2B, 0x02, 0x4B, 0x02, 0x4C, 0x01, 0xA9, 0x01, 0x68, 0x01, 0x68, 0x01, 0x88, 0x01, 0x68,
    0x01, 0xCA, 0x02, 0x0A, 0x01, 0xA9, 0x01, 0xC9, 0x01, 0xC9, 0x01, 0x88, 0x01, 0x88, 0x01, 0x88,
    0x01, 0x88, 0x01, 0x67, 0x01, 0x67, 0x21, 0xE6, 0x42, 0x25, 0x01, 0x47, 0x01, 0x47, 0x01, 0x47,
    0x09, 0x66, 0x01, 0x25, 0x09, 0xE8, 0x3B, 0x2C, 0x13, 0x90, 0x03, 0x0F, 0x02, 0x8E, 0x03, 0x91,
    0x14, 0x94, 0x24, 0x94, 0x14, 0x53, 0x03, 0xD2, 0x04, 0x13, 0x04, 0x53, 0x04, 0x33, 0x03, 0xD2,
    0x03, 0xF2, 0x0B, 0xD1, 0x0B, 0xD1, 0x03, 0xB1, 0x03, 0xD1, 0x14, 0xB3, 0x1C, 0x32, 0x03, 0x2F,
    0x33, 0xCF, 0x44, 0x30, 0x03, 0x6F, 0x02, 0x0B, 0x02, 0x6C, 0x02, 0x6C, 0x02, 0xCD, 0x02, 0xAD,
    0x2A, 0x8B, 0x4B, 0x0B, 0x53, 0x0A, 0x32, 0xAB, 0x32, 0xAB, 0x02, 0xAD, 0x0B, 0x0E, 0x1B, 0x4E,
    0x0B, 0x4F, 0x0B, 0x4F, 0x02, 0x8C, 0x01, 0xCA, 0x01, 0xEA, 0x02, 0x0B, 0x02, 0x2C, 0x02, 0x4C,
    0x02, 0x2B, 0x02, 0x4C, 0x02, 0x6C, 0x01, 0xEA, 0x01, 0x48, 0x01, 0x27, 0x01, 0x88, 0x01, 0xC9,
    0x01, 0x88, 0x01, 0x68, 0x01, 0x89, 0x01, 0xEA, 0x01, 0xCB, 0x01, 0xCB, 0x02, 0x2C, 0x02, 0x0C,
    0x02, 0xCE, 0x0B, 0xAF, 0x02, 0xEE, 0x02, 0x6C, 0x02, 0x4B, 0x01, 0xA9, 0x01, 0x68, 0x01, 0x89,
    0x01, 0x68, 0x01, 0xA9, 0x0A, 0x4A, 0x42, 0xCA, 0x23, 0x0C, 0x02, 0x6B, 0x01, 0xC8, 0x0A, 0x08,
    0x2A, 0x67, 0x00, 0xE4, 0x00, 0x83, 0x00, 0x42, 0x00, 0x22, 0x00, 0x83, 0x00, 0x42, 0x00, 0x23,
    0x01, 0x66, 0x80, 0xB4, 0xF8, 0x1F, 0xF8, 0x1F, 0xF8, 0x1F, 0xF8, 0x1F, 0xF8, 0x1F, 0xF8, 0x1F,
    0xF8, 0x1F, 0xF8, 0x1F, 0xF8, 0x1F, 0xF8, 0x1F, 0xF8, 0x1F, 0xF8, 0x1F, 0xF8, 0x1F, 0xF8, 0x1F,
    0xF8, 0x1F, 0xF8, 0x1F, 0xF8, 0x1F, 0xF8, 0x1F, 0xF8, 0x1F, 0xF8, 0x1F, 0xF8, 0x1F, 0xF8, 0x1F,
    0xF8, 0x1F, 0xF8, 0x1F, 0xF8, 0x1F, 0xF8, 0x1F, 0xF8, 0x1F, 0xF8, 0x1F, 0xF8, 0x1F, 0xF8, 0x1F,
    0xF8, 0x1F, 0xF8, 0x1F, 0xF8, 0x1F, 0xF8, 0x1F, 0xF8, 0x1F, 0xF8, 0x1F, 0xF8, 0x1F, 0xF8, 0x1F,
    0xF8, 0x1F, 0xF8, 0x1F, 0xF8, 0x1F, 0xF8, 0x1F, 0xF8, 0x1F, 0xF8, 0x1F, 0xF8, 0x1F, 0xF8, 0x1F,
    0xF8, 0x1F, 0xF8, 0x1F, 0xF8, 0x1F, 0xF8, 0x1F, 0xF8, 0x1F, 0xF8, 0x1F, 0xF8, 0x1F, 0xF8, 0x1F,
    0xF8, 0x1F, 0xF8, 0x1F, 0xF8, 0x1F, 0x49, 0xD2, 0x02, 0x6B, 0x02, 0x0B, 0x01, 0xCA, 0x01, 0x68,
    0x01, 0x68, 0x01, 0x68, 0x01, 0x88, 0x01, 0xA9, 0x02, 0x0A, 0x01, 0xE9, 0x01, 0xC9, 0x01, 0xA8,
    0x01, 0x87, 0x01, 0x68, 0x01, 0xA9, 0x02, 0x0A, 0x01, 0xC9, 0x01, 0x67, 0x01, 0x27, 0x01, 0x26,
    0x11, 0x45, 0x01, 0x05, 0x09, 0x46, 0x11, 0x86, 0x01, 0x67, 0x01, 0x67, 0x01, 0x89, 0x02, 0x4D,
    0x02, 0xCF, 0x03, 0x10, 0x02, 0xAF, 0x03, 0x30, 0x0C, 0x33, 0x14, 0x53, 0x14, 0x32, 0x13, 0xD2,
    0x03, 0xB2, 0x03, 0xB1, 0x03, 0x91, 0x03, 0x50, 0x0B, 0x4F, 0x03, 0xD1, 0x14, 0x52, 0x0B, 0xD1,
    0x03, 0x70, 0x03, 0xD1, 0x0B, 0xB1, 0x03, 0x70, 0x3B, 0xAE, 0x64, 0x0E, 0x03, 0xF2, 0x03, 0x70,
    0x02, 0xCE, 0x02, 0x4C, 0x02, 0xAD, 0x02, 0x6C, 0x02, 0x2C, 0x22, 0xAC, 0x2B, 0x0C, 0x0A, 0xCD,
    0x0A, 0xAD, 0x0A, 0xCD, 0x02, 0xEE, 0x12, 0xEE, 0x03, 0x4F, 0x02, 0xEE, 0x02, 0x6C, 0x02, 0x4C,
    0x02, 0x4C, 0x02, 0x4C, 0x02, 0x2C, 0x02, 0x0B, 0x01, 0xEB, 0x02, 0x0A, 0x01, 0xEA, 0x01, 0x89,
    0x01, 0x68, 0x01, 0x67, 0x01, 0x47, 0x01, 0x67, 0x01, 0x88, 0x01, 0x48, 0x01, 0x69, 0x01, 0xA9,
    0x01, 0xEB, 0x01, 0xCA, 0x01, 0xCB, 0x02, 0x0C, 0x01, 0xEC, 0x02, 0x2C, 0x02, 0x4C, 0x01, 0x69,
    0x01, 0x48, 0x01, 0xEA, 0x01, 0x88, 0x01, 0x68, 0x01, 0x47, 0x01, 0x68, 0x01, 0xE9, 0x1A, 0x8B,
    0x0A, 0xED, 0x02, 0x8C, 0x01, 0xC9, 0x09, 0xE8, 0x2A, 0xA9, 0x12, 0x48, 0x01, 0x26, 0x00, 0x83,
    0x00, 0x43, 0x00, 0x83, 0x00, 0xA3, 0x00, 0xC5, 0x01, 0x06, 0xC0, 0x39, 0xF8, 0x1F, 0xF8, 0x1F,
    0xF8, 0x1F, 0xF8, 0x1F, 0xF8, 0x1F, 0xF8, 0x1F, 0xF8, 0x1F, 0xF8, 0x1F, 0xF8, 0x1F, 0xF8, 0x1F,
    0xF8, 0x1F, 0xF8, 0x1F, 0xF8, 0x1F, 0xF8, 0x1F, 0xF8, 0x1F, 0xF8, 0x1F, 0xF8, 0x1F, 0xF8, 0x1F,
    0xF8, 0x1F, 0xF8, 0x1F, 0xF8, 0x1F, 0xF8, 0x1F, 0xF8, 0x1F, 0xF8, 0x1F, 0xF8, 0x1F, 0xF8, 0x1F,
    0xF8, 0x1F, 0xF8, 0x1F, 0xF8, 0x1F, 0xF8, 0x1F, 0xF8, 0x1F, 0xF8, 0x1F, 0xF8, 0x1F, 0xF8, 0x1F,
    0xF8, 0x1F, 0xF8, 0x1F, 0xF8, 0x1F, 0xF8, 0x1F, 0xF8, 0x1F, 0xF8, 0x1F, 0xF8, 0x1F, 0xF8, 0x1F,
    0xF8, 0x1F, 0xF8, 0x1F, 0xF8, 0x1F, 0xF8, 0x1F, 0xF8, 0x1F, 0xF8, 0x1F, 0xF8, 0x1F, 0xF8, 0x1F,
    0xF8, 0x1F, 0xF8, 0x1F, 0xF8, 0x1F, 0xF8, 0x1F, 0xF8, 0x1F, 0xF8, 0x1F, 0xF8, 0x1F, 0x89, 0x37,
    0x02, 0xAB, 0x01, 0x8A, 0x01, 0xC9, 0x01, 0xE9, 0x01, 0xA9, 0x01, 0xC9, 0x01, 0xC9, 0x01, 0x89,
    0x01, 0xC9, 0x01, 0xA9, 0x01, 0xC8, 0x01, 0xA7, 0x01, 0x67, 0x01, 0x67, 0x01, 0xA9, 0x01, 0xC9,
    0x01, 0x88, 0x01, 0x88, 0x01, 0x68, 0x00, 0xE6, 0x01, 0x06, 0x01, 0x06, 0x19, 0x65, 0x7A, 0xE3,
    0x19, 0xE7, 0x01, 0x68, 0x01, 0xA9, 0x02, 0x8E, 0x02, 0xEF, 0x03, 0x30, 0x02, 0xAE, 0x02, 0xF0,
    0x0C, 0x33, 0x03, 0xB1, 0x03, 0x50, 0x3B, 0xCF, 0x0B, 0x70, 0x03, 0x91, 0x03, 0x90, 0x02, 0xAE,
    0x02, 0xAF, 0x03, 0x50, 0x03, 0xB1, 0x0B, 0x90, 0x03, 0x2F, 0x03, 0x0F, 0x02, 0xAE, 0x03, 0x4F,
    0x02, 0xEE, 0x02, 0xCD, 0x02, 0xCD, 0x03, 0x70, 0x03, 0xD1, 0x0B, 0x2E, 0x12, 0x4B, 0x02, 0x6C,
    0x01, 0xEB, 0x02, 0x4C, 0x02, 0x8D, 0x02, 0x6D, 0x02, 0x8D, 0x02, 0x8D, 0x02, 0x8D, 0x02, 0xCE,
    0x03, 0x0E, 0x02, 0x8D, 0x02, 0x8D, 0x02, 0xCD, 0x02, 0xAD, 0x02, 0x6C, 0x02, 0x4C, 0x01, 0xEB,
    0x01, 0x89, 0x01, 0x89, 0x01, 0xC9, 0x01, 0x89, 0x01, 0x88, 0x01, 0x67, 0x01, 0x26, 0x01, 0x47,
    0x01, 0x88, 0x01, 0xA9, 0x01, 0xA9, 0x01, 0xCA, 0x02, 0x0B, 0x02, 0x0B, 0x01, 0xCB, 0x01, 0xAB,
    0x02, 0x0C, 0x02, 0x2C, 0x02, 0x4C, 0x01, 0xAA, 0x01, 0x07, 0x01, 0xEA, 0x01, 0xC9, 0x01, 0x68,
    0x01, 0x88, 0x01, 0x68, 0x01, 0xCA, 0x42, 0xEA, 0x4B, 0x4C, 0x02, 0xAD, 0x01, 0xEA, 0x09, 0xC8,
    0x1A, 0x28, 0x1A, 0x89, 0x09, 0xC7, 0x00, 0xC4, 0x00, 0x63, 0x00, 0x63, 0x00, 0x84, 0x00, 0xE5,
    0x08, 0xE6, 0xE0, 0x1D, 0xF8, 0x1F, 0xF8, 0x1F, 0xF8, 0x1F, 0xF8, 0x1F, 0xF8, 0x1F, 0xF8, 0x1F,
    0xF8, 0x1F, 0xF8, 0x1F, 0xF8, 0x1F, 0xF8, 0x1F, 0xF8, 0x1F, 0xF8, 0x1F, 0xF8, 0x1F, 0xF8, 0x1F,
    0xF8, 0x1F, 0xF8, 0x1F, 0xF8, 0x1F, 0xF8, 0x1F, 0xF8, 0x1F, 0xF8, 0x1F, 0xF8, 0x1F, 0xF8, 0x1F,
    0xF8, 0x1F, 0xF8, 0x1F, 0xF8, 0x1F, 0xF8, 0x1F, 0xF8, 0x1F, 0xF8, 0x1F, 0xF8, 0x1F, 0xF8, 0x1F,
    0xF8, 0x1F, 0xF8, 0x1F, 0xF8, 0x1F, 0xF8, 0x1F, 0xF8, 0x1F, 0xF8, 0x1F, 0xF8, 0x1F, 0xF8, 0x1F,
    0xF8, 0x1F, 0xF8, 0x1F, 0xF8, 0x1F, 0xF8, 0x1F, 0xF8, 0x1F, 0xF8, 0x1F, 0xF8, 0x1F, 0xF8, 0x1F,
    0xF8, 0x1F, 0xF8, 0x1F, 0xF8, 0x1F, 0xF8, 0x1F, 0xF8, 0x1F, 0xF8, 0x1F, 0xF8, 0x1F, 0xF8, 0x1F,
    0xF8, 0x1F, 0xF8, 0x1F, 0xF8, 0x1F, 0xA8, 0xD9, 0x02, 0x2A, 0x01, 0xA9, 0x01, 0xC9, 0x01, 0xA9,
    0x01, 0x88, 0x01, 0xC9, 0x02, 0x09, 0x01, 0xEA, 0x01, 0xEA, 0x01, 0xE9, 0x01, 0x88, 0x01, 0x87,
    0x01, 0x87, 0x01, 0x87, 0x01, 0x67, 0x01, 0x67, 0x01, 0x67, 0x01, 0x88, 0x01, 0xA9, 0x01, 0x26,
    0x01, 0x26, 0x01, 0x06, 0x22, 0x06, 0x93, 0x23, 0x29, 0xE6, 0x01, 0x48, 0x01, 0xCA, 0x02, 0xEE,
    0x03, 0x2F, 0x02, 0xAE, 0x02, 0xAF, 0x03, 0x50, 0x04, 0x12, 0x03, 0x91, 0x03, 0x51, 0x23, 0x8F,
    0x1B, 0x4F, 0x03, 0x0F, 0x02, 0xAE, 0x02, 0xEF, 0x03, 0x10, 0x0B, 0xF2, 0x14, 0x11, 0x02, 0xCD,
    0x03, 0x2E, 0x03, 0x8F, 0x02, 0x4C, 0x01, 0xCA, 0x01, 0x88, 0x01, 0x68, 0x02, 0x09, 0x02, 0x0A,
    0x03, 0x70, 0x03, 0xB0, 0x03, 0x0F, 0x02, 0xCD, 0x1A, 0x09, 0x0A, 0x0A, 0x02, 0x0C, 0x02, 0x2D,
    0x02, 0x6D, 0x02, 0x8E, 0x02, 0x8D, 0x02, 0xCE, 0x02, 0xCD, 0x02, 0xAD, 0x02, 0x8D, 0x02, 0x4C,
    0x02, 0x2C, 0x02, 0x2C, 0x01, 0xEA, 0x01, 0x68, 0x01, 0x68, 0x01, 0xA8, 0x01, 0xC9, 0x01, 0x68,
    0x01, 0x48, 0x01, 0x47, 0x01, 0x48, 0x01, 0x88, 0x01, 0xC9, 0x01, 0xEA, 0x01, 0xEB, 0x01, 0xEB,
    0x02, 0x0B, 0x02, 0x0B, 0x01, 0xEB, 0x02, 0x0C, 0x02, 0x6C, 0x02, 0x0C, 0x02, 0x6D, 0x02, 0x2C,
    0x01, 0xA9, 0x01, 0xEA, 0x01, 0xA9, 0x01, 0x89, 0x01, 0xA9, 0x01, 0x88, 0x01, 0xCA, 0x2A, 0xCB,
    0x4B, 0x6D, 0x03, 0x0E, 0x02, 0x2B, 0x09, 0xE8, 0x21, 0xE7, 0x22, 0x07, 0x11, 0xA6, 0x00, 0xA4,
    0x00, 0x63, 0x00, 0x63, 0x00, 0x83, 0x01, 0x04, 0x08, 0x85, 0xF0, 0x1E, 0xF8, 0x1F, 0xF8, 0x1F,
    0xF8, 0x1F, 0xF8, 0x1F, 0xF8, 0x1F, 0xF8, 0x1F, 0xF8, 0x1F, 0xF8, 0x1F, 0xF8, 0x1F, 0xF8, 0x1F,
    0xF8, 0x1F, 0xF8, 0x1F, 0xF8, 0x1F, 0xF8, 0x1F, 0xF8, 0x1F, 0xF8, 0x1F, 0xF8, 0x1F, 0xF8, 0x1F,
    0xF8, 0x1F, 0xF8, 0x1F, 0xF8, 0x1F, 0xF8, 0x1F, 0xF8, 0x1F, 0xF8, 0x1F, 0xF8, 0x1F, 0xF8, 0x1F,
    0xF8, 0x1F, 0xF8, 0x1F, 0xF8, 0x1F, 0xF8, 0x1F, 0xF8, 0x1F, 0xF8, 0x1F, 0xF8, 0x1F, 0xF8, 0x1F,
    0xF8, 0x1F, 0xF8, 0x1F, 0xF8, 0x1F, 0xF8, 0x1F, 0xF8, 0x1F, 0xF8, 0x1F, 0xF8, 0x1F, 0xF8, 0x1F,
    0xF8, 0x1F, 0xF8, 0x1F, 0xF8, 0x1F, 0xF8, 0x1F, 0xF8, 0x1F, 0xF8, 0x1F, 0xF8, 0x1F, 0xF8, 0x1F,
    0xF8, 0x1F, 0xF8, 0x1F, 0xF8, 0x1F, 0xF8, 0x1F, 0xF8, 0x1F, 0xF8, 0x1F, 0xF8, 0x1F, 0xB8, 0x9A,
    0x01, 0xA9, 0x01, 0x68, 0x01, 0x88, 0x01, 0xA8, 0x01, 0xA9, 0x01, 0xC9, 0x01, 0xC9, 0x02, 0x4B,
    0x02, 0x6B, 0x01, 0xE9, 0x01, 0x88, 0x01, 0x47, 0x01, 0xA8, 0x02, 0x09, 0x01, 0x26, 0x01, 0x26,
    0x01, 0x46, 0x01, 0x47, 0x01, 0x67, 0x01, 0x26, 0x01, 0x26, 0x01, 0x47, 0x09, 0xC8, 0x19, 0x66,
    0x01, 0x26, 0x01, 0xEA, 0x02, 0x2C, 0x02, 0x4D, 0x02, 0xAE, 0x02, 0x8E, 0x02, 0xCF, 0x03, 0xB1,
    0x04, 0x32, 0x03, 0x91, 0x03, 0xD1, 0x03, 0xD1, 0x0B, 0x2E, 0x02, 0x8E, 0x03, 0x10, 0x0B, 0xF2,
    0x03, 0xD2, 0x24, 0xF4, 0x3C, 0xF3, 0x03, 0x2F, 0x02, 0xCD, 0x02, 0x6C, 0x01, 0xEB, 0x01, 0xEA,
    0x01, 0x88, 0x01, 0x26, 0x01, 0x87, 0x01, 0x06, 0x01, 0x88, 0x02, 0x6C, 0x03, 0x0D, 0x13, 0x2E,
    0x19, 0xE8, 0x5A, 0xC8, 0x22, 0x4A, 0x02, 0x0C, 0x02, 0x2D, 0x02, 0x6D, 0x1A, 0xAC, 0x0A, 0xEE,
    0x03, 0x0E, 0x12, 0xCD, 0x02, 0x6C, 0x02, 0x0B, 0x01, 0xAA, 0x01, 0x89, 0x01, 0x48, 0x01, 0x48,
    0x01, 0x07, 0x00, 0xE6, 0x01, 0x47, 0x01, 0x68, 0x01, 0x48, 0x01, 0x68, 0x01, 0x89, 0x01, 0xEB,
    0x02, 0x0B, 0x02, 0x4C, 0x02, 0x4C, 0x01, 0xEB, 0x02, 0x2B, 0x02, 0x2C, 0x01, 0xEC, 0x02, 0x0C,
    0x02, 0x4C, 0x02, 0x6D, 0x02, 0x4D, 0x02, 0x2C, 0x01, 0xCA, 0x02, 0x2B, 0x01, 0xEA, 0x01, 0x88,
    0x01, 0x47, 0x01, 0x68, 0x01, 0xEA, 0x22, 0xAB, 0x43, 0x4C, 0x03, 0x0E, 0x02, 0x4B, 0x01, 0xA8,
    0x09, 0xC7, 0x1A, 0x48, 0x22, 0x07, 0x00, 0xA3, 0x00, 0x43, 0x00, 0x43, 0x00, 0x84, 0x01, 0x25,
    0x08, 0x84, 0xF0, 0x1E, 0xF8, 0x1F, 0xF8, 0x1F, 0xF8, 0x1F, 0xF8, 0x1F, 0xF8, 0x1F, 0xF8, 0x1F,
    0xF8, 0x1F, 0xF8, 0x1F, 0xF8, 0x1F, 0xF8, 0x1F, 0xF8, 0x1F, 0xF8, 0x1F, 0xF8, 0x1F, 0xF8, 0x1F,
    0xF8, 0x1F, 0xF8, 0x1F, 0xF8, 0x1F, 0xF8, 0x1F, 0xF8, 0x1F, 0xF8, 0x1F, 0xF8, 0x1F, 0xF8, 0x1F,
    0xF8, 0x1F, 0xF8, 0x1F, 0xF8, 0x1F, 0xF8, 0x1F, 0xF8, 0x1F, 0xF8, 0x1F, 0xF8, 0x1F, 0xF8, 0x1F,
    0xF8, 0x1F, 0xF8, 0x1F, 0xF8, 0x1F, 0xF8, 0x1F, 0xF8, 0x1F, 0xF8, 0x1F, 0xF8, 0x1F, 0xF8, 0x1F,
    0xF8, 0x1F, 0xF8, 0x1F, 0xF8, 0x1F, 0xF8, 0x1F, 0xF8, 0x1F, 0xF8, 0x1F, 0xF8, 0x1F, 0xF8, 0x1F,
    0xF8, 0x1F, 0xF8, 0x1F, 0xF8, 0x1F, 0xF8, 0x1F, 0xF8, 0x1F, 0xF8, 0x1F, 0xF8, 0x1F, 0xF8, 0x1F,
    0xF8, 0x1F, 0xF8, 0x1F, 0xF8, 0x1F, 0xB8, 0x79, 0x01, 0xA9, 0x01, 0x88, 0x01, 0xA9, 0x01, 0xC9,
    0x01, 0xC9, 0x01, 0xC8, 0x01, 0x88, 0x01, 0xA8, 0x01, 0xC9, 0x01, 0xA8, 0x01, 0x88, 0x01, 0x67,
    0x02, 0x2A, 0x02, 0x09, 0x01, 0x46, 0x11, 0x46, 0x09, 0x45, 0x01, 0x06, 0x00, 0xC6, 0x00, 0xC5,
    0x01, 0x26, 0x01, 0x47, 0x01, 0x88, 0x01, 0x68, 0x01, 0xAA, 0x02, 0x2C, 0x02, 0x8E, 0x02, 0xAE,
    0x02, 0xAE, 0x02, 0xCF, 0x02, 0xCF, 0x03, 0x91, 0x03, 0xB1, 0x03, 0x71, 0x0B, 0xB1, 0x03, 0x4F,
    0x0B, 0x2F, 0x03, 0x0F, 0x03, 0x71, 0x03, 0x91, 0x03, 0xB1, 0x03, 0xD1, 0x03, 0x0F, 0x02, 0x8D,
    0x02, 0x6C, 0x01, 0xCA, 0x02, 0x0B, 0x02, 0x4B, 0x01, 0xA8, 0x01, 0x25, 0x01, 0x25, 0x00, 0x83,
    0x00, 0x83, 0x09, 0xA7, 0x0A, 0x29, 0x0A, 0x09, 0x01, 0x48, 0x1A, 0x08, 0x6B, 0x08, 0x12, 0x2B,
    0x02, 0x0C, 0x02, 0x4D, 0x12, 0xAD, 0x0A, 0xCE, 0x02, 0xAD, 0x02, 0x4C, 0x01, 0xEA, 0x01, 0x68,
    0x01, 0x27, 0x01, 0x27, 0x00, 0xE7, 0x00, 0xE6, 0x01, 0x07, 0x01, 0x07, 0x01, 0x88, 0x01, 0xC9,
    0x01, 0xC9, 0x01, 0xA9, 0x01, 0xCB, 0x02, 0x2B, 0x02, 0x2C, 0x02, 0x4C, 0x02, 0x8D, 0x02, 0x0B,
    0x01, 0x8A, 0x02, 0x2C, 0x02, 0x2C, 0x02, 0x0C, 0x02, 0x2D, 0x02, 0x8D, 0x02, 0x4D, 0x02, 0x4D,
    0x01, 0xEB, 0x02, 0x0A, 0x01, 0xC9, 0x00, 0xE5, 0x00, 0x23, 0x00, 0xC6, 0x01, 0xEA, 0x1A, 0x6A,
    0x4B, 0x0C, 0x13, 0x2D, 0x02, 0x4B, 0x01, 0xA9, 0x01, 0xC8, 0x1A, 0x48, 0x22, 0x27, 0x01, 0x04,
    0x00, 0x83, 0x00, 0x42, 0x00, 0x43, 0x00, 0x82, 0x08, 0x84, 0xF0, 0x1E, 0xF8, 0x1F, 0xF8, 0x1F,
    0xF8, 0x1F, 0xF8, 0x1F, 0xF8, 0x1F, 0xF8, 0x1F, 0xF8, 0x1F, 0xF8, 0x1F, 0xF8, 0x1F, 0xF8, 0x1F,
    0xF8, 0x1F, 0xF8, 0x1F, 0xF8, 0x1F, 0xF8, 0x1F, 0xF8, 0x1F, 0xF8, 0x1F, 0xF8, 0x1F, 0xF8, 0x1F,
    0xF8, 0x1F, 0xF8, 0x1F, 0xF8, 0x1F, 0xF8, 0x1F, 0xF8, 0x1F, 0xF8, 0x1F, 0xF8, 0x1F, 0xF8, 0x1F,
    0xF8, 0x1F, 0xF8, 0x1F, 0xF8, 0x1F, 0xF8, 0x1F, 0xF8, 0x1F, 0xF8, 0x1F, 0xF8, 0x1F, 0xF8, 0x1F,
    0xF8, 0x1F, 0xF8, 0x1F, 0xF8, 0x1F, 0xF8, 0x1F, 0xF8, 0x1F, 0xF8, 0x1F, 0xF8, 0x1F, 0xF8, 0x1F,
    0xF8, 0x1F, 0xF8, 0x1F, 0xF8, 0x1F, 0xF8, 0x1F, 0xF8, 0x1F, 0xF8, 0x1F, 0xF8, 0x1F, 0xF8, 0x1F,
    0xF8, 0x1F, 0xF8, 0x1F, 0xF8, 0x1F, 0xF8, 0x1F, 0xF8, 0x1F, 0xF8, 0x1F, 0xF8, 0x1F, 0xB8, 0x79,
    0x01, 0xE9, 0x01, 0xA8, 0x01, 0x68, 0x01, 0xA8, 0x01, 0x46, 0x01, 0x47, 0x01, 0x88, 0x01, 0xC9,
    0x01, 0xA8, 0x01, 0xE9, 0x01, 0x88, 0x01, 0x68, 0x01, 0xC8, 0x01, 0x88, 0x01, 0x67, 0x09, 0x45,
    0x08, 0xE5, 0x00, 0xC6, 0x00, 0x85, 0x00, 0xE5, 0x01, 0x47, 0x01, 0x87, 0x01, 0x47, 0x01, 0xAA,
    0x02, 0x6D, 0x02, 0x6D, 0x02, 0x6E, 0x03, 0x0F, 0x02, 0xAE, 0x02, 0x8E, 0x02, 0xCF, 0x03, 0x70,
    0x03, 0x30, 0x0B, 0x90, 0x13, 0x90, 0x0A, 0xEE, 0x02, 0x6D, 0x0B, 0x0E, 0x03, 0x30, 0x02, 0xCF,
    0x03, 0x0F, 0x02, 0xCE, 0x02, 0x0B, 0x02, 0x2B, 0x01, 0xA8, 0x01, 0xA7, 0x01, 0x67, 0x01, 0x46,
    0x01, 0x05, 0x00, 0xA3, 0x00, 0x21, 0x00, 0x21, 0x00, 0x41, 0x00, 0x83, 0x00, 0xE4, 0x01, 0x46,
    0x01, 0x88, 0x01, 0x68, 0x21, 0xE8, 0x2A, 0x8A, 0x0A, 0x6C, 0x02, 0x4D, 0x02, 0x8D, 0x02, 0x8C,
    0x02, 0x2B, 0x01, 0xAA, 0x01, 0x48, 0x00, 0xE7, 0x00, 0xE6, 0x00, 0xE6, 0x00, 0xE6, 0x01, 0x27,
    0x01, 0x68, 0x01, 0x88, 0x01, 0x69, 0x01, 0x89, 0x01, 0xAA, 0x01, 0xAA, 0x01, 0xEB, 0x02, 0x2C,
    0x02, 0x0C, 0x02, 0x2D, 0x02, 0x8D, 0x02, 0x6D, 0x01, 0xEB, 0x02, 0x0C, 0x02, 0x4C, 0x02, 0x4D,
    0x01, 0xEC, 0x02, 0x0D, 0x02, 0x2D, 0x01, 0xEB, 0x02, 0x2B, 0x01, 0xCA, 0x01, 0xA9, 0x00, 0xE5,
    0x00, 0x64, 0x01, 0x27, 0x01, 0xE9, 0x1A, 0x8B, 0x2B, 0x0C, 0x2B, 0x2D, 0x02, 0x4B, 0x01, 0xC9,
    0x09, 0xC8, 0x1A, 0x07, 0x19, 0xC6, 0x00, 0xC4, 0x00, 0xC4, 0x00, 0xC4, 0x00, 0x22, 0x00, 0x42,
    0x08, 0x44, 0xF0, 0x1E, 0xF8, 0x1F, 0xF8, 0x1F, 0xF8, 0x1F, 0xF8, 0x1F, 0xF8, 0x1F, 0xF8, 0x1F,
    0xF8, 0x1F, 0xF8, 0x1F, 0xF8, 0x1F, 0xF8, 0x1F, 0xF8, 0x1F, 0xF8, 0x1F, 0xF8, 0x1F, 0xF8, 0x1F,
    0xF8, 0x1F, 0xF8, 0x1F, 0xF8, 0x1F, 0xF8, 0x1F, 0xF8, 0x1F, 0xF8, 0x1F, 0xF8, 0x1F, 0xF8, 0x1F,
    0xF8, 0x1F, 0xF8, 0x1F, 0xF8, 0x1F, 0xF8, 0x1F, 0xF8, 0x1F, 0xF8, 0x1F, 0xF8, 0x1F, 0xF8, 0x1F,
    0xF8, 0x1F, 0xF8, 0x1F, 0xF8, 0x1F, 0xF8, 0x1F, 0xF8, 0x1F, 0xF8, 0x1F, 0xF8, 0x1F, 0xF8, 0x1F,
    0xF8, 0x1F, 0xF8, 0x1F, 0xF8, 0x1F, 0xF8, 0x1F, 0xF8, 0x1F, 0xF8, 0x1F, 0xF8, 0x1F, 0xF8, 0x1F,
    0xF8, 0x1F, 0xF8, 0x1F, 0xF8, 0x1F, 0xF8, 0x1F, 0xF8, 0x1F, 0xF8, 0x1F, 0xF8, 0x1F, 0xF8, 0x1F,
    0xF8, 0x1F, 0xF8, 0x1F, 0xF8, 0x1F, 0xB8, 0x79, 0x01, 0xC8, 0x01, 0x46, 0x01, 0x06, 0x01, 0x46,
    0x09, 0x26, 0x01, 0x87, 0x01, 0xC9, 0x01, 0xA8, 0x01, 0xA8, 0x01, 0xE8, 0x01, 0x87, 0x01, 0x27,
    0x01, 0x26, 0x01, 0x26, 0x01, 0x47, 0x01, 0x26, 0x01, 0x05, 0x01, 0x07, 0x01, 0x27, 0x01, 0x46,
    0x01, 0xC9, 0x01, 0xA8, 0x01, 0x69, 0x02, 0x0C, 0x02, 0x6E, 0x02, 0xAF, 0x02, 0x8E, 0x02, 0xAE,
    0x02, 0xAE, 0x02, 0x4D, 0x02, 0xEF, 0x03, 0x70, 0x02, 0xEF, 0x23, 0x4E, 0x33, 0x8E, 0x23, 0x4E,
    0x1B, 0x0D, 0x02, 0xAD, 0x02, 0xAE, 0x03, 0x2F, 0x02, 0xAD, 0x01, 0x8A, 0x0A, 0x8C, 0x12, 0x8A,
    0x00, 0x62, 0x00, 0x62, 0x00, 0x62, 0x00, 0x22, 0x00, 0x42, 0x00, 0x41, 0x00, 0x41, 0x00, 0x21,
    0x00, 0x21, 0x00, 0x01, 0x00, 0x22, 0x00, 0x83, 0x01, 0xCA, 0x01, 0xA9, 0x01, 0x89, 0x42, 0xA9,
    0x42, 0xCB, 0x02, 0x6C, 0x02, 0x2C, 0x01, 0xEA, 0x01, 0x88, 0x01, 0x47, 0x01, 0x07, 0x01, 0x06,
    0x01, 0x06, 0x01, 0x07, 0x01, 0x27, 0x01, 0x88, 0x01, 0x89, 0x01, 0xCA, 0x01, 0x8A, 0x01, 0xCB,
    0x02, 0x2D, 0x02, 0x6D, 0x02, 0x4D, 0x02, 0x8E, 0x02, 0x8E, 0x02, 0x6D, 0x02, 0x6D, 0x02, 0x6C,
    0x02, 0x0C, 0x02, 0x2D, 0x02, 0x4D, 0x02, 0x4D, 0x02, 0x0D, 0x02, 0x2D, 0x02, 0x0C, 0x02, 0x0B,
    0x02, 0x2B, 0x01, 0x89, 0x01, 0x88, 0x01, 0x68, 0x01, 0x88, 0x01, 0xC9, 0x02, 0x0B, 0x1A, 0xAC,
    0x2B, 0x0D, 0x22, 0xEC, 0x02, 0x4B, 0x01, 0xEA, 0x01, 0xE8, 0x19, 0xE7, 0x19, 0x85, 0x00, 0xA3,
    0x00, 0xE4, 0x00, 0xE5, 0x00, 0x63, 0x00, 0x21, 0x08, 0x43, 0xF0, 0x1E, 0xF8, 0x1F, 0xF8, 0x1F,
    0xF8, 0x1F, 0xF8, 0x1F, 0xF8, 0x1F, 0xF8, 0x1F, 0xF8, 0x1F, 0xF8, 0x1F, 0xF8, 0x1F, 0xF8, 0x1F,
    0xF8, 0x1F, 0xF8, 0x1F, 0xF8, 0x1F, 0xF8, 0x1F, 0xF8, 0x1F, 0xF8, 0x1F, 0xF8, 0x1F, 0xF8, 0x1F,
    0xF8, 0x1F, 0xF8, 0x1F, 0xF8, 0x1F, 0xF8, 0x1F, 0xF8, 0x1F, 0xF8, 0x1F, 0xF8, 0x1F, 0xF8, 0x1F,
    0xF8, 0x1F, 0xF8, 0x1F, 0xF8, 0x1F, 0xF8, 0x1F, 0xF8, 0x1F, 0xF8, 0x1F, 0xF8, 0x1F, 0xF8, 0x1F,
    0xF8, 0x1F, 0xF8, 0x1F, 0xF8, 0x1F, 0xF8, 0x1F, 0xF8, 0x1F, 0xF8, 0x1F, 0xF8, 0x1F, 0xF8, 0x1F,
    0xF8, 0x1F, 0xF8, 0x1F, 0xF8, 0x1F, 0xF8, 0x1F, 0xF8, 0x1F, 0xF8, 0x1F, 0xF8, 0x1F, 0xF8, 0x1F,
    0xF8, 0x1F, 0xF8, 0x1F, 0xF8, 0x1F, 0xF8, 0x1F, 0xF8, 0x1F, 0xF8, 0x1F, 0xF8, 0x1F, 0xB8, 0x99,
    0x01, 0x66, 0x01, 0x06, 0x11, 0x46, 0x21, 0xE7, 0x29, 0xE7, 0x11, 0xC8, 0x01, 0x88, 0x01, 0x88,
    0x01, 0x67, 0x01, 0x47, 0x01, 0x46, 0x01, 0x26, 0x01, 0x05, 0x00, 0xC5, 0x00, 0xC5, 0x01, 0x46,
    0x01, 0x46, 0x01, 0x47, 0x01, 0x47, 0x01, 0x47, 0x01, 0x47, 0x01, 0x28, 0x02, 0x0B, 0x02, 0x4D,
    0x02, 0x0C, 0x02, 0xAE, 0x02, 0xCE, 0x02, 0xAE, 0x03, 0x0F, 0x03, 0x10, 0x02, 0xEF, 0x03, 0x0E,
    0x02, 0xCE, 0x0A, 0xEF, 0x0B, 0x50, 0x23, 0x2D, 0x23, 0x2D, 0x0B, 0x0E, 0x02, 0x0B, 0x02, 0x2B,
    0x1A, 0x08, 0x09, 0xA8, 0x12, 0xCC, 0x1A, 0x48, 0x00, 0x21, 0x00, 0x01, 0x00, 0x01, 0x00, 0x00,
    0x00, 0x00, 0x00, 0x01, 0x00, 0x42, 0x00, 0xA4, 0x00, 0x83, 0x00, 0xA4, 0x00, 0xA4, 0x08, 0x42,
    0x01, 0xEB, 0x01, 0xCA, 0x01, 0xA9, 0x01, 0xA9, 0x02, 0x2B, 0x02, 0x2B, 0x01, 0xEB, 0x01, 0x89,
    0x01, 0x48, 0x01, 0x27, 0x01, 0x28, 0x01, 0x07, 0x01, 0x06, 0x01, 0x48, 0x01, 0x89, 0x01, 0xC9,
    0x01, 0xAA, 0x01, 0xEB, 0x02, 0x2D, 0x02, 0x6E, 0x03, 0x30, 0x03, 0x0F, 0x02, 0xCF, 0x02, 0x6E,
    0x02, 0x2C, 0x01, 0xAA, 0x01, 0x89, 0x01, 0xEB, 0x02, 0x0C, 0x02, 0x6E, 0x02, 0xCF, 0x02, 0xEF,
    0x02, 0x6E, 0x02, 0x0C, 0x01, 0xCA, 0x01, 0xEB, 0x01, 0xCA, 0x01, 0xA9, 0x01, 0x88, 0x01, 0x48,
    0x01, 0xC9, 0x02, 0x0A, 0x32, 0xCB, 0x3A, 0xEC, 0x12, 0xCD, 0x02, 0x8C, 0x01, 0xEA, 0x01, 0xE9,
    0x12, 0x49, 0x22, 0x07, 0x11, 0x64, 0x00, 0xA3, 0x01, 0x05, 0x00, 0xC4, 0x00, 0x43, 0x00, 0x21,
    0x08, 0x23, 0xF0, 0x1E, 0xF8, 0x1F, 0xF8, 0x1F, 0xF8, 0x1F, 0xF8, 0x1F, 0xF8, 0x1F, 0xF8, 0x1F,
    0xF8, 0x1F, 0xF8, 0x1F, 0xF8, 0x1F, 0xF8, 0x1F, 0xF8, 0x1F, 0xF8, 0x1F, 0xF8, 0x1F, 0xF8, 0x1F,
    0xF8, 0x1F, 0xF8, 0x1F, 0xF8, 0x1F, 0xF8, 0x1F, 0xF8, 0x1F, 0xF8, 0x1F, 0xF8, 0x1F, 0xF8, 0x1F,
    0xF8, 0x1F, 0xF8, 0x1F, 0xF8, 0x1F, 0xF8, 0x1F, 0xF8, 0x1F, 0xF8, 0x1F, 0xF8, 0x1F, 0xF8, 0x1F,
    0xF8, 0x1F, 0xF8, 0x1F, 0xF8, 0x1F, 0xF8, 0x1F, 0xF8, 0x1F, 0xF8, 0x1F, 0xF8, 0x1F, 0xF8, 0x1F,
    0xF8, 0x1F, 0xF8, 0x1F, 0xF8, 0x1F, 0xF8, 0x1F, 0xF8, 0x1F, 0xF8, 0x1F, 0xF8, 0x1F, 0xF8, 0x1F,
    0xF8, 0x1F, 0xF8, 0x1F, 0xF8, 0x1F, 0xF8, 0x1F, 0xF8, 0x1F, 0xF8, 0x1F, 0xF8, 0x1F, 0xF8, 0x1F,
    0xF8, 0x1F, 0xF8, 0x1F, 0xF8, 0x1F, 0xB8, 0x58, 0x01, 0x05, 0x09, 0x25, 0x19, 0x86, 0x2A, 0x28,
    0x22, 0x08, 0x09, 0xC8, 0x01, 0x67, 0x01, 0x26, 0x01, 0x06, 0x01, 0x06, 0x01, 0x06, 0x01, 0x05,
    0x00, 0xC4, 0x00, 0xA4, 0x00, 0xC5, 0x01, 0x06, 0x01, 0x26, 0x11, 0x66, 0x01, 0x26, 0x01, 0x26,
    0x01, 0x27, 0x01, 0x07, 0x01, 0x8A, 0x02, 0x8D, 0x02, 0x2D, 0x02, 0xAE, 0x02, 0xAE, 0x02, 0xEF,
    0x02, 0xAE, 0x03, 0x0F, 0x02, 0xCE, 0x02, 0x4D, 0x02, 0xCF, 0x03, 0x51, 0x03, 0x30, 0x02, 0x6D,
    0x02, 0x0C, 0x1A, 0xED, 0x02, 0x2C, 0x09, 0xEA, 0x1A, 0x8A, 0x12, 0x08, 0x01, 0x05, 0x00, 0xE4,
    0x00, 0x42, 0x00, 0x00, 0x00, 0x00, 0x00, 0x63, 0x01, 0x26, 0x01, 0x26, 0x01, 0x68, 0x02, 0x2A,
    0x02, 0x2A, 0x02, 0x2A, 0x12, 0x4A, 0x2A, 0x28, 0x02, 0x0B, 0x01, 0xEB, 0x01, 0xEA, 0x01, 0xCA,
    0x01, 0xEB, 0x02, 0x2C, 0x02, 0x2C, 0x01, 0x89, 0x01, 0x27, 0x01, 0x07, 0x01, 0x47, 0x01, 0x07,
    0x01, 0x27, 0x01, 0x88, 0x01, 0x89, 0x01, 0xAA, 0x01, 0xEB, 0x02, 0x0C, 0x02, 0x4D, 0x02, 0xAE,
    0x02, 0xCF, 0x02, 0xCF, 0x02, 0xAF, 0x02, 0x2D, 0x01, 0x29, 0x00, 0xC7, 0x00, 0xA6, 0x01, 0x08,
    0x02, 0x4D, 0x03, 0x0F, 0x03, 0x10, 0x02, 0xEF, 0x02, 0x4D, 0x01, 0xEB, 0x01, 0xAA, 0x01, 0x8A,
    0x02, 0x0B, 0x02, 0x0A, 0x01, 0x88, 0x01, 0x88, 0x01, 0xC9, 0x0A, 0x0A, 0x43, 0x0C, 0x33, 0x0C,
    0x02, 0x6C, 0x02, 0x2B, 0x01, 0xEA, 0x02, 0x09, 0x2A, 0x89, 0x32, 0x47, 0x09, 0x44, 0x00, 0x63,
    0x00, 0xA4, 0x00, 0xC4, 0x00, 0x43, 0x00, 0x21, 0x08, 0x02, 0xF0, 0x1E, 0xF8, 0x1F, 0xF8, 0x1F,
    0xF8, 0x1F, 0xF8, 0x1F, 0xF8, 0x1F, 0xF8, 0x1F, 0xF8, 0x1F, 0xF8, 0x1F, 0xF8, 0x1F, 0xF8, 0x1F,
    0xF8, 0x1F, 0xF8, 0x1F, 0xF8, 0x1F, 0xF8, 0x1F, 0xF8, 0x1F, 0xF8, 0x1F, 0xF8, 0x1F, 0xF8, 0x1F,
    0xF8, 0x1F, 0xF8, 0x1F, 0xF8, 0x1F, 0xF8, 0x1F, 0xF8, 0x1F, 0xF8, 0x1F, 0xF8, 0x1F, 0xF8, 0x1F,
    0xF8, 0x1F, 0xF8, 0x1F, 0xF8, 0x1F, 0xF8, 0x1F, 0xF8, 0x1F, 0xF8, 0x1F, 0xF8, 0x1F, 0xF8, 0x1F,
    0xF8, 0x1F, 0xF8, 0x1F, 0xF8, 0x1F, 0xF8, 0x1F, 0xF8, 0x1F, 0xF8, 0x1F, 0xF8, 0x1F, 0xF8, 0x1F,
    0xF8, 0x1F, 0xF8, 0x1F, 0xF8, 0x1F, 0xF8, 0x1F, 0xF8, 0x1F, 0xF8, 0x1F, 0xF8, 0x1F, 0xF8, 0x1F,
    0xF8, 0x1F, 0xF8, 0x1F, 0xF8, 0x1F, 0xF8, 0x1F, 0xF8, 0x1F, 0xF8, 0x1F, 0xF8, 0x1F, 0xB8, 0x59,
    0x01, 0x46, 0x09, 0x25, 0x09, 0x04, 0x11, 0xA7, 0x09, 0xC8, 0x01, 0x67, 0x01, 0x47, 0x01, 0x26,
    0x00, 0xE5, 0x00, 0xE5, 0x00, 0xE5, 0x01, 0x06, 0x00, 0xE5, 0x00, 0xC5, 0x00, 0xC5, 0x00, 0xE5,
    0x00, 0xC5, 0x11, 0x44, 0x01, 0x26, 0x01, 0x26, 0x01, 0x47, 0x00, 0xE6, 0x01, 0x48, 0x02, 0x6D,
    0x02, 0xAE, 0x02, 0x6D, 0x02, 0x6D, 0x03, 0x0F, 0x02, 0xAE, 0x12, 0xCD, 0x1A, 0xAC, 0x02, 0xAE,
    0x03, 0x30, 0x03, 0x71, 0x0B, 0x2F, 0x0A, 0xEE, 0x02, 0x8E, 0x02, 0xEF, 0x02, 0x8D, 0x02, 0x0B,
    0x01, 0xEA, 0x01, 0x47, 0x00, 0xC4, 0x00, 0x62, 0x00, 0x41, 0x00, 0x00, 0x00, 0xA4, 0x01, 0xEA,
    0x02, 0xAC, 0x02, 0x2A, 0x02, 0x6B, 0x02, 0xAD, 0x02, 0xAD, 0x0A, 0x8B, 0x53, 0x4B, 0x02, 0x6B,
    0x01, 0xCA, 0x02, 0x0B, 0x02, 0x0B, 0x02, 0x0A, 0x01, 0xEA, 0x02, 0x0B, 0x01, 0xEB, 0x01, 0x68,
    0x01, 0x07, 0x01, 0x07, 0x01, 0x27, 0x00, 0xE6, 0x01, 0x28, 0x01, 0xA9, 0x01, 0xCA, 0x01, 0xEB,
    0x02, 0x2C, 0x02, 0x2C, 0x02, 0x2D, 0x02, 0x6D, 0x02, 0x4D, 0x02, 0x6E, 0x02, 0x8E, 0x02, 0x4D,
    0x01, 0x28, 0x00, 0xA7, 0x00, 0xA7, 0x01, 0xAA, 0x02, 0xAE, 0x02, 0xEF, 0x02, 0xCF, 0x02, 0xCF,
    0x02, 0x4E, 0x01, 0xCB, 0x01, 0xEB, 0x01, 0xCA, 0x01, 0xEA, 0x01, 0xCA, 0x01, 0x68, 0x01, 0xA8,
    0x01, 0xEA, 0x0A, 0xCD, 0x0B, 0x0E, 0x02, 0xAD, 0x02, 0x6C, 0x02, 0x0A, 0x02, 0x09, 0x12, 0x49,
    0x32, 0xA8, 0x2A, 0x06, 0x00, 0xC4, 0x00, 0x63, 0x00, 0x83, 0x00, 0x83, 0x00, 0x63, 0x00, 0x21,
    0x08, 0x02, 0xF0, 0x1E, 0xF8, 0x1F, 0xF8, 0x1F, 0xF8, 0x1F, 0xF8, 0x1F, 0xF8, 0x1F, 0xF8, 0x1F,
    0xF8, 0x1F, 0xF8, 0x1F, 0xF8, 0x1F, 0xF8, 0x1F, 0xF8, 0x1F, 0xF0, 0x1E, 0xF0, 0x1E, 0xF0, 0x1E,
    0xF0, 0x1E, 0xF0, 0x1E, 0xF0, 0x1E, 0xF0, 0x1E, 0xF0, 0x1E, 0xF0, 0x1E, 0xF0, 0x1E, 0xF0, 0x1E,
    0xF0, 0x1E, 0xF8, 0x1F, 0xF8, 0x1F, 0xF8, 0x1F, 0xF8, 0x1F, 0xF8, 0x1F, 0xF8, 0x1F, 0xF8, 0x1F,
    0xF8, 0x1F, 0xF8, 0x1F, 0xF8, 0x1F, 0xF8, 0x1F, 0xF8, 0x1F, 0xF0, 0x1E, 0xF0, 0x1E, 0xF0, 0x1E,
    0xF0, 0x1E, 0xF0, 0x1E, 0xF0, 0x1E, 0xF0, 0x1E, 0xF0, 0x1E, 0xF0, 0x1E, 0xF0, 0x1E, 0xF0, 0x1E,
    0xF8, 0x1F, 0xF8, 0x1F, 0xF8, 0x1F, 0xF8, 0x1F, 0xF8, 0x1F, 0xF8, 0x1F, 0xF8, 0x1F, 0xF8, 0x1F,
    0xF8, 0x1F, 0xF8, 0x1F, 0xF8, 0x1F, 0xB8, 0x79, 0x01, 0x66, 0x09, 0x04, 0x01, 0x05, 0x1A, 0x29,
    0x12, 0x09, 0x01, 0x87, 0x01, 0x67, 0x01, 0x26, 0x01, 0x05, 0x00, 0xE5, 0x01, 0x26, 0x01, 0x26,
    0x01, 0x06, 0x00, 0xE5, 0x00, 0xC5, 0x00, 0x84, 0x00, 0xC4, 0x01, 0x05, 0x01, 0x05, 0x01, 0x06,
    0x01, 0x27, 0x00, 0xE6, 0x01, 0x68, 0x02, 0x2C, 0x02, 0x2D, 0x02, 0x8E, 0x02, 0x4D, 0x02, 0x4D,
    0x02, 0xAF, 0x0A, 0xCE, 0x12, 0xAD, 0x03, 0x0F, 0x03, 0x10, 0x03, 0x30, 0x23, 0x4F, 0x1A, 0xED,
    0x03, 0x10, 0x03, 0x0F, 0x02, 0x8E, 0x02, 0x0C, 0x01, 0xAA, 0x01, 0x69, 0x00, 0xE5, 0x00, 0x41,
    0x00, 0x41, 0x00, 0x42, 0x11, 0xE9, 0x12, 0xCC, 0x02, 0x0A, 0x01, 0xCA, 0x03, 0x0E, 0x03, 0xB1,
    0x03, 0x91, 0x03, 0x6F, 0x33, 0xCF, 0x02, 0xCD, 0x01, 0x27, 0x01, 0xAA, 0x02, 0x2B, 0x02, 0x4B,
    0x01, 0xAA, 0x01, 0xAA, 0x01, 0xCA, 0x01, 0x48, 0x01, 0x48, 0x01, 0x47, 0x01, 0x27, 0x00, 0xE6,
    0x01, 0x68, 0x01, 0xEB, 0x02, 0x2C, 0x02, 0x0B, 0x02, 0x2C, 0x02, 0x2C, 0x02, 0x2C, 0x02, 0x4D,
    0x02, 0x4D, 0x02, 0x2D, 0x02, 0x2D, 0x02, 0x6D, 0x02, 0x2C, 0x01, 0xCB, 0x01, 0xAA, 0x02, 0x4D,
    0x02, 0xCE, 0x02, 0xEF, 0x03, 0x10, 0x02, 0xEF, 0x02, 0x6D, 0x01, 0xCB, 0x02, 0x0B, 0x02, 0x4C,
    0x01, 0xEA, 0x01, 0x69, 0x01, 0x89, 0x01, 0xEA, 0x02, 0x8D, 0x03, 0x0E, 0x02, 0xCD, 0x02, 0x6C,
    0x02, 0x4B, 0x02, 0x0A, 0x12, 0x69, 0x32, 0xC9, 0x22, 0x47, 0x01, 0x05, 0x00, 0x83, 0x00, 0x63,
    0x00, 0x63, 0x00, 0x43, 0x00, 0x63, 0x00, 0x42, 0x08, 0x22, 0xF0, 0x1E, 0xF8, 0x1F, 0xF8, 0x1F,
    0xF8, 0x1F, 0xF8, 0x1F, 0xF8, 0x1F, 0xF8, 0x1F, 0xF8, 0x1F, 0xF8, 0x1F, 0xF8, 0x1F, 0xF8, 0x1F,
    0xD0, 0x3B, 0x21, 0x06, 0x19, 0x05, 0x10, 0xC5, 0x08, 0xA5, 0x18, 0xE6, 0x11, 0x27, 0x09, 0x06,
    0x18, 0xE5, 0x20, 0xC3, 0x29, 0x04, 0x20, 0xE4, 0x18, 0xE5, 0xC0, 0x58, 0xF8, 0x1F, 0xF8, 0x1F,
    0xF8, 0x1F, 0xF8, 0x1F, 0xF8, 0x1F, 0xF8, 0x1F, 0xF8, 0x1F, 0xF8, 0x1F, 0xF8, 0x1F, 0xF8, 0x1F,
    0xF8, 0x1F, 0x40, 0x89, 0x08, 0xE3, 0x20, 0xC4, 0x18, 0xC4, 0x18, 0xA3, 0x18, 0xC4, 0x08, 0x84,
    0x10, 0x84, 0x10, 0xC5, 0x08, 0xA4, 0x28, 0x87, 0xF0, 0x1E, 0xF8, 0x1F, 0xF8, 0x1F, 0xF8, 0x1F,
    0xF8, 0x1F, 0xF8, 0x1F, 0xF8, 0x1F, 0xF8, 0x1F, 0xF8, 0x1F, 0xF8, 0x1F, 0xF8, 0x1F, 0xB8, 0x79,
    0x01, 0x47, 0x19, 0x86, 0x11, 0x86, 0x1B, 0x0B, 0x0A, 0x6A, 0x01, 0x47, 0x01, 0x67, 0x01, 0x05,
    0x01, 0x26, 0x01, 0xA8, 0x01, 0x88, 0x01, 0x47, 0x01, 0x47, 0x01, 0x06, 0x01, 0x27, 0x01, 0x06,
    0x01, 0x05, 0x01, 0x26, 0x01, 0x26, 0x01, 0x26, 0x01, 0x06, 0x00, 0xE6, 0x11, 0xA8, 0x02, 0x4C,
    0x02, 0x4D, 0x02, 0x6E, 0x02, 0xAE, 0x02, 0xCF, 0x02, 0xEF, 0x02, 0xCF, 0x02, 0x8E, 0x02, 0x8E,
    0x02, 0xAE, 0x02, 0xAE, 0x02, 0x4D, 0x02, 0x0C, 0x02, 0x6D, 0x02, 0x2C, 0x02, 0x4D, 0x02, 0x0C,
    0x01, 0xAA, 0x01, 0x88, 0x00, 0xE4, 0x00, 0x21, 0x00, 0x21, 0x08, 0x83, 0x1A, 0x4A, 0x1A, 0x6A,
    0x02, 0x2B, 0x2A, 0xEB, 0x53, 0x4B, 0x12, 0xCC, 0x02, 0x8C, 0x02, 0x0B, 0x02, 0x6D, 0x03, 0x2F,
    0x01, 0x67, 0x01, 0x68, 0x01, 0xCA, 0x02, 0x2B, 0x01, 0xEA, 0x01, 0x89, 0x01, 0x89, 0x01, 0x48,
    0x01, 0x07, 0x01, 0x27, 0x01, 0x27, 0x01, 0x27, 0x01, 0x89, 0x01, 0xEB, 0x01, 0xCB, 0x01, 0x8A,
    0x01, 0xEB, 0x02, 0x4D, 0x02, 0x2D, 0x01, 0xCC, 0x02, 0x0C, 0x02, 0x0C, 0x02, 0x0D, 0x02, 0x2D,
    0x02, 0x6E, 0x02, 0xAE, 0x02, 0x8E, 0x02, 0x8E, 0x02, 0xAE, 0x02, 0xAF, 0x02, 0xCF, 0x02, 0xAE,
    0x01, 0xAB, 0x01, 0x69, 0x02, 0x0B, 0x02, 0x4C, 0x01, 0xEA, 0x01, 0x68, 0x01, 0xA9, 0x02, 0x6C,
    0x0A, 0xEE, 0x02, 0xEE, 0x02, 0x8D, 0x02, 0x2B, 0x02, 0x0A, 0x02, 0x4A, 0x2A, 0xE9, 0x32, 0x67,
    0x01, 0x25, 0x00, 0x84, 0x00, 0x83, 0x00, 0x83, 0x00, 0x62, 0x00, 0x42, 0x00, 0x42, 0x00, 0x82,
    0x08, 0x43, 0xF0, 0x1E, 0xF8, 0x1F, 0xF8, 0x1F, 0xF8, 0x1F, 0xF8, 0x1F, 0xF8, 0x1F, 0xF8, 0x1F,
    0xF8, 0x1F, 0xF8, 0x1F, 0xF8, 0x1F, 0xF8, 0x1F, 0xC8, 0x7A, 0x21, 0xE7, 0x22, 0x47, 0x2A, 0x47,
    0x01, 0x66, 0x11, 0xC7, 0x42, 0xA9, 0x0A, 0x8A, 0x11, 0xE6, 0x31, 0xC4, 0x42, 0x65, 0x29, 0xA5,
    0x09, 0x64, 0xB0, 0x57, 0xF8, 0x1F, 0xF8, 0x1F, 0xF8, 0x1F, 0xF8, 0x1F, 0xF8, 0x1F, 0xF8, 0x1F,
    0xF8, 0x1F, 0xF8, 0x1F, 0xF8, 0x1F, 0xF8, 0x1F, 0xF8, 0x1F, 0x39, 0x28, 0x01, 0xA5, 0x11, 0xA5,
    0x11, 0xC5, 0x29, 0xC4, 0x11, 0xA5, 0x01, 0x04, 0x01, 0x44, 0x01, 0x85, 0x00, 0xC3, 0x08, 0xA5,
    0xF0, 0x1E, 0xF8, 0x1F, 0xF8, 0x1F, 0xF8, 0x1F, 0xF8, 0x1F, 0xF8, 0x1F, 0xF8, 0x1F, 0xF8, 0x1F,
    0xF8, 0x1F, 0xF8, 0x1F, 0xF8, 0x1F, 0xB8, 0x79, 0x01, 0xC8, 0x1A, 0x6A, 0x19, 0xC7, 0x12, 0x49,
    0x01, 0xE8, 0x01, 0x67, 0x01, 0x05, 0x00, 0xE5, 0x01, 0x26, 0x01, 0x88, 0x01, 0xA9, 0x01, 0x68,
    0x01, 0x88, 0x01, 0x47, 0x01, 0x88, 0x01, 0x67, 0x09, 0x26, 0x01, 0x06, 0x01, 0x27, 0x09, 0x46,
    0x09, 0xA8, 0x01, 0x06, 0x01, 0x68, 0x02, 0x0B, 0x02, 0x2C, 0x02, 0x6D, 0x02, 0xCE, 0x02, 0xEF,
    0x02, 0xCF, 0x02, 0x8D, 0x01, 0xEC, 0x1B, 0x4F, 0x1B, 0x0D, 0x0A, 0x8D, 0x02, 0x4D, 0x02, 0x0C,
    0x02, 0x2C, 0x02, 0x2B, 0x01, 0x8A, 0x01, 0xA9, 0x01, 0xE9, 0x00, 0xC4, 0x00, 0x42, 0x00, 0x41,
    0x00, 0x42, 0x09, 0x46, 0x0A, 0x6B, 0x03, 0x2F, 0x03, 0x2F, 0x22, 0xEB, 0x32, 0x48, 0x01, 0x68,
    0x01, 0xCB, 0x01, 0xEB, 0x01, 0xCB, 0x02, 0x4C, 0x01, 0x47, 0x01, 0x68, 0x01, 0xA9, 0x01, 0xC9,
    0x01, 0xC9, 0x01, 0xA9, 0x01, 0xA9, 0x01, 0x68, 0x01, 0x07, 0x01, 0x07, 0x01, 0x07, 0x01, 0x68,
    0x01, 0xE9, 0x01, 0xCA, 0x01, 0x8A, 0x01, 0x69, 0x01, 0xCB, 0x02, 0x4D, 0x02, 0x6D, 0x02, 0x2C,
    0x02, 0x2C, 0x02, 0x2D, 0x02, 0x8E, 0x02, 0xEF, 0x02, 0x2D, 0x02, 0x8E, 0x02, 0xEF, 0x02, 0xAF,
    0x02, 0xAF, 0x02, 0x8E, 0x02, 0xAF, 0x02, 0xAE, 0x01, 0xCB, 0x01, 0xCA, 0x02, 0x0A, 0x02, 0x0B,
    0x02, 0x0A, 0x01, 0xA9, 0x01, 0xEA, 0x02, 0xAD, 0x02, 0xEE, 0x02, 0xEE, 0x02, 0x6C, 0x02, 0x0A,
    0x02, 0x09, 0x22, 0x89, 0x32, 0xA8, 0x19, 0xA6, 0x00, 0xC4, 0x00, 0xA4, 0x00, 0x84, 0x00, 0x42,
    0x00, 0x42, 0x00, 0x22, 0x00, 0x22, 0x00, 0x62, 0x08, 0x23, 0xF0, 0x1E, 0xF8, 0x1F, 0xF8, 0x1F,
    0xF8, 0x1F, 0xF8, 0x1F, 0xF8, 0x1F, 0xF8, 0x1F, 0xF8, 0x1F, 0xF8, 0x1F, 0xF8, 0x1F, 0xF8, 0x1F,
    0xC8, 0x5B, 0x32, 0x8A, 0x43, 0x4B, 0x3A, 0xC9, 0x02, 0x2A, 0x22, 0x8B, 0x53, 0xAE, 0x23, 0xAF,
    0x3A, 0xEA, 0x5B, 0x08, 0x63, 0x07, 0x31, 0xC6, 0x11, 0x23, 0xB8, 0x57, 0xF8, 0x1F, 0xF8, 0x1F,
    0xF8, 0x1F, 0xF8, 0x1F, 0xF8, 0x1F, 0xF8, 0x1F, 0xF8, 0x1F, 0xF8, 0x1F, 0xF8, 0x1F, 0xF8, 0x1F,
    0xF8, 0x1F, 0x41, 0xCB, 0x0A, 0xA9, 0x3A, 0x88, 0x32, 0x67, 0x42, 0x46, 0x12, 0x89, 0x01, 0xC8,
    0x01, 0x66, 0x01, 0x87, 0x01, 0x45, 0x10, 0xA5, 0xF0, 0x1E, 0xF8, 0x1F, 0xF8, 0x1F, 0xF8, 0x1F,
    0xF8, 0x1F, 0xF8, 0x1F, 0xF8, 0x1F, 0xF8, 0x1F, 0xF8, 0x1F, 0xF8, 0x1F, 0xF8, 0x1F, 0xB8, 0x79,
    0x01, 0xC9, 0x01, 0xA8, 0x09, 0x87, 0x09, 0xE8, 0x01, 0xA8, 0x01, 0x46, 0x00, 0xE5, 0x00, 0xE5,
    0x01, 0x46, 0x01, 0x48, 0x01, 0x68, 0x01, 0x88, 0x01, 0xCA, 0x01, 0x68, 0x01, 0x47, 0x01, 0x47,
    0x09, 0x46, 0x01, 0x26, 0x01, 0x27, 0x01, 0x27, 0x01, 0xC9, 0x01, 0x88, 0x01, 0x47, 0x02, 0x0C,
    0x02, 0x4D, 0x02, 0x0C, 0x02, 0x8D, 0x0B, 0x0E, 0x02, 0xAD, 0x01, 0xEA, 0x01, 0xEB, 0x02, 0xCE,
    0x02, 0x6D, 0x09, 0xEA, 0x11, 0xC8, 0x01, 0x88, 0x02, 0x0B, 0x02, 0x2B, 0x01, 0x67, 0x01, 0x05,
    0x01, 0x25, 0x00, 0x41, 0x00, 0x21, 0x00, 0x21, 0x00, 0x83, 0x42, 0x67, 0x23, 0x2D, 0x03, 0xD1,
    0x02, 0xAD, 0x01, 0xEB, 0x03, 0x0F, 0x24, 0x52, 0x0B, 0xB0, 0x24, 0xD4, 0x34, 0xF4, 0x4D, 0x75,
    0x01, 0x47, 0x01, 0x47, 0x01, 0x88, 0x01, 0x89, 0x01, 0x89, 0x01, 0x89, 0x01, 0xAA, 0x01, 0x89,
    0x01, 0x27, 0x01, 0x27, 0x01, 0x06, 0x01, 0x88, 0x01, 0xC9, 0x09, 0xCA, 0x01, 0xAA, 0x01, 0xAA,
    0x02, 0x0C, 0x02, 0x2D, 0x02, 0x4D, 0x02, 0x0C, 0x02, 0x2C, 0x01, 0xEC, 0x02, 0x6D, 0x03, 0x2F,
    0x02, 0x0C, 0x01, 0xCC, 0x02, 0x4D, 0x02, 0x8F, 0x03, 0x30, 0x02, 0xCF, 0x02, 0x6E, 0x02, 0x0C,
    0x01, 0xCA, 0x02, 0x4B, 0x02, 0x6C, 0x02, 0x2B, 0x01, 0xA9, 0x01, 0xCA, 0x02, 0x6D, 0x12, 0xCC,
    0x0A, 0x8C, 0x02, 0x6C, 0x02, 0x0A, 0x09, 0xE9, 0x1A, 0x07, 0x22, 0x48, 0x19, 0xE6, 0x00, 0xC4,
    0x00, 0x83, 0x00, 0xA3, 0x00, 0x83, 0x00, 0x42, 0x00, 0x22, 0x00, 0x22, 0x00, 0x42, 0x00, 0x21,
    0x08, 0x02, 0xF0, 0x1E, 0xF8, 0x1F, 0xF8, 0x1F, 0xF8, 0x1F, 0xF8, 0x1F, 0xF8, 0x1F, 0xF8, 0x1F,
    0xF8, 0x1F, 0xF8, 0x1F, 0xF8, 0x1F, 0xF8, 0x1F, 0xC8, 0x7B, 0x2A, 0x89, 0x53, 0x29, 0x4A, 0xC8,
    0x0A, 0x6A, 0x12, 0xEC, 0x1B, 0x90, 0x13, 0x6F, 0x3A, 0xEA, 0x5B, 0x28, 0x42, 0x46, 0x21, 0x65,
    0x19, 0x43, 0xB8, 0x57, 0xF8, 0x1F, 0xF8, 0x1F, 0xF8, 0x1F, 0xF8, 0x1F, 0xF8, 0x1F, 0xF8, 0x1F,
    0xF8, 0x1F, 0xF8, 0x1F, 0xF8, 0x1F, 0xF8, 0x1F, 0xF8, 0x1F, 0x31, 0xCC, 0x12, 0xA8, 0x5A, 0xE8,
    0x42, 0xA7, 0x32, 0x27, 0x0A, 0xCB, 0x01, 0xC7, 0x01, 0x46, 0x01, 0x47, 0x01, 0x25, 0x10, 0xC5,
    0xF0, 0x1E, 0xF8, 0x1F, 0xF8, 0x1F, 0xF8, 0x1F, 0xF8, 0x1F, 0xF8, 0x1F, 0xF8, 0x1F, 0xF8, 0x1F,
    0xF8, 0x1F, 0xF8, 0x1F, 0xF8, 0x1F, 0xB8, 0x9A, 0x02, 0x0A, 0x01, 0xC9, 0x01, 0x88, 0x12, 0x8A,
    0x01, 0xC8, 0x01, 0x26, 0x01, 0x05, 0x09, 0x05, 0x01, 0x26, 0x01, 0x88, 0x01, 0xC9, 0x01, 0xC9,
    0x01, 0xA9, 0x01, 0x28, 0x01, 0x67, 0x01, 0x88, 0x09, 0x66, 0x09, 0x66, 0x01, 0x27, 0x01, 0x47,
    0x01, 0x88, 0x01, 0xEB, 0x01, 0xCA, 0x02, 0x2C, 0x02, 0x6E, 0x02, 0x2E, 0x02, 0xAD, 0x22, 0x8B,
    0x0A, 0x0A, 0x01, 0xA9, 0x01, 0xA9, 0x01, 0x48, 0x01, 0x48, 0x01, 0x47, 0x01, 0x66, 0x01, 0xA7,
    0x01, 0xA8, 0x01, 0x06, 0x00, 0x83, 0x00, 0x01, 0x00, 0x42, 0x00, 0x41, 0x00, 0x41, 0x00, 0x62,
    0x00, 0x63, 0x2A, 0x08, 0x1B, 0x2E, 0x03, 0x2F, 0x0A, 0xCE, 0x0B, 0x0E, 0x2D, 0x34, 0x55, 0xD6,
    0x25, 0x15, 0x66, 0x37, 0x24, 0x31, 0x1B, 0xD1, 0x01, 0x68, 0x01, 0x88, 0x01, 0x88, 0x01, 0x89,
    0x01, 0x8A, 0x01, 0xEA, 0x01, 0xCA, 0x01, 0xA9, 0x01, 0x47, 0x01, 0x07, 0x01, 0x47, 0x01, 0xE9,
    0x01, 0xA9, 0x11, 0xC9, 0x01, 0xCA, 0x02, 0x0C, 0x02, 0x6D, 0x02, 0x6D, 0x02, 0x2D, 0x02, 0x0C,
    0x02, 0x4D, 0x02, 0x6D, 0x02, 0x0C, 0x03, 0x2F, 0x0B, 0x4F, 0x01, 0xEC, 0x02, 0x2D, 0x02, 0x8E,
    0x03, 0x50, 0x02, 0xEF, 0x02, 0x6E, 0x01, 0xCB, 0x01, 0x8A, 0x02, 0x0B, 0x02, 0x2B, 0x02, 0x0A,
    0x01, 0xCA, 0x02, 0x0B, 0x02, 0xCE, 0x02, 0xAD, 0x02, 0x2B, 0x02, 0x0A, 0x12, 0x49, 0x2A, 0x68,
    0x2A, 0x27, 0x22, 0x06, 0x09, 0x45, 0x00, 0xA4, 0x00, 0x83, 0x00, 0x42, 0x00, 0x42, 0x00, 0x22,
    0x00, 0x01, 0x00, 0x22, 0x00, 0x63, 0x00, 0x62, 0x08, 0x23, 0xF0, 0x1E, 0xF8, 0x1F, 0xF8, 0x1F,
    0xF8, 0x1F, 0xF8, 0x1F, 0xF8, 0x1F, 0xF8, 0x1F, 0xF8, 0x1F, 0xF8, 0x1F, 0xF8, 0x1F, 0xF8, 0x1F,
    0xD0, 0x9B, 0x4B, 0x2A, 0x53, 0x08, 0x4A, 0xC8, 0x0A, 0x49, 0x2A, 0xEC, 0x23, 0xAF, 0x0B, 0x4E,
    0x22, 0xAA, 0x52, 0xC7, 0x31, 0xC5, 0x19, 0x44, 0x11, 0x85, 0xB0, 0x77, 0xF8, 0x1F, 0xF8, 0x1F,
    0xF8, 0x1F, 0xF8, 0x1F, 0xF8, 0x1F, 0xF8, 0x1F, 0xF8, 0x1F, 0xF8, 0x1F, 0xF8, 0x1F, 0xF8, 0x1F,
    0xF8, 0x1F, 0x21, 0xED, 0x23, 0x09, 0x5B, 0x28, 0x3A, 0x25, 0x32, 0x67, 0x0A, 0xAA, 0x01, 0x87,
    0x01, 0x66, 0x01, 0x67, 0x00, 0xC4, 0x08, 0xA5, 0xF0, 0x1E, 0xF8, 0x1F, 0xF8, 0x1F, 0xF8, 0x1F,
    0xF8, 0x1F, 0xF8, 0x1F, 0xF8, 0x1F, 0xF8, 0x1F, 0xF8, 0x1F, 0xF8, 0x1F, 0xF8, 0x1F, 0xB8, 0x79,
    0x01, 0xE9, 0x02, 0x4B, 0x01, 0xE9, 0x0A, 0x09, 0x01, 0xA8, 0x01, 0x26, 0x09, 0x45, 0x09, 0x46,
    0x01, 0x46, 0x01, 0x68, 0x01, 0xC9, 0x02, 0x2A, 0x01, 0xC9, 0x01, 0x28, 0x01, 0x49, 0x01, 0x89,
    0x01, 0x47, 0x01, 0x47, 0x01, 0x27, 0x01, 0x68, 0x01, 0x88, 0x02, 0x2B, 0x02, 0x4D, 0x02, 0x6D,
    0x02, 0x8E, 0x02, 0x6E, 0x02, 0x8E, 0x01, 0xEB, 0x01, 0xAA, 0x01, 0x28, 0x01, 0x07, 0x0A, 0x2A,
    0x0A, 0x6B, 0x02, 0x4A, 0x01, 0x05, 0x00, 0x82, 0x01, 0x25, 0x00, 0x42, 0x10, 0xE3, 0x08, 0xC3,
    0x00, 0xA3, 0x00, 0x42, 0x10, 0xA2, 0x08, 0x61, 0x00, 0x83, 0x01, 0xC9, 0x02, 0xEE, 0x02, 0xAD,
    0x03, 0x0E, 0x13, 0x2E, 0x01, 0xEA, 0x02, 0xEE, 0x45, 0x55, 0x4D, 0x95, 0x0B, 0x0E, 0x02, 0x8D,
    0x01, 0x68, 0x01, 0x88, 0x01, 0xAA, 0x0B, 0x0E, 0x13, 0x6E, 0x02, 0xAC, 0x01, 0xEB, 0x01, 0xC9,
    0x01, 0x68, 0x01, 0x27, 0x01, 0x88, 0x02, 0x09, 0x01, 0xAA, 0x01, 0xAA, 0x01, 0xAA, 0x02, 0x2C,
    0x02, 0x6D, 0x02, 0x2D, 0x02, 0x4D, 0x01, 0xEC, 0x02, 0xEF, 0x03, 0x0E, 0x02, 0x2C, 0x02, 0x6D,
    0x13, 0xF0, 0x02, 0xEE, 0x02, 0x4D, 0x02, 0x4D, 0x02, 0xAE, 0x02, 0xCF, 0x12, 0xEE, 0x12, 0x4C,
    0x01, 0xEB, 0x02, 0x2B, 0x01, 0xAA, 0x01, 0x69, 0x01, 0xEA, 0x0A, 0x6C, 0x02, 0x8D, 0x02, 0x6C,
    0x02, 0x0B, 0x12, 0x4A, 0x3A, 0xEA, 0x4A, 0xE8, 0x32, 0x67, 0x11, 0xA6, 0x00, 0xC4, 0x00, 0x83,
    0x00, 0x42, 0x00, 0x21, 0x00, 0x21, 0x00, 0x21, 0x00, 0x21, 0x00, 0x01, 0x00, 0x42, 0x00, 0x62,
    0x08, 0x23, 0xF0, 0x1E, 0xF8, 0x1F, 0xF8, 0x1F, 0xF8, 0x1F, 0xF8, 0x1F, 0xF8, 0x1F, 0xF8, 0x1F,
    0xF8, 0x1F, 0xF8, 0x1F, 0xF8, 0x1F, 0xF8, 0x1F, 0xD0, 0x5A, 0x5B, 0x08, 0x6B, 0x68, 0x42, 0xA9,
    0x0A, 0x09, 0x2A, 0xAC, 0x13, 0x90, 0x03, 0x0D, 0x1A, 0x69, 0x42, 0x87, 0x29, 0xA5, 0x19, 0x66,
    0x09, 0xA6, 0xB0, 0x77, 0xF8, 0x1F, 0xF8, 0x1F, 0xF8, 0x1F, 0xF8, 0x1F, 0xF8, 0x1F, 0xF8, 0x1F,
    0xF8, 0x1F, 0xF8, 0x1F, 0xF8, 0x1F, 0xF8, 0x1F, 0xF8, 0x1F, 0x22, 0x4F, 0x12, 0xCA, 0x3A, 0x87,
    0x32, 0x25, 0x11, 0xA6, 0x01, 0x87, 0x01, 0x66, 0x01, 0x87, 0x01, 0xA8, 0x01, 0x25, 0x10, 0xC4,
    0xF0, 0x1E, 0xF8, 0x1F, 0xF8, 0x1F, 0xF8, 0x1F, 0xF8, 0x1F, 0xF8, 0x1F, 0xF8, 0x1F, 0xF8, 0x1F,
    0xF8, 0x1F, 0xF8, 0x1F, 0xF8, 0x1F, 0xB8, 0x79, 0x01, 0xC9, 0x02, 0x4A, 0x02, 0x2A, 0x01, 0xA8,
    0x01, 0x67, 0x01, 0x46, 0x01, 0x05, 0x01, 0x46, 0x01, 0x87, 0x01, 0x67, 0x01, 0x67, 0x01, 0xE9,
    0x02, 0x8C, 0x03, 0x0F, 0x0B, 0xF2, 0x0B, 0xB0, 0x02, 0x4C, 0x01, 0xCA, 0x01, 0x27, 0x01, 0x28,
    0x01, 0x68, 0x01, 0xAA, 0x02, 0x4D, 0x02, 0x2D, 0x02, 0xAE, 0x02, 0x8E, 0x02, 0x8E, 0x01, 0xCC,
    0x01, 0xAA, 0x00, 0xE7, 0x02, 0x6B, 0x0B, 0x4D, 0x13, 0x4E, 0x12, 0xCB, 0x00, 0xC4, 0x00, 0x00,
    0x00, 0x42, 0x00, 0x41, 0x11, 0x24, 0x09, 0x04, 0x00, 0xA3, 0x00, 0x42, 0x08, 0x82, 0x08, 0x41,
    0x00, 0xA4, 0x01, 0xEA, 0x02, 0xEE, 0x02, 0xCE, 0x03, 0x6F, 0x02, 0x6C, 0x00, 0xC6, 0x0A, 0x0B,
    0x0B, 0x90, 0x13, 0xF0, 0x02, 0x0B, 0x02, 0x6B, 0x01, 0x47, 0x01, 0x68, 0x01, 0xA9, 0x02, 0xCC,
    0x0B, 0x0D, 0x02, 0xAC, 0x02, 0x2B, 0x01, 0xA9, 0x01, 0x48, 0x01, 0x27, 0x01, 0x68, 0x02, 0x2A,
    0x01, 0xA9, 0x01, 0x8A, 0x01, 0xAB, 0x02, 0x0C, 0x02, 0x0C, 0x01, 0xEC, 0x02, 0x2D, 0x02, 0x6E,
    0x02, 0x8E, 0x02, 0x8D, 0x02, 0x0C, 0x01, 0xEC, 0x02, 0xCE, 0x02, 0xAE, 0x02, 0x2D, 0x02, 0x4D,
    0x02, 0xAF, 0x02, 0xEF, 0x12, 0x8D, 0x11, 0xEA, 0x01, 0xAA, 0x01, 0xCA, 0x01, 0x88, 0x01, 0xA9,
    0x02, 0x2B, 0x02, 0x8D, 0x02, 0x6C, 0x02, 0x2B, 0x02, 0x2A, 0x2A, 0x89, 0x4B, 0x09, 0x4A, 0xC8,
    0x2A, 0x46, 0x11, 0x85, 0x00, 0x84, 0x00, 0x63, 0x00, 0x42, 0x00, 0x22, 0x00, 0x01, 0x00, 0x21,
    0x00, 0x21, 0x00, 0x22, 0x00, 0x63, 0x00, 0x82, 0x08, 0x43, 0xF0, 0x1E, 0xF8, 0x1F, 0xF8, 0x1F,
    0xF8, 0x1F, 0xF8, 0x1F, 0xF8, 0x1F, 0xF8, 0x1F, 0xF8, 0x1F, 0xF8, 0x1F, 0xF8, 0x1F, 0xF8, 0x1F,
    0xD8, 0x7B, 0x6B, 0x69, 0x6B, 0xA9, 0x32, 0x89, 0x01, 0xC9, 0x02, 0x8D, 0x13, 0x8F, 0x3B, 0x2B,
    0x52, 0xE8, 0x4A, 0x87, 0x21, 0x85, 0x21, 0xC7, 0x09, 0xE7, 0xB0, 0x57, 0xF8, 0x1F, 0xF8, 0x1F,
    0xF8, 0x1F, 0xF8, 0x1F, 0xF8, 0x1F, 0xF8, 0x1F, 0xF8, 0x1F, 0xF8, 0x1F, 0xF8, 0x1F, 0xF8, 0x1F,
    0xF0, 0x1F, 0x42, 0xAF, 0x22, 0xA8, 0x32, 0x06, 0x21, 0xE6, 0x01, 0x46, 0x01, 0xA7, 0x0A, 0x29,
    0x02, 0x09, 0x02, 0x8A, 0x01, 0x24, 0x10, 0xA5, 0xF0, 0x1E, 0xF8, 0x1F, 0xF8, 0x1F, 0xF8, 0x1F,
    0xF8, 0x1F, 0xF8, 0x1F, 0xF8, 0x1F, 0xF8, 0x1F, 0xF8, 0x1F, 0xF8, 0x1F, 0xF8, 0x1F, 0xB8, 0x79,
    0x01, 0x88, 0x01, 0xEA, 0x01, 0xE9, 0x01, 0xA8, 0x09, 0x66, 0x01, 0x67, 0x01, 0x06, 0x01, 0x25,
    0x19, 0xC7, 0x01, 0xC9, 0x01, 0x88, 0x01, 0xA9, 0x01, 0xEB, 0x14, 0xD4, 0x3E, 0x78, 0x0C, 0xB4,
    0x03, 0x71, 0x02, 0xCE, 0x01, 0xA9, 0x01, 0x27, 0x01, 0x67, 0x01, 0x89, 0x02, 0x4D, 0x02, 0x4D,
    0x02, 0x8E, 0x02, 0xCF, 0x02, 0xCF, 0x02, 0x0C, 0x01, 0xEB, 0x01, 0xAA, 0x02, 0xAC, 0x02, 0x4A,
    0x23, 0x0B, 0x09, 0xA6, 0x00, 0x42, 0x00, 0x42, 0x00, 0x62, 0x00, 0x41, 0x19, 0x45, 0x19, 0x25,
    0x00, 0xA3, 0x00, 0x62, 0x00, 0x62, 0x00, 0x21, 0x01, 0x06, 0x02, 0x2B, 0x03, 0x2F, 0x03, 0x0E,
    0x2C, 0x92, 0x0B, 0x2E, 0x02, 0x6B, 0x0A, 0x6B, 0x13, 0x0D, 0x0A, 0x6B, 0x01, 0xEA, 0x0A, 0x8B,
    0x01, 0x68, 0x01, 0x68, 0x01, 0x68, 0x01, 0xA9, 0x01, 0xA9, 0x01, 0xC9, 0x09, 0xE9, 0x01, 0x88,
    0x01, 0x28, 0x01, 0x06, 0x01, 0x48, 0x02, 0x2A, 0x02, 0x0B, 0x01, 0xCB, 0x02, 0x0C, 0x02, 0x0C,
    0x02, 0x6D, 0x02, 0x2D, 0x02, 0x6E, 0x02, 0xAF, 0x02, 0x6E, 0x02, 0x4D, 0x02, 0x6D, 0x02, 0x2C,
    0x01, 0xCB, 0x01, 0xEC, 0x02, 0x2D, 0x02, 0xAE, 0x03, 0x50, 0x02, 0xCF, 0x01, 0xEC, 0x01, 0x8A,
    0x01, 0xEA, 0x01, 0xC9, 0x01, 0x28, 0x01, 0xEA, 0x02, 0x8D, 0x02, 0xCD, 0x02, 0x6C, 0x02, 0x0A,
    0x1A, 0x49, 0x3A, 0x88, 0x42, 0x87, 0x21, 0xC5, 0x01, 0x04, 0x00, 0x83, 0x00, 0x63, 0x00, 0x42,
    0x00, 0x01, 0x00, 0x22, 0x00, 0x22, 0x00, 0x21, 0x00, 0x22, 0x00, 0x83, 0x08, 0xC3, 0x08, 0xC2,
    0x10, 0x43, 0xF0, 0x1E, 0xF8, 0x1F, 0xF8, 0x1F, 0xF8, 0x1F, 0xF8, 0x1F, 0xF8, 0x1F, 0xF8, 0x1F,
    0xF8, 0x1F, 0xF8, 0x1F, 0xF8, 0x1F, 0xF8, 0x1F, 0xD8, 0x9B, 0x52, 0xE9, 0x3A, 0xC9, 0x12, 0x09,
    0x01, 0xEA, 0x0B, 0x0E, 0x3B, 0xAF, 0x6B, 0x29, 0x6B, 0x27, 0x42, 0x87, 0x09, 0xA7, 0x0A, 0x2A,
    0x0A, 0x28, 0xB0, 0x57, 0xF8, 0x1F, 0xF8, 0x1F, 0xF8, 0x1F, 0xF8, 0x1F, 0xF8, 0x1F, 0xF8, 0x1F,
    0xF8, 0x1F, 0xF8, 0x1F, 0xF8, 0x1F, 0xF8, 0x1F, 0xF8, 0x1F, 0x3A, 0x2D, 0x11, 0xE5, 0x29, 0xC5,
    0x09, 0xA6, 0x01, 0x46, 0x01, 0xC8, 0x0A, 0xAA, 0x02, 0x09, 0x01, 0x66, 0x01, 0x45, 0x11, 0x06,
    0xF0, 0x1E, 0xF8, 0x1F, 0xF8, 0x1F, 0xF8, 0x1F, 0xF8, 0x1F, 0xF8, 0x1F, 0xF8, 0x1F, 0xF8, 0x1F,
    0xF8, 0x1F, 0xF8, 0x1F, 0xF8, 0x1F, 0xB8, 0x79, 0x01, 0xA8, 0x02, 0x0A, 0x01, 0xE9, 0x01, 0xA8,
    0x01, 0x46, 0x01, 0x46, 0x01, 0x25, 0x09, 0x45, 0x01, 0x87, 0x01, 0xC9, 0x01, 0xC9, 0x01, 0x89,
    0x01, 0xA9, 0x0B, 0x50, 0x2D, 0xB6, 0x0C, 0x54, 0x04, 0x13, 0x03, 0xB1, 0x02, 0x8D, 0x01, 0x47,
    0x01, 0x06, 0x01, 0x27, 0x01, 0xEB, 0x02, 0x2D, 0x02, 0x8E, 0x02, 0xAE, 0x02, 0xCF, 0x02, 0x4D,
    0x02, 0x4C, 0x01, 0x69, 0x0A, 0x6A, 0x01, 0x25, 0x00, 0xC4, 0x00, 0x42, 0x00, 0x01, 0x00, 0x82,
    0x00, 0x82, 0x00, 0x62, 0x10, 0xE4, 0x11, 0x04, 0x00, 0xC3, 0x00, 0x62, 0x00, 0x21, 0x00, 0x63,
    0x01, 0xC9, 0x02, 0x2B, 0x02, 0xEE, 0x02, 0x8D, 0x1B, 0xB0, 0x0B, 0x0E, 0x02, 0x0A, 0x01, 0xC9,
    0x01, 0xA8, 0x01, 0x48, 0x01, 0xA8, 0x02, 0x0A, 0x01, 0x68, 0x01, 0x68, 0x01, 0x68, 0x01, 0x48,
    0x01, 0x48, 0x01, 0x89, 0x01, 0xA8, 0x01, 0x87, 0x01, 0x27, 0x00, 0xE6, 0x01, 0x07, 0x01, 0x89,
    0x01, 0xCB, 0x01, 0xEB, 0x02, 0x0C, 0x02, 0x4D, 0x02, 0x6D, 0x02, 0x4D, 0x02, 0x2D, 0x02, 0x4D,
    0x02, 0x4E, 0x02, 0x8D, 0x02, 0x0C, 0x02, 0x2C, 0x01, 0xCB, 0x01, 0xEC, 0x02, 0x2C, 0x02, 0x6E,
    0x02, 0xCF, 0x02, 0xAE, 0x02, 0x2C, 0x01, 0xAA, 0x02, 0x0A, 0x01, 0xC9, 0x22, 0x09, 0x12, 0xAD,
    0x02, 0xCE, 0x02, 0xAE, 0x02, 0x6C, 0x02, 0x2A, 0x1A, 0x07, 0x21, 0xA6, 0x09, 0x24, 0x00, 0xC4,
    0x00, 0x83, 0x00, 0x63, 0x00, 0x42, 0x00, 0x21, 0x00, 0x01, 0x00, 0x42, 0x00, 0x42, 0x00, 0x42,
    0x00, 0x62, 0x08, 0xE3, 0x11, 0x04, 0x09, 0x03, 0x18, 0x83, 0xF0, 0x1E, 0xF8, 0x1F, 0xF8, 0x1F,
    0xF8, 0x1F, 0xF8, 0x1F, 0xF8, 0x1F, 0xF8, 0x1F, 0xF8, 0x1F, 0xF8, 0x1F, 0xF8, 0x1F, 0xF8, 0x1F,
    0xC8, 0x5A, 0x19, 0xC7, 0x11, 0xE8, 0x09, 0xE9, 0x02, 0x2B, 0x1B, 0x4E, 0x23, 0xAF, 0x2A, 0xAA,
    0x63, 0x07, 0x52, 0x66, 0x1A, 0x6A, 0x1A, 0xCC, 0x02, 0x08, 0xB0, 0x57, 0xF8, 0x1F, 0xF8, 0x1F,
    0xF8, 0x1F, 0xF8, 0x1F, 0xF8, 0x1F, 0xF8, 0x1F, 0xF8, 0x1F, 0xF8, 0x1F, 0xF8, 0x1F, 0xF8, 0x1F,
    0xF8, 0x1F, 0x31, 0xAC, 0x09, 0xA5, 0x11, 0xA6, 0x09, 0xA6, 0x01, 0x47, 0x02, 0x8A, 0x01, 0x87,
    0x00, 0xE5, 0x01, 0x27, 0x02, 0x09, 0x11, 0x26, 0xF0, 0x1E, 0xF8, 0x1F, 0xF8, 0x1F, 0xF8, 0x1F,
    0xF8, 0x1F, 0xF8, 0x1F, 0xF8, 0x1F, 0xF8, 0x1F, 0xF8, 0x1F, 0xF8, 0x1F, 0xF8, 0x1F, 0xB8, 0x79,
    0x01, 0x88, 0x01, 0xA9, 0x01, 0xC9, 0x01, 0xA8, 0x01, 0x47, 0x01, 0x46, 0x01, 0x46, 0x3A, 0x26,
    0x22, 0x08, 0x01, 0x68, 0x01, 0xC9, 0x01, 0xA9, 0x02, 0x0A, 0x01, 0xEB, 0x0C, 0x12, 0x4E, 0xFA,
    0x2D, 0xF7, 0x04, 0x73, 0x02, 0xAD, 0x01, 0x68, 0x00, 0xE6, 0x01, 0x07, 0x01, 0xCB, 0x02, 0x4D,
    0x02, 0xAE, 0x02, 0xEF, 0x2B, 0x2D, 0x12, 0x8C, 0x02, 0x2B, 0x01, 0x48, 0x09, 0xE8, 0x00, 0x83,
    0x00, 0x01, 0x00, 0x21, 0x08, 0x82, 0x00, 0x82, 0x00, 0x82, 0x00, 0x82, 0x00, 0x62, 0x00, 0x83,
    0x00, 0x83, 0x00, 0x62, 0x00, 0x01, 0x00, 0x84, 0x02, 0x8C, 0x02, 0x0A, 0x02, 0xCE, 0x02, 0xAD,
    0x02, 0x8D, 0x02, 0xCD, 0x01, 0x89, 0x01, 0x89, 0x01, 0xE8, 0x01, 0x67, 0x0A, 0x4C, 0x13, 0x2E,
    0x01, 0x68, 0x01, 0x88, 0x01, 0x48, 0x01, 0x68, 0x01, 0xA9, 0x01, 0xA9, 0x01, 0x68, 0x01, 0x48,
    0x01, 0x27, 0x00, 0xE6, 0x01, 0x07, 0x02, 0x0B, 0x02, 0x2C, 0x01, 0xCB, 0x01, 0xEC, 0x02, 0x8D,
    0x02, 0xAD, 0x02, 0x4C, 0x01, 0xEC, 0x02, 0x8E, 0x02, 0x4D, 0x01, 0xEC, 0x01, 0xAA, 0x01, 0xAB,
    0x01, 0xCB, 0x01, 0xEB, 0x02, 0x0C, 0x02, 0x6E, 0x02, 0x4E, 0x02, 0x6E, 0x01, 0xEB, 0x01, 0x89,
    0x01, 0x69, 0x01, 0xC9, 0x32, 0xAA, 0x23, 0x2D, 0x02, 0xEE, 0x02, 0x8D, 0x02, 0x4B, 0x0A, 0x29,
    0x21, 0xE7, 0x09, 0x24, 0x00, 0xA3, 0x00, 0xA4, 0x00, 0x84, 0x00, 0x83, 0x00, 0x42, 0x00, 0x21,
    0x00, 0x01, 0x00, 0x42, 0x00, 0x42, 0x00, 0x62, 0x08, 0xC2, 0x08, 0xE3, 0x00, 0xE3, 0x00, 0xC2,
    0x18, 0x83, 0xF0, 0x1E, 0xF8, 0x1F, 0xF8, 0x1F, 0xF8, 0x1F, 0xF8, 0x1F, 0xF8, 0x1F, 0xF8, 0x1F,
    0xF8, 0x1F, 0xF8, 0x1F, 0xF8, 0x1F, 0xF8, 0x1F, 0xC8, 0x3A, 0x09, 0xC8, 0x01, 0xC8, 0x02, 0x09,
    0x02, 0x8C, 0x03, 0x70, 0x2B, 0x6D, 0x52, 0xE9, 0x5B, 0x08, 0x5A, 0xE9, 0x63, 0xED, 0x33, 0x6E,
    0x1A, 0x07, 0xB0, 0x57, 0xF8, 0x1F, 0xF8, 0x1F, 0xF8, 0x1F, 0xF8, 0x1F, 0xF8, 0x1F, 0xF8, 0x1F,
    0xF8, 0x1F, 0xF8, 0x1F, 0xF8, 0x1F, 0xF8, 0x1F, 0xF8, 0x1F, 0x39, 0x29, 0x21, 0xE4, 0x09, 0xA7,
    0x01, 0x46, 0x01, 0xC8, 0x01, 0xC7, 0x01, 0x06, 0x01, 0x68, 0x22, 0xAA, 0x0A, 0x49, 0x08, 0xC6,
    0xF0, 0x1D, 0xF8, 0x1F, 0xF8, 0x1F, 0xF8, 0x1F, 0xF8, 0x1F, 0xF8, 0x1F, 0xF8, 0x1F, 0xF8, 0x1F,
    0xF8, 0x1F, 0xF8, 0x1F, 0xF8, 0x1F, 0xB8, 0x9A, 0x01, 0xA8, 0x01, 0x68, 0x01, 0x89, 0x01, 0x68,
    0x01, 0x67, 0x01, 0x67, 0x01, 0x46, 0x01, 0x26, 0x09, 0x67, 0x01, 0x47, 0x01, 0x88, 0x01, 0x88,
    0x01, 0xC9, 0x02, 0x0A, 0x02, 0x2C, 0x14, 0xD4, 0x0C, 0xB4, 0x03, 0x30, 0x01, 0xEB, 0x01, 0x48,
    0x01, 0x07, 0x01, 0x28, 0x01, 0xEC, 0x02, 0x8E, 0x02, 0xAE, 0x02, 0xCF, 0x5B, 0xAC, 0x3A, 0xCA,
    0x01, 0xAA, 0x0A, 0x09, 0x09, 0x46, 0x00, 0x21, 0x00, 0x00, 0x00, 0x41, 0x08, 0xC3, 0x00, 0x82,
    0x00, 0x62, 0x00, 0x62, 0x00, 0x62, 0x00, 0x62, 0x00, 0x42, 0x00, 0x42, 0x00, 0x00, 0x00, 0x63,
    0x02, 0x0A, 0x02, 0x4B, 0x02, 0xEE, 0x02, 0x8C, 0x0B, 0x0E, 0x12, 0xED, 0x01, 0xC9, 0x02, 0x09,
    0x01, 0x87, 0x02, 0x4B, 0x24, 0x11, 0x02, 0xEE, 0x02, 0x0A, 0x01, 0x88, 0x01, 0x27, 0x01, 0x48,
    0x01, 0x88, 0x01, 0xA8, 0x01, 0x68, 0x01, 0x07, 0x01, 0x27, 0x01, 0x07, 0x01, 0x89, 0x02, 0xCD,
    0x02, 0xCD, 0x01, 0xEB, 0x01, 0xEB, 0x02, 0x0B, 0x03, 0x2E, 0x02, 0xAD, 0x01, 0xEC, 0x02, 0x4D,
    0x02, 0x2C, 0x01, 0x8A, 0x01, 0x8A, 0x02, 0x0B, 0x01, 0xEB, 0x01, 0xCB, 0x01, 0xEC, 0x02, 0x4E,
    0x02, 0xAE, 0x02, 0x2D, 0x01, 0xCB, 0x01, 0x89, 0x01, 0x48, 0x01, 0xEB, 0x02, 0x8D, 0x1B, 0x0D,
    0x1A, 0xEC, 0x02, 0x6C, 0x1A, 0x6A, 0x21, 0xE7, 0x09, 0x24, 0x00, 0xA3, 0x00, 0x83, 0x00, 0x83,
    0x00, 0x83, 0x00, 0x63, 0x00, 0x22, 0x00, 0x21, 0x00, 0x22, 0x00, 0x22, 0x00, 0x42, 0x00, 0x62,
    0x00, 0xA3, 0x01, 0x04, 0x00, 0xE4, 0x00, 0xC3, 0x20, 0xC4, 0xF0, 0x1E, 0xF8, 0x1F, 0xF8, 0x1F,
    0xF8, 0x1F, 0xF8, 0x1F, 0xF8, 0x1F, 0xF8, 0x1F, 0xF8, 0x1F, 0xF8, 0x1F, 0xF8, 0x1F, 0xF8, 0x1F,
    0xC8, 0x5A, 0x12, 0x29, 0x01, 0xC8, 0x02, 0x0A, 0x02, 0xCD, 0x03, 0x6F, 0x1A, 0xCC, 0x52, 0xC8,
    0x53, 0x29, 0x33, 0x4C, 0x5C, 0x0F, 0x33, 0xAE, 0x11, 0xE7, 0xB0, 0x37, 0xF8, 0x1F, 0xF8, 0x1F,
    0xF8, 0x1F, 0xF8, 0x1F, 0xF8, 0x1F, 0xF8, 0x1F, 0xF8, 0x1F, 0xF8, 0x1F, 0xF8, 0x1F, 0xF8, 0x1F,
    0xF8, 0x1F, 0x49, 0x49, 0x12, 0x06, 0x01, 0x87, 0x02, 0x09, 0x01, 0x87, 0x00, 0xC5, 0x09, 0xE9,
    0x12, 0xAB, 0x0A, 0x2A, 0x01, 0x66, 0x08, 0x64, 0xF0, 0x1E, 0xF8, 0x1F, 0xF8, 0x1F, 0xF8, 0x1F,
    0xF8, 0x1F, 0xF8, 0x1F, 0xF8, 0x1F, 0xF8, 0x1F, 0xF8, 0x1F, 0xF8, 0x1F, 0xF8, 0x1F, 0xB8, 0x79,
    0x01, 0xA8, 0x01, 0xA8, 0x01, 0xC9, 0x01, 0x88, 0x01, 0x67, 0x01, 0x67, 0x01, 0x67, 0x01, 0x26,
    0x01, 0xC8, 0x01, 0x88, 0x01, 0x88, 0x01, 0x88, 0x01, 0x68, 0x01, 0xE9, 0x01, 0xC9, 0x02, 0x0C,
    0x02, 0xAF, 0x02, 0xCF, 0x01, 0xEB, 0x01, 0x68, 0x01, 0x68, 0x01, 0xEB, 0x02, 0x2D, 0x02, 0xAE,
    0x02, 0x8E, 0x02, 0xCF, 0x0A, 0xCD, 0x0A, 0x2B, 0x01, 0xA9, 0x00, 0xE4, 0x00, 0x42, 0x00, 0x21,
    0x00, 0x41, 0x00, 0x62, 0x00, 0xA2, 0x00, 0x62, 0x00, 0x21, 0x00, 0x21, 0x00, 0x41, 0x00, 0x21,
    0x00, 0x42, 0x00, 0x42, 0x00, 0x22, 0x01, 0x06, 0x02, 0x0A, 0x02, 0xEE, 0x02, 0x6C, 0x0A, 0xEE,
    0x13, 0x2E, 0x01, 0xEA, 0x01, 0xC9, 0x01, 0xC8, 0x0A, 0x4B, 0x0B, 0x2E, 0x03, 0x2E, 0x03, 0x4F,
    0x02, 0x0A, 0x02, 0x0A, 0x01, 0x68, 0x01, 0x48, 0x01, 0x48, 0x01, 0x27, 0x01, 0x27, 0x01, 0x07,
    0x01, 0x48, 0x01, 0x89, 0x02, 0x2B, 0x02, 0x4B, 0x02, 0x0B, 0x01, 0xCB, 0x01, 0xCA, 0x01, 0xAA,
    0x02, 0x2C, 0x02, 0x0B, 0x01, 0xEB, 0x02, 0x0C, 0x02, 0x2C, 0x01, 0xAB, 0x01, 0x8A, 0x02, 0x2C,
    0x02, 0x0C, 0x02, 0x0C, 0x02, 0x2C, 0x02, 0x4D, 0x02, 0x2D, 0x01, 0xCB, 0x01, 0xCA, 0x01, 0x68,
    0x01, 0xCA, 0x02, 0x2C, 0x02, 0xAE, 0x02, 0xCD, 0x02, 0x8C, 0x02, 0x4A, 0x22, 0x48, 0x21, 0x85,
    0x00, 0xA3, 0x00, 0x83, 0x00, 0xA3, 0x00, 0x83, 0x00, 0x83, 0x00, 0x22, 0x00, 0x22, 0x00, 0x22,
    0x00, 0x01, 0x00, 0x22, 0x00, 0x83, 0x00, 0xA3, 0x00, 0xA3, 0x00, 0x83, 0x00, 0xA4, 0x01, 0x24,
    0x10, 0xC4, 0xF0, 0x1E, 0xF8, 0x1F, 0xF8, 0x1F, 0xF8, 0x1F, 0xF8, 0x1F, 0xF8, 0x1F, 0xF8, 0x1F,
    0xF8, 0x1F, 0xF8, 0x1F, 0xF8, 0x1F, 0xF8, 0x1F, 0xC8, 0x3A, 0x09, 0xC9, 0x02, 0x2A, 0x0A, 0x4A,
    0x0A, 0xEE, 0x0B, 0x8F, 0x2A, 0xCA, 0x4B, 0x0A, 0x43, 0x8C, 0x3B, 0xAE, 0x4C, 0x10, 0x23, 0x6E,
    0x01, 0xA7, 0xB0, 0x37, 0xF8, 0x1F, 0xF8, 0x1F, 0xF8, 0x1F, 0xF8, 0x1F, 0xF8, 0x1F, 0xF8, 0x1F,
    0xF8, 0x1F, 0xF8, 0x1F, 0xF8, 0x1F, 0xF8, 0x1F, 0xF8, 0x1F, 0x52, 0x0B, 0x0A, 0x88, 0x01, 0xA8,
    0x02, 0x09, 0x01, 0x46, 0x01, 0xA9, 0x0A, 0x4B, 0x11, 0xE8, 0x00, 0xC4, 0x00, 0x63, 0x08, 0x64,
    0xF0, 0x1E, 0xF8, 0x1F, 0xF8, 0x1F, 0xF8, 0x1F, 0xF8, 0x1F, 0xF8, 0x1F, 0xF8, 0x1F, 0xF8, 0x1F,
    0xF8, 0x1F, 0xF8, 0x1F, 0xF8, 0x1F, 0xB8, 0x99, 0x01, 0x67, 0x01, 0x67, 0x01, 0xC9, 0x01, 0x88,
    0x01, 0x67, 0x01, 0x68, 0x01, 0x67, 0x01, 0x87, 0x01, 0xE9, 0x01, 0xA8, 0x01, 0x88, 0x01, 0xA8,
    0x01, 0x88, 0x02, 0x2A, 0x02, 0x4B, 0x01, 0xEA, 0x01, 0x8A, 0x02, 0x0C, 0x01, 0xEB, 0x00, 0xE7,
    0x01, 0x69, 0x02, 0x4D, 0x02, 0x8E, 0x0A, 0xAD, 0x02, 0x8E, 0x02, 0xAE, 0x02, 0x6D, 0x01, 0xAA,
    0x01, 0x05, 0x00, 0x42, 0x00, 0x82, 0x00, 0x82, 0x00, 0x62, 0x00, 0x42, 0x00, 0x62, 0x00, 0x41,
    0x00, 0x21, 0x00, 0x01, 0x00, 0x21, 0x00, 0x42, 0x00, 0x62, 0x00, 0x21, 0x01, 0x26, 0x02, 0x0A,
    0x02, 0x6C, 0x02, 0xEE, 0x02, 0x8D, 0x2C, 0x72, 0x0A, 0x6B, 0x01, 0x88, 0x02, 0x09, 0x02, 0x09,
    0x13, 0x0D, 0x02, 0xAD, 0x0B, 0x2F, 0x2C, 0x11, 0x01, 0x89, 0x01, 0xEA, 0x01, 0x89, 0x01, 0x68,
    0x01, 0x68, 0x01, 0x48, 0x01, 0x48, 0x01, 0x48, 0x01, 0x68, 0x01, 0xAA, 0x02, 0x4B, 0x01, 0xEB,
    0x01, 0xAB, 0x01, 0xEB, 0x01, 0xCA, 0x01, 0xEB, 0x02, 0xAD, 0x01, 0xEB, 0x01, 0xAB, 0x01, 0xEC,
    0x02, 0x0C, 0x01, 0xCB, 0x01, 0x8B, 0x01, 0xEB, 0x01, 0xCB, 0x01, 0xEC, 0x02, 0x4D, 0x02, 0x4D,
    0x01, 0xEB, 0x01, 0xCA, 0x01, 0x68, 0x01, 0x27, 0x01, 0xCA, 0x02, 0x6D, 0x02, 0xAD, 0x02, 0x8C,
    0x02, 0x4B, 0x12, 0x6A, 0x22, 0x27, 0x11, 0x24, 0x00, 0x83, 0x00, 0xA4, 0x00, 0xE4, 0x00, 0x63,
    0x00, 0x22, 0x00, 0x22, 0x00, 0x22, 0x00, 0x42, 0x00, 0x83, 0x00, 0xC4, 0x00, 0xE5, 0x09, 0x25,
    0x00, 0xA3, 0x00, 0x01, 0x00, 0x21, 0x00, 0xA3, 0x08, 0xA4, 0xF0, 0x1E, 0xF8, 0x1F, 0xF8, 0x1F,
    0xF8, 0x1F, 0xF8, 0x1F, 0xF8, 0x1F, 0xF8, 0x1F, 0xF8, 0x1F, 0xF8, 0x1F, 0xF8, 0x1F, 0xF8, 0x1F,
    0xC8, 0x3A, 0x01, 0x47, 0x01, 0xE9, 0x1A, 0x8A, 0x0A, 0xEE, 0x13, 0x6E, 0x2A, 0x89, 0x4B, 0x0A,
    0x4B, 0xEE, 0x3C, 0x10, 0x23, 0x8F, 0x12, 0xED, 0x01, 0x66, 0xB0, 0x37, 0xF8, 0x1F, 0xF8, 0x1F,
    0xF8, 0x1F, 0xF8, 0x1F, 0xF8, 0x1F, 0xF8, 0x1F, 0xF8, 0x1F, 0xF8, 0x1F, 0xF8, 0x1F, 0xF8, 0x1F,
    0xF8, 0x1F, 0x42, 0x0C, 0x02, 0x07, 0x01, 0xA8, 0x01, 0xA8, 0x01, 0x88, 0x02, 0x2A, 0x01, 0x88,
    0x00, 0xC4, 0x00, 0x22, 0x00, 0xA4, 0x09, 0x07, 0xF0, 0x1E, 0xF8, 0x1F, 0xF8, 0x1F, 0xF8, 0x1F,
    0xF8, 0x1F, 0xF8, 0x1F, 0xF8, 0x1F, 0xF8, 0x1F, 0xF8, 0x1F, 0xF8, 0x1F, 0xF8, 0x1F, 0xB8, 0x79,
    0x01, 0x87, 0x01, 0x47, 0x01, 0xA8, 0x01, 0xC9, 0x01, 0x68, 0x01, 0x68, 0x01, 0x88, 0x01, 0x88,
    0x01, 0x67, 0x11, 0x45, 0x01, 0x46, 0x01, 0x88, 0x01, 0xA9, 0x02, 0x6B, 0x02, 0x6C, 0x01, 0xCA,
    0x01, 0xA9, 0x01, 0x6A, 0x01, 0xEB, 0x01, 0x68, 0x01, 0x48, 0x02, 0x2C, 0x02, 0x8E, 0x02, 0xAE,
    0x02, 0x8E, 0x02, 0x8E, 0x02, 0x4D, 0x01, 0x88, 0x00, 0x83, 0x08, 0xA3, 0x00, 0x82, 0x00, 0x21,
    0x00, 0x42, 0x00, 0x42, 0x00, 0x21, 0x00, 0x21, 0x00, 0x21, 0x00, 0x21, 0x00, 0x41, 0x00, 0x62,
    0x00, 0x42, 0x00, 0xC5, 0x02, 0x6B, 0x02, 0x0B, 0x02, 0xAD, 0x02, 0xEE, 0x24, 0x11, 0x1B, 0x2D,
    0x01, 0x48, 0x0A, 0x6B, 0x01, 0xC8, 0x0A, 0x4B, 0x13, 0x2E, 0x02, 0x4C, 0x13, 0x8F, 0x0A, 0xEE,
    0x0A, 0x8C, 0x0A, 0x6B, 0x01, 0xC9, 0x01, 0x68, 0x01, 0xA9, 0x01, 0xA9, 0x01, 0x89, 0x01, 0xA9,
    0x01, 0xAA, 0x01, 0xCA, 0x01, 0xCB, 0x01, 0xCB, 0x01, 0xAA, 0x01, 0x89, 0x01, 0x89, 0x01, 0xEA,
    0x02, 0x8C, 0x02, 0x2C, 0x01, 0xEC, 0x01, 0xEC, 0x01, 0xAB, 0x01, 0xAB, 0x01, 0xAB, 0x01, 0xAB,
    0x01, 0xAB, 0x02, 0x0C, 0x02, 0x6D, 0x02, 0x2C, 0x01, 0xAA, 0x01, 0xAA, 0x01, 0x48, 0x09, 0x68,
    0x01, 0xEB, 0x02, 0x6D, 0x02, 0xAD, 0x02, 0x6C, 0x02, 0x2B, 0x0A, 0x49, 0x19, 0xC7, 0x00, 0xC4,
    0x00, 0x84, 0x00, 0xE5, 0x00, 0xC4, 0x00, 0x22, 0x00, 0x01, 0x00, 0x21, 0x00, 0x42, 0x00, 0x42,
    0x01, 0x25, 0x01, 0x25, 0x00, 0xA4, 0x01, 0x25, 0x01, 0x25, 0x00, 0x83, 0x00, 0x01, 0x00, 0x21,
    0x08, 0x23, 0xF0, 0x1E, 0xF8, 0x1F, 0xF8, 0x1F, 0xF8, 0x1F, 0xF8, 0x1F, 0xF8, 0x1F, 0xF8, 0x1F,
    0xF8, 0x1F, 0xF8, 0x1F, 0xF8, 0x1F, 0xF8, 0x1F, 0xC8, 0x3A, 0x01, 0x27, 0x01, 0xE9, 0x2A, 0x6A,
    0x1B, 0x2E, 0x23, 0x6D, 0x32, 0x69, 0x4B, 0x4B, 0x5C, 0x2E, 0x6B, 0xED, 0x0A, 0xCD, 0x12, 0xED,
    0x01, 0x86, 0xA8, 0x36, 0xF8, 0x1F, 0xF8, 0x1F, 0xF8, 0x1F, 0xF8, 0x1F, 0xF8, 0x1F, 0xF8, 0x1F,
    0xF8, 0x1F, 0xF8, 0x1F, 0xF8, 0x1F, 0xF8, 0x1F, 0xF8, 0x1F, 0x29, 0x6A, 0x01, 0x66, 0x01, 0xA8,
    0x01, 0xC9, 0x02, 0x0A, 0x01, 0x26, 0x00, 0x84, 0x00, 0x63, 0x01, 0x47, 0x01, 0xE9, 0x09, 0x28,
    0xF0, 0x1E, 0xF8, 0x1F, 0xF8, 0x1F, 0xF8, 0x1F, 0xF8, 0x1F, 0xF8, 0x1F, 0xF8, 0x1F, 0xF8, 0x1F,
    0xF8, 0x1F, 0xF8, 0x1F, 0xF8, 0x1F, 0xB8, 0x79, 0x01, 0x87, 0x01, 0x87, 0x09, 0xC8, 0x01, 0xC9,
    0x01, 0xA8, 0x01, 0x47, 0x01, 0x67, 0x01, 0x47, 0x01, 0xC8, 0x01, 0xA7, 0x00, 0xE5, 0x01, 0x67,
    0x01, 0xE9, 0x02, 0x6C, 0x12, 0x8B, 0x2A, 0x69, 0x01, 0xC9, 0x01, 0x89, 0x02, 0x0C, 0x01, 0xCA,
    0x01, 0x8A, 0x02, 0x2D, 0x02, 0xAE, 0x02, 0xAF, 0x02, 0x8E, 0x02, 0xAE, 0x02, 0x2C, 0x01, 0x67,
    0x00, 0x83, 0x00, 0x82, 0x00, 0x62, 0x00, 0x01, 0x00, 0x01, 0x00, 0x21, 0x00, 0x41, 0x00, 0x21,
    0x00, 0x00, 0x00, 0x21, 0x00, 0x41, 0x00, 0x21, 0x00, 0x01, 0x01, 0x67, 0x02, 0x4B, 0x02, 0x8C,
    0x02, 0xEE, 0x0B, 0x0E, 0x34, 0x31, 0x02, 0x4B, 0x01, 0xE9, 0x01, 0xE9, 0x09, 0xEA, 0x0A, 0xEC,
    0x02, 0x4C, 0x0B, 0x4F, 0x13, 0x4F, 0x0A, 0x8C, 0x01, 0xCA, 0x01, 0xC9, 0x01, 0xA9, 0x01, 0xA9,
    0x01, 0xCA, 0x01, 0xCA, 0x01, 0xCA, 0x01, 0xAA, 0x01, 0x8A, 0x01, 0xAA, 0x02, 0x0B, 0x01, 0xCA,
    0x01, 0x69, 0x01, 0x48, 0x01, 0x69, 0x01, 0x8A, 0x01, 0xEB, 0x02, 0x2C, 0x01, 0xEC, 0x01, 0xEC,
    0x01, 0xAB, 0x01, 0xCB, 0x01, 0xCB, 0x01, 0xEC, 0x02, 0x0C, 0x02, 0x8E, 0x02, 0x8D, 0x01, 0xCA,
    0x01, 0x69, 0x01, 0xA9, 0x01, 0x89, 0x09, 0xE9, 0x0A, 0x4B, 0x02, 0x8D, 0x02, 0xCE, 0x02, 0x4C,
    0x02, 0x0A, 0x02, 0x08, 0x09, 0x87, 0x11, 0x86, 0x21, 0x64, 0x01, 0x05, 0x00, 0xC4, 0x00, 0x22,
    0x00, 0x01, 0x00, 0x02, 0x00, 0x42, 0x00, 0x83, 0x01, 0x45, 0x01, 0x25, 0x00, 0x83, 0x01, 0x25,
    0x01, 0x05, 0x01, 0x05, 0x00, 0xA5, 0x00, 0x63, 0x08, 0x64, 0xF0, 0x1E, 0xF8, 0x1F, 0xF8, 0x1F,
    0xF8, 0x1F, 0xF8, 0x1F, 0xF8, 0x1F, 0xF8, 0x1F, 0xF8, 0x1F, 0xF8, 0x1F, 0xF8, 0x1F, 0xF8, 0x1F,
    0xC8, 0x5B, 0x01, 0x88, 0x02, 0x2A, 0x43, 0x2C, 0x23, 0xAF, 0x23, 0x2D, 0x3A, 0xCA, 0x53, 0x6B,
    0x5C, 0x4F, 0x5B, 0xCD, 0x12, 0xED, 0x13, 0x4E, 0x01, 0x86, 0x90, 0x54, 0xF8, 0x1F, 0xF8, 0x1F,
    0xF8, 0x1F, 0xF8, 0x1F, 0xF8, 0x1F, 0xF8, 0x1F, 0xF8, 0x1F, 0xF8, 0x1F, 0xF8, 0x1F, 0xF8, 0x1F,
    0xF0, 0x3E, 0x19, 0xC9, 0x01, 0x86, 0x01, 0xA8, 0x02, 0x8B, 0x01, 0xE9, 0x00, 0x83, 0x00, 0x22,
    0x00, 0xC5, 0x02, 0x8C, 0x02, 0x4A, 0x09, 0x07, 0xF0, 0x1E, 0xF8, 0x1F, 0xF8, 0x1F, 0xF8, 0x1F,
    0xF8, 0x1F, 0xF8, 0x1F, 0xF8, 0x1F, 0xF8, 0x1F, 0xF8, 0x1F, 0xF8, 0x1F, 0xF8, 0x1F, 0xB8, 0x79,
    0x01, 0x87, 0x01, 0x27, 0x01, 0xA8, 0x01, 0xA8, 0x01, 0x88, 0x01, 0x67, 0x01, 0x67, 0x01, 0x47,
    0x01, 0xC8, 0x02, 0x2A, 0x01, 0x46, 0x01, 0x46, 0x01, 0xC8, 0x01, 0xEA, 0x02, 0x0A, 0x12, 0x29,
    0x01, 0xA9, 0x01, 0x69, 0x01, 0x89, 0x01, 0x68, 0x01, 0xAA, 0x02, 0xCF, 0x02, 0xCF, 0x02, 0x8E,
    0x02, 0x6E, 0x02, 0xAE, 0x01, 0xCB, 0x01, 0x27, 0x00, 0x63, 0x00, 0x42, 0x00, 0x41, 0x00, 0x21,
    0x00, 0x21, 0x00, 0x21, 0x00, 0x21, 0x00, 0x41, 0x00, 0x20, 0x00, 0x00, 0x00, 0x00, 0x00, 0x00,
    0x00, 0x63, 0x01, 0xC9, 0x02, 0x0A, 0x02, 0xEE, 0x02, 0x2C, 0x12, 0xED, 0x12, 0xCC, 0x01, 0xC9,
    0x02, 0x2A, 0x0A, 0x8B, 0x1B, 0x4D, 0x0A, 0x4B, 0x0A, 0xCD, 0x0A, 0xCC, 0x02, 0x6B, 0x02, 0x0A,
    0x01, 0x89, 0x01, 0x69, 0x01, 0x68, 0x01, 0xA9, 0x01, 0xCA, 0x01, 0xEB, 0x01, 0xCB, 0x02, 0x2B,
    0x02, 0x0B, 0x01, 0xEB, 0x02, 0x2B, 0x01, 0xAA, 0x01, 0x69, 0x01, 0x69, 0x01, 0xCB, 0x02, 0x0C,
    0x02, 0x2D, 0x02, 0x4D, 0x02, 0x2D, 0x02, 0x2C, 0x01, 0xCC, 0x02, 0x0C, 0x01, 0xEC, 0x01, 0xEC,
    0x02, 0xAE, 0x02, 0xEE, 0x02, 0x2C, 0x01, 0xCA, 0x01, 0x89, 0x01, 0x68, 0x01, 0x89, 0x02, 0x0B,
    0x0A, 0x8C, 0x02, 0xAD, 0x02, 0x8D, 0x02, 0x2B, 0x0A, 0x29, 0x11, 0xA7, 0x2A, 0x48, 0x6B, 0x48,
    0x4A, 0x05, 0x08, 0xC4, 0x00, 0x83, 0x00, 0x63, 0x00, 0x22, 0x00, 0x42, 0x00, 0x42, 0x00, 0x83,
    0x01, 0x25, 0x01, 0x04, 0x00, 0x62, 0x00, 0xA4, 0x01, 0x06, 0x01, 0x07, 0x01, 0x28, 0x00, 0xE6,
    0x08, 0x85, 0xF0, 0x1E, 0xF8, 0x1F, 0xF8, 0x1F, 0xF8, 0x1F, 0xF8, 0x1F, 0xF8, 0x1F, 0xF8, 0x1F,
    0xF8, 0x1F, 0xF8, 0x1F, 0xF8, 0x1F, 0xF8, 0x1F, 0xC8, 0x5B, 0x01, 0x68, 0x12, 0x4A, 0x63, 0xCE,
    0x43, 0xCE, 0x1A, 0xEC, 0x43, 0x2B, 0x5B, 0x6B, 0x4C, 0x71, 0x3C, 0x2F, 0x23, 0x0C, 0x23, 0x6E,
    0x02, 0x06, 0x68, 0x70, 0xF8, 0x1F, 0xF8, 0x1F, 0xF8, 0x1F, 0xF8, 0x1F, 0xF8, 0x1F, 0xF8, 0x1F,
    0xF8, 0x1F, 0xF8, 0x1F, 0xF8, 0x1F, 0xF8, 0x1F, 0xD0, 0x9B, 0x0A, 0x08, 0x01, 0x87, 0x01, 0x88,
    0x02, 0x4B, 0x01, 0x67, 0x00, 0x63, 0x00, 0x42, 0x01, 0x67, 0x02, 0x6C, 0x01, 0xC9, 0x08, 0xC6,
    0xF0, 0x1E, 0xF8, 0x1F, 0xF8, 0x1F, 0xF8, 0x1F, 0xF8, 0x1F, 0xF8, 0x1F, 0xF8, 0x1F, 0xF8, 0x1F,
    0xF8, 0x1F, 0xF8, 0x1F, 0xF8, 0x1F, 0xB8, 0x59, 0x01, 0x46, 0x11, 0x86, 0x19, 0xC7, 0x19, 0xC7,
    0x01, 0x66, 0x19, 0xE8, 0x22, 0x08, 0x11, 0xC8, 0x01, 0x88, 0x01, 0xE8, 0x01, 0x87, 0x09, 0x25,
    0x09, 0xA7, 0x01, 0x88, 0x01, 0xCA, 0x01, 0x88, 0x01, 0xA9, 0x01, 0x68, 0x01, 0x68, 0x01, 0x27,
    0x01, 0xCB, 0x02, 0xAF, 0x02, 0x8E, 0x02, 0x4D, 0x02, 0x6D, 0x02, 0x6E, 0x01, 0xAA, 0x01, 0x06,
    0x00, 0x62, 0x00, 0x42, 0x00, 0x41, 0x00, 0x00, 0x00, 0x21, 0x00, 0x20, 0x00, 0x00, 0x08, 0x41,
    0x08, 0x40, 0x00, 0x00, 0x08, 0x40, 0x00, 0x01, 0x01, 0x88, 0x02, 0x2B, 0x02, 0xAD, 0x02, 0x4C,
    0x12, 0xEE, 0x1B, 0x6E, 0x01, 0x88, 0x01, 0x47, 0x01, 0x47, 0x1B, 0x6E, 0x02, 0x0A, 0x01, 0x48,
    0x12, 0xED, 0x0A, 0x6B, 0x01, 0xE9, 0x01, 0xC9, 0x01, 0xA9, 0x01, 0x89, 0x01, 0x89, 0x01, 0xAA,
    0x01, 0xCB, 0x02, 0x6D, 0x02, 0x4C, 0x02, 0xCD, 0x02, 0xAC, 0x02, 0x0B, 0x01, 0x89, 0x01, 0x8A,
    0x01, 0xEA, 0x01, 0xA9, 0x01, 0xCB, 0x02, 0x2D, 0x02, 0x8D, 0x02, 0x4C, 0x02, 0x2C, 0x02, 0x0C,
    0x02, 0x0C, 0x02, 0x2C, 0x01, 0xEC, 0x02, 0x4D, 0x03, 0x2F, 0x02, 0x8D, 0x01, 0xEB, 0x02, 0x0B,
    0x01, 0x88, 0x01, 0x48, 0x01, 0xA9, 0x02, 0x4C, 0x02, 0x8D, 0x0A, 0xAD, 0x0A, 0x8C, 0x02, 0x2A,
    0x22, 0x49, 0x1A, 0x28, 0x33, 0x2B, 0x53, 0x2A, 0x11, 0x85, 0x00, 0xA4, 0x00, 0xA4, 0x00, 0xA3,
    0x00, 0x22, 0x00, 0x42, 0x00, 0x42, 0x00, 0x63, 0x09, 0x66, 0x01, 0x04, 0x00, 0x23, 0x01, 0x27,
    0x01, 0xCA, 0x01, 0xAA, 0x01, 0x6A, 0x01, 0x48, 0x08, 0xA6, 0xF0, 0x1E, 0xF8, 0x1F, 0xF8, 0x1F,
    0xF8, 0x1F, 0xF8, 0x1F, 0xF8, 0x1F, 0xF8, 0x1F, 0xF8, 0x1F, 0xF8, 0x1F, 0xF8, 0x1F, 0xF8, 0x1F,
    0xC8, 0x5B, 0x01, 0x47, 0x02, 0xAD, 0x13, 0xD0, 0x22, 0xEB, 0x33, 0x2B, 0x43, 0x4B, 0x63, 0xCD,
    0x64, 0x90, 0x33, 0xCF, 0x02, 0xAD, 0x2B, 0x8F, 0x12, 0x48, 0x28, 0xC8, 0xF8, 0x1F, 0xF8, 0x1F,
    0xF8, 0x1F, 0xF8, 0x1F, 0xF8, 0x1F, 0xF8, 0x1F, 0xF8, 0x1F, 0xF8, 0x1F, 0xF8, 0x1F, 0xF8, 0x1F,
    0x99, 0x34, 0x02, 0x06, 0x01, 0xA8, 0x01, 0xA8, 0x0A, 0x09, 0x00, 0xE5, 0x00, 0x63, 0x01, 0x26,
    0x02, 0x0A, 0x0A, 0x6C, 0x01, 0x88, 0x08, 0xC6, 0xF0, 0x1E, 0xF8, 0x1F, 0xF8, 0x1F, 0xF8, 0x1F,
    0xF8, 0x1F, 0xF8, 0x1F, 0xF8, 0x1F, 0xF8, 0x1F, 0xF8, 0x1F, 0xF8, 0x1F, 0xF8, 0x1F, 0xB0, 0x58,
    0x01, 0x05, 0x19, 0x86, 0x11, 0x25, 0x11, 0x45, 0x09, 0x25, 0x11, 0xA7, 0x2A, 0x69, 0x2A, 0xAA,
    0x12, 0x49, 0x01, 0x67, 0x01, 0x46, 0x09, 0x25, 0x09, 0x87, 0x01, 0xE9, 0x02, 0x6C, 0x01, 0xAA,
    0x01, 0x89, 0x01, 0x68, 0x01, 0x48, 0x01, 0x69, 0x01, 0xEC, 0x02, 0x4E, 0x02, 0x4D, 0x02, 0x6D,
    0x02, 0x6D, 0x02, 0x0C, 0x01, 0x68, 0x00, 0xC4, 0x00, 0x42, 0x00, 0x82, 0x00, 0x41, 0x00, 0x00,
    0x00, 0x00, 0x00, 0x00, 0x00, 0x00, 0x00, 0x00, 0x00, 0x00, 0x00, 0x21, 0x08, 0x40, 0x00, 0xC5,
    0x0A, 0x4B, 0x02, 0x8D, 0x02, 0x8D, 0x02, 0x4C, 0x1B, 0xAF, 0x0A, 0x2A, 0x01, 0xA9, 0x09, 0xA9,
    0x09, 0xCA, 0x34, 0x92, 0x12, 0x6B, 0x01, 0x07, 0x2B, 0xD0, 0x1B, 0x4D, 0x02, 0x4B, 0x0A, 0x8B,
    0x01, 0xA9, 0x01, 0xA9, 0x01, 0xCA, 0x02, 0x0B, 0x02, 0x6C, 0x0B, 0x4E, 0x02, 0x6C, 0x01, 0xEB,
    0x01, 0xEA, 0x01, 0x88, 0x01, 0x69, 0x01, 0xEB, 0x01, 0xEA, 0x01, 0xAA, 0x01, 0xAB, 0x02, 0x0C,
    0x02, 0x4D, 0x02, 0x4D, 0x02, 0x0C, 0x01, 0xAB, 0x01, 0xEC, 0x02, 0x2C, 0x02, 0x0C, 0x02, 0x6E,
    0x02, 0xCE, 0x02, 0x4C, 0x02, 0x6C, 0x02, 0x2A, 0x01, 0x88, 0x01, 0x68, 0x01, 0xEA, 0x02, 0x6C,
    0x02, 0x8D, 0x0A, 0x8C, 0x12, 0x09, 0x09, 0xE8, 0x22, 0x07, 0x09, 0xE7, 0x0A, 0x8A, 0x09, 0xE8,
    0x00, 0xC5, 0x00, 0xC5, 0x00, 0xC4, 0x00, 0x63, 0x00, 0x22, 0x00, 0x42, 0x00, 0x62, 0x00, 0xC4,
    0x01, 0x86, 0x01, 0x05, 0x00, 0xC5, 0x01, 0xC9, 0x01, 0xCB, 0x01, 0x6A, 0x01, 0xAB, 0x01, 0x69,
    0x08, 0xC6, 0xE8, 0x1D, 0xF8, 0x1F, 0xF8, 0x1F, 0xF8, 0x1F, 0xF8, 0x1F, 0xF8, 0x1F, 0xF8, 0x1F,
    0xF8, 0x1F, 0xF8, 0x1F, 0xF8, 0x1F, 0xF8, 0x1F, 0xC8, 0x5A, 0x01, 0xA9, 0x03, 0x2F, 0x1B, 0x8E,
    0x2A, 0xCB, 0x3B, 0x4C, 0x53, 0xAD, 0x64, 0x4F, 0x74, 0x6F, 0x3B, 0x6D, 0x02, 0xAD, 0x2B, 0x6E,
    0x1A, 0x29, 0x01, 0x03, 0x88, 0x33, 0xF8, 0x1F, 0xF8, 0x1F, 0xF8, 0x1F, 0xF8, 0x1F, 0xF8, 0x1F,
    0xF8, 0x1F, 0xF8, 0x1F, 0xF8, 0x1F, 0xE0, 0x3C, 0x31, 0xA7, 0x01, 0x65, 0x01, 0x26, 0x01, 0x88,
    0x01, 0xE9, 0x00, 0xA4, 0x00, 0xC5, 0x02, 0x2A, 0x02, 0x6C, 0x0A, 0x6C, 0x01, 0xA9, 0x08, 0xE6,
    0xE0, 0x1C, 0xF8, 0x1F, 0xF8, 0x1F, 0xF8, 0x1F, 0xF8, 0x1F, 0xF8, 0x1F, 0xF8, 0x1F, 0xF8, 0x1F,
    0xF8, 0x1F, 0xF8, 0x1F, 0xF8, 0x1F, 0xB0, 0x77, 0x01, 0x45, 0x09, 0x45, 0x00, 0xC3, 0x00, 0xA3,
    0x09, 0x25, 0x11, 0x66, 0x1A, 0x08, 0x12, 0x29, 0x12, 0x4A, 0x01, 0xA8, 0x01, 0x67, 0x01, 0x66,
    0x01, 0x87, 0x01, 0xCA, 0x02, 0x4C, 0x01, 0xCA, 0x01, 0x68, 0x01, 0x68, 0x01, 0x28, 0x01, 0xAA,
    0x02, 0x4D, 0x02, 0x4E, 0x02, 0x6E, 0x02, 0x8E, 0x02, 0x6D, 0x01, 0xCA, 0x01, 0x67, 0x00, 0x63,
    0x00, 0x42, 0x00, 0x41, 0x00, 0x00, 0x00, 0x20, 0x00, 0x62, 0x00, 0xA4, 0x01, 0x47, 0x01, 0x05,
    0x00, 0x00, 0x00, 0x00, 0x00, 0x22, 0x12, 0x2A, 0x12, 0xCC, 0x02, 0xCE, 0x02, 0x4C, 0x1B, 0x6F,
    0x12, 0xED, 0x01, 0xEA, 0x0A, 0x6B, 0x1A, 0xCC, 0x13, 0x0D, 0x1B, 0x4D, 0x01, 0xEA, 0x12, 0xED,
    0x2C, 0x0F, 0x1B, 0xCF, 0x1B, 0xAF, 0x2B, 0xCF, 0x01, 0xA9, 0x02, 0x2A, 0x02, 0x0B, 0x02, 0x2B,
    0x02, 0x4C, 0x02, 0xAC, 0x02, 0x0A, 0x01, 0x69, 0x01, 0x48, 0x01, 0x49, 0x02, 0x0B, 0x02, 0x0A,
    0x01, 0x8A, 0x01, 0xAB, 0x02, 0x0C, 0x02, 0x0C, 0x02, 0x0C, 0x02, 0x0C, 0x01, 0xEC, 0x01, 0xCB,
    0x01, 0xCC, 0x02, 0x2D, 0x02, 0x4D, 0x02, 0xCE, 0x02, 0x2C, 0x02, 0x0C, 0x02, 0x4B, 0x01, 0x89,
    0x01, 0xA9, 0x01, 0xA9, 0x01, 0xCA, 0x02, 0x4C, 0x02, 0x8D, 0x02, 0x4C, 0x01, 0xE9, 0x22, 0x69,
    0x21, 0xC6, 0x09, 0x05, 0x00, 0xE5, 0x00, 0xC5, 0x00, 0xC5, 0x00, 0xA4, 0x00, 0x63, 0x00, 0x22,
    0x00, 0x21, 0x00, 0x42, 0x00, 0x82, 0x01, 0x25, 0x01, 0x45, 0x00, 0xA4, 0x01, 0x27, 0x01, 0x89,
    0x01, 0x8A, 0x01, 0xAA, 0x01, 0xCB, 0x01, 0x89, 0x08, 0xE6, 0xE0, 0x1C, 0xF8, 0x1F, 0xF8, 0x1F,
    0xF8, 0x1F, 0xF8, 0x1F, 0xF8, 0x1F, 0xF8, 0x1F, 0xF8, 0x1F, 0xF8, 0x1F, 0xF8, 0x1F, 0xF8, 0x1F,
    0xB8, 0x79, 0x02, 0x2B, 0x03, 0xAF, 0x1A, 0xEC, 0x2A, 0xEC, 0x4B, 0xAE, 0x5C, 0x2F, 0x7C, 0x8F,
    0x54, 0x4F, 0x12, 0xAC, 0x02, 0x4C, 0x13, 0x2E, 0x0A, 0x09, 0x01, 0x05, 0x08, 0xA3, 0x98, 0x75,
    0xF8, 0x1F, 0xF8, 0x1F, 0xF8, 0x1F, 0xF8, 0x1F, 0xF8, 0x1F, 0xF8, 0x1F, 0xD8, 0x1B, 0x49, 0x4A,
    0x01, 0x64, 0x01, 0x25, 0x01, 0x25, 0x01, 0xA9, 0x01, 0x87, 0x00, 0x42, 0x01, 0x26, 0x02, 0xCD,
    0x02, 0xCE, 0x02, 0x4C, 0x01, 0xA9, 0x01, 0x06, 0xC8, 0x19, 0xF8, 0x1F, 0xF8, 0x1F, 0xF8, 0x1F,
    0xF8, 0x1F, 0xF8, 0x1F, 0xF8, 0x1F, 0xF8, 0x1F, 0xF8, 0x1F, 0xF8, 0x1F, 0xF8, 0x1F, 0x98, 0xB4,
    0x11, 0xA5, 0x19, 0x45, 0x00, 0xC3, 0x00, 0xC4, 0x09, 0x25, 0x09, 0x25, 0x11, 0x66, 0x1A, 0x08,
    0x02, 0x2A, 0x01, 0xE9, 0x01, 0x47, 0x01, 0x87, 0x01, 0xE9, 0x02, 0x0A, 0x02, 0x0A, 0x01, 0xA9,
    0x01, 0x89, 0x01, 0x89, 0x01, 0x68, 0x02, 0x0C, 0x02, 0x8E, 0x02, 0x6D, 0x02, 0x6E, 0x02, 0xAE,
    0x02, 0x0C, 0x01, 0xAA, 0x00, 0xE4, 0x00, 0x42, 0x00, 0x21, 0x00, 0x00, 0x00, 0x63, 0x01, 0x67,
    0x01, 0xE9, 0x01, 0xEA, 0x02, 0xAC, 0x02, 0x8B, 0x00, 0x84, 0x00, 0x63, 0x01, 0x88, 0x02, 0x6B,
    0x02, 0xEE, 0x02, 0xAD, 0x02, 0x2C, 0x0B, 0x6E, 0x02, 0x4B, 0x01, 0xA8, 0x09, 0xE9, 0x02, 0x2A,
    0x01, 0xEA, 0x01, 0x07, 0x01, 0x68, 0x12, 0xAB, 0x02, 0x2A, 0x13, 0x6E, 0x2C, 0x10, 0x1A, 0xEC,
    0x01, 0x89, 0x02, 0x2A, 0x02, 0x0A, 0x01, 0xEB, 0x02, 0x0B, 0x01, 0xAA, 0x01, 0x8A, 0x01, 0xCA,
    0x01, 0xA9, 0x01, 0xCA, 0x02, 0x6C, 0x02, 0x2B, 0x01, 0xAB, 0x01, 0xEC, 0x02, 0xEF, 0x02, 0x6D,
    0x01, 0xCC, 0x01, 0xAB, 0x01, 0xAB, 0x01, 0xCC, 0x02, 0x0C, 0x02, 0x2D, 0x02, 0xAE, 0x02, 0xAD,
    0x02, 0x2C, 0x02, 0x2B, 0x01, 0xA9, 0x01, 0x89, 0x01, 0xC8, 0x01, 0xE9, 0x02, 0x0B, 0x02, 0x6C,
    0x02, 0xAD, 0x02, 0x6C, 0x0A, 0x2A, 0x2A, 0xA9, 0x21, 0xC6, 0x08, 0xE4, 0x00, 0xC4, 0x00, 0xC4,
    0x00, 0xE5, 0x00, 0xA3, 0x00, 0x62, 0x00, 0x42, 0x00, 0x21, 0x00, 0x42, 0x00, 0xC4, 0x01, 0x45,
    0x00, 0xC4, 0x00, 0x63, 0x00, 0xC6, 0x01, 0x6A, 0x01, 0xAB, 0x01, 0xEB, 0x01, 0xEB, 0x01, 0xCA,
    0x00, 0xE5, 0xC0, 0x19, 0xF8, 0x1F, 0xF8, 0x1F, 0xF8, 0x1F, 0xF8, 0x1F, 0xF8, 0x1F, 0xF8, 0x1F,
    0xF8, 0x1F, 0xF8, 0x1F, 0xF8, 0x1F, 0xF8, 0x1F, 0x98, 0x96, 0x02, 0x8B, 0x0B, 0x90, 0x0A, 0x8B,
    0x0A, 0xAC, 0x2B, 0xCF, 0x4C, 0x50, 0x74, 0x2E, 0x33, 0x6D, 0x02, 0x2A, 0x01, 0xEA, 0x02, 0xCD,
    0x12, 0xAC, 0x01, 0x88, 0x01, 0x67, 0x01, 0x24, 0x39, 0x0B, 0x80, 0xB1, 0x90, 0x53, 0x98, 0x33,
    0x80, 0x51, 0x58, 0x6B, 0x29, 0x44, 0x01, 0xC6, 0x09, 0xA7, 0x01, 0x46, 0x01, 0x26, 0x01, 0xE9,
    0x01, 0x25, 0x00, 0x01, 0x01, 0x67, 0x03, 0x0E, 0x02, 0x8D, 0x02, 0x2B, 0x01, 0xCA, 0x01, 0x24,
    0x90, 0x33, 0xF8, 0x1F, 0xF8, 0x1F, 0xF8, 0x1F, 0xF8, 0x1F, 0xF8, 0x1F, 0xF8, 0x1F, 0xF8, 0x1F,
    0xF8, 0x1F, 0xF8, 0x1F, 0xF8, 0x1F, 0x69, 0x50, 0x09, 0xE5, 0x11, 0x25, 0x09, 0x25, 0x09, 0x46,
    0x09, 0x04, 0x11, 0x04, 0x11, 0x86, 0x0A, 0x09, 0x02, 0x6B, 0x02, 0x09, 0x01, 0x87, 0x02, 0x2A,
    0x02, 0x0A, 0x02, 0x2B, 0x01, 0xEA, 0x01, 0x68, 0x01, 0xA9, 0x01, 0x68, 0x01, 0x49, 0x02, 0x0C,
    0x0A, 0x8D, 0x12, 0x8D, 0x02, 0x6E, 0x02, 0xAE, 0x02, 0x0C, 0x01, 0x06, 0x00, 0x42, 0x00, 0x21,
    0x00, 0x01, 0x00, 0xE5, 0x02, 0x09, 0x02, 0x6C, 0x02, 0x4C, 0x01, 0xCA, 0x02, 0x4B, 0x02, 0xAD,
    0x02, 0x2B, 0x0A, 0x6B, 0x0A, 0x8B, 0x03, 0x0E, 0x02, 0xEE, 0x02, 0x4C, 0x02, 0xAD, 0x0B, 0x0D,
    0x02, 0x4B, 0x01, 0x88, 0x01, 0x88, 0x13, 0x0D, 0x12, 0xEE, 0x2B, 0xD0, 0x1B, 0x4E, 0x0A, 0x09,
    0x0A, 0x8C, 0x12, 0xCC, 0x0A, 0x4A, 0x0A, 0x2A, 0x01, 0xEA, 0x01, 0xC9, 0x01, 0x68, 0x01, 0x69,
    0x01, 0x89, 0x01, 0xAA, 0x02, 0x6C, 0x02, 0x8B, 0x02, 0x2B, 0x01, 0xCA, 0x01, 0x89, 0x01, 0xAA,
    0x01, 0xAB, 0x01, 0xEC, 0x02, 0x8E, 0x02, 0x4D, 0x02, 0x0C, 0x01, 0xCB, 0x01, 0xAB, 0x02, 0x0C,
    0x02, 0x2D, 0x02, 0x4D, 0x02, 0x6C, 0x02, 0x4C, 0x02, 0xAD, 0x01, 0xEA, 0x01, 0x48, 0x01, 0xA9,
    0x1A, 0x29, 0x1A, 0x2A, 0x02, 0x6C, 0x02, 0xAD, 0x02, 0x6C, 0x02, 0x2B, 0x12, 0x49, 0x32, 0x88,
    0x19, 0x85, 0x00, 0xC4, 0x00, 0xA4, 0x00, 0xA4, 0x00, 0xA3, 0x00, 0x42, 0x00, 0x42, 0x00, 0x42,
    0x00, 0x41, 0x00, 0xC4, 0x01, 0x87, 0x01, 0x46, 0x00, 0x83, 0x00, 0x64, 0x00, 0xE7, 0x01, 0xAB,
    0x02, 0xAE, 0x02, 0x4C, 0x02, 0x4C, 0x01, 0xCB, 0x00, 0xE4, 0x88, 0x32, 0xF8, 0x1F, 0xF8, 0x1F,
    0xF8, 0x1F, 0xF8, 0x1F, 0xF8, 0x1F, 0xF8, 0x1F, 0xF8, 0x1F, 0xF8, 0x1F, 0xF8, 0x1F, 0xF8, 0x1F,
    0x60, 0xF1, 0x0A, 0xEA, 0x0B, 0x8F, 0x12, 0xAB, 0x12, 0xCC, 0x23, 0xD0, 0x2B, 0xCF, 0x13, 0x4D,
    0x02, 0x2A, 0x01, 0xCA, 0x02, 0x2B, 0x02, 0xAC, 0x02, 0x6B, 0x0A, 0x0A, 0x01, 0xE9, 0x02, 0x0A,
    0x1A, 0x88, 0x09, 0xC4, 0x00, 0xA0, 0x00, 0xA1, 0x01, 0x22, 0x19, 0xE4, 0x22, 0x47, 0x01, 0xC7,
    0x09, 0xA7, 0x01, 0x46, 0x01, 0x48, 0x01, 0xE9, 0x00, 0xC4, 0x00, 0x01, 0x01, 0x27, 0x02, 0xEE,
    0x02, 0x6C, 0x01, 0xEA, 0x01, 0xC9, 0x01, 0x24, 0x30, 0x68, 0xF8, 0x1F, 0xF8, 0x1F, 0xF8, 0x1F,
    0xF8, 0x1F, 0xF8, 0x1F, 0xF8, 0x1F, 0xF8, 0x1F, 0xF8, 0x1F, 0xF8, 0x1F, 0xD8, 0x3B, 0x19, 0xA9,
    0x11, 0xC7, 0x11, 0x66, 0x11, 0x86, 0x21, 0xE7, 0x21, 0xA6, 0x29, 0xC6, 0x22, 0x28, 0x01, 0xA8,
    0x01, 0x87, 0x01, 0xA8, 0x02, 0x2A, 0x02, 0xAC, 0x02, 0x4C, 0x02, 0x0B, 0x01, 0xEA, 0x01, 0x89,
    0x01, 0x89, 0x01, 0x68, 0x01, 0xEB, 0x02, 0x6E, 0x02, 0x8E, 0x0A, 0x8D, 0x02, 0x6D, 0x02, 0x6C,
    0x01, 0x47, 0x00, 0x42, 0x00, 0x21, 0x00, 0x42, 0x01, 0x67, 0x02, 0x2B, 0x02, 0x2A, 0x02, 0x2A,
    0x02, 0x2B, 0x01, 0xCB, 0x02, 0x0B, 0x02, 0x6C, 0x02, 0x4C, 0x1A, 0x6B, 0x1A, 0xCD, 0x03, 0x70,
    0x02, 0x2B, 0x02, 0x4C, 0x0A, 0xAC, 0x02, 0x8B, 0x02, 0x4B, 0x0A, 0x4A, 0x02, 0x09, 0x0A, 0xCC,
    0x2C, 0x31, 0x2C, 0x50, 0x0A, 0x8B, 0x01, 0x47, 0x12, 0x8B, 0x12, 0x6B, 0x01, 0xC8, 0x01, 0xC9,
    0x01, 0xA9, 0x01, 0x89, 0x01, 0x89, 0x01, 0xA9, 0x01, 0x88, 0x01, 0xA9, 0x02, 0x4B, 0x02, 0x6B,
    0x01, 0xEB, 0x01, 0xCA, 0x01, 0xAA, 0x01, 0xAA, 0x01, 0xCB, 0x01, 0xEC, 0x02, 0x2D, 0x02, 0x2D,
    0x02, 0x0C, 0x01, 0xEC, 0x01, 0xCB, 0x02, 0x0C, 0x02, 0x2C, 0x01, 0xCB, 0x01, 0xEB, 0x02, 0xED,
    0x02, 0xED, 0x01, 0x89, 0x01, 0x48, 0x02, 0x0A, 0x02, 0x2A, 0x02, 0x4C, 0x02, 0xAD, 0x02, 0xCE,
    0x02, 0x4C, 0x01, 0xEA, 0x1A, 0x28, 0x3A, 0x47, 0x19, 0x64, 0x00, 0xA3, 0x00, 0x83, 0x00, 0x83,
    0x00, 0x62, 0x00, 0x42, 0x00, 0x22, 0x00, 0x62, 0x00, 0xC3, 0x01, 0x46, 0x01, 0xA7, 0x01, 0x25,
    0x00, 0xA4, 0x00, 0xC6, 0x01, 0x49, 0x02, 0x4D, 0x02, 0xCE, 0x01, 0xEB, 0x02, 0x6D, 0x02, 0x4C,
    0x01, 0x26, 0x28, 0x47, 0xF0, 0x1E, 0xF8, 0x1F, 0xF8, 0x1F, 0xF8, 0x1F, 0xF8, 0x1F, 0xF8, 0x1F,
    0xF8, 0x1F, 0xF8, 0x1F, 0xF8, 0x1F, 0xD0, 0x3B, 0x19, 0x87, 0x8B, 0x46, 0x3B, 0x2C, 0x0A, 0xCC,
    0x12, 0xAC, 0x23, 0x8E, 0x22, 0xAB, 0x02, 0x0A, 0x02, 0x8D, 0x02, 0x6C, 0x02, 0x6C, 0x12, 0xCC,
    0x02, 0x4C, 0x3A, 0xEB, 0x3B, 0x2D, 0x2B, 0xF0, 0x4B, 0xCE, 0x22, 0x28, 0x11, 0x25, 0x01, 0xC8,
    0x0A, 0x29, 0x32, 0x68, 0x12, 0x69, 0x12, 0x28, 0x01, 0x66, 0x01, 0x47, 0x01, 0xC8, 0x01, 0x26,
    0x00, 0x63, 0x00, 0x43, 0x01, 0x88, 0x02, 0x6C, 0x02, 0x2B, 0x01, 0xCA, 0x01, 0xA9, 0x01, 0x26,
    0x00, 0x82, 0x70, 0x2F, 0xF8, 0x1F, 0xF8, 0x1F, 0xF8, 0x1F, 0xF8, 0x1F, 0xF8, 0x1F, 0xF8, 0x1F,
    0xF8, 0x1F, 0xF0, 0x1E, 0x41, 0x0D, 0x01, 0xE8, 0x01, 0xC9, 0x09, 0xC8, 0x11, 0xE8, 0x1A, 0x29,
    0x1A, 0x49, 0x12, 0x09, 0x09, 0xE8, 0x01, 0x87, 0x01, 0xC8, 0x02, 0x0A, 0x02, 0x6B, 0x02, 0x2B,
    0x01, 0xEB, 0x01, 0xA9, 0x01, 0x69, 0x01, 0x69, 0x01, 0x68, 0x09, 0xA8, 0x02, 0x4D, 0x02, 0x6E,
    0x02, 0x0D, 0x02, 0x8E, 0x02, 0x4C, 0x01, 0x47, 0x00, 0x42, 0x00, 0x21, 0x00, 0x22, 0x01, 0x68,
    0x02, 0x2A, 0x01, 0xC9, 0x01, 0xA9, 0x02, 0x09, 0x02, 0x2B, 0x02, 0x8D, 0x02, 0x6C, 0x02, 0x6C,
    0x02, 0x6D, 0x02, 0x0B, 0x02, 0xEE, 0x02, 0x4C, 0x12, 0xCD, 0x0A, 0xCC, 0x02, 0x0B, 0x02, 0x2A,
    0x0A, 0xAB, 0x0A, 0x4A, 0x01, 0xA8, 0x02, 0x4B, 0x02, 0x4B, 0x02, 0x0A, 0x0A, 0x4A, 0x09, 0xA8,
    0x01, 0xC8, 0x02, 0x2A, 0x0A, 0x09, 0x01, 0xA8, 0x01, 0x88, 0x01, 0xC9, 0x02, 0x2A, 0x01, 0xC9,
    0x01, 0xA8, 0x01, 0xC9, 0x02, 0x0A, 0x01, 0xEB, 0x01, 0xAA, 0x02, 0x0B, 0x02, 0x0B, 0x01, 0xCB,
    0x01, 0xEC, 0x02, 0x0C, 0x02, 0x0C, 0x01, 0xCC, 0x01, 0xCC, 0x01, 0xCC, 0x01, 0xCB, 0x01, 0xEC,
    0x02, 0x4D, 0x01, 0xCB, 0x02, 0x0C, 0x02, 0xED, 0x02, 0x2B, 0x01, 0x68, 0x01, 0x69, 0x02, 0x0A,
    0x22, 0x8B, 0x12, 0xAC, 0x02, 0xCE, 0x02, 0xCD, 0x02, 0x6C, 0x02, 0x0A, 0x1A, 0x08, 0x2A, 0x06,
    0x11, 0x45, 0x00, 0x83, 0x00, 0x63, 0x00, 0x62, 0x00, 0x22, 0x00, 0x42, 0x00, 0x22, 0x00, 0x62,
    0x00, 0xE4, 0x01, 0x46, 0x01, 0x46, 0x01, 0x25, 0x00, 0xC5, 0x01, 0x48, 0x01, 0xCB, 0x02, 0x2C,
    0x02, 0x2C, 0x02, 0x2C, 0x02, 0x0C, 0x02, 0x2C, 0x01, 0x68, 0x00, 0xA3, 0x58, 0x2C, 0xF8, 0x1F,
    0xF8, 0x1F, 0xF8, 0x1F, 0xF8, 0x1F, 0xF8, 0x1F, 0xF8, 0x1F, 0xF8, 0x1F, 0xE8, 0x1D, 0x31, 0x4E,
    0x01, 0xC7, 0x62, 0xE8, 0x2B, 0x6E, 0x0B, 0x4E, 0x1A, 0xAB, 0x1B, 0x6E, 0x12, 0x6B, 0x01, 0xCA,
    0x03, 0x0D, 0x03, 0x0E, 0x2A, 0xAA, 0x0A, 0x6B, 0x03, 0x0E, 0x0A, 0xCD, 0x33, 0xAF, 0x5C, 0xD2,
    0x33, 0xAD, 0x09, 0xA7, 0x11, 0x45, 0x02, 0x49, 0x12, 0x28, 0x22, 0x07, 0x09, 0xE7, 0x01, 0xC7,
    0x01, 0x66, 0x01, 0x87, 0x01, 0xA8, 0x00, 0xA4, 0x00, 0x43, 0x01, 0x27, 0x02, 0xAD, 0x02, 0x2B,
    0x01, 0xEA, 0x01, 0xE9, 0x01, 0xA8, 0x01, 0x25, 0x00, 0xC4, 0x00, 0xA1, 0x40, 0x8B, 0xC0, 0x39,
    0xE8, 0x1D, 0xF8, 0x1F, 0xF0, 0x1F, 0xE8, 0x1D, 0xA8, 0x16, 0x29, 0x0A, 0x02, 0x08, 0x02, 0x4B,
    0x02, 0x4A, 0x02, 0x8B, 0x03, 0x0D, 0x02, 0x6B, 0x02, 0x0A, 0x01, 0x88, 0x01, 0x26, 0x01, 0x88,
    0x02, 0x2A, 0x02, 0x8C, 0x02, 0x0A, 0x02, 0x0B, 0x02, 0x0B, 0x01, 0x69, 0x01, 0x89, 0x01, 0x49,
    0x01, 0x69, 0x01, 0xCA, 0x02, 0x4D, 0x02, 0x2D, 0x02, 0x4D, 0x02, 0x2C, 0x01, 0x26, 0x00, 0x42,
    0x00, 0x01, 0x00, 0x63, 0x01, 0x89, 0x02, 0x2B, 0x02, 0x2B, 0x02, 0x8C, 0x09, 0xE8, 0x01, 0xC9,
    0x02, 0x8C, 0x02, 0x8D, 0x02, 0xCE, 0x02, 0xCD, 0x02, 0x6C, 0x03, 0x0F, 0x02, 0xCE, 0x02, 0x2B,
    0x02, 0x8C, 0x02, 0x4B, 0x02, 0x2A, 0x09, 0xE9, 0x12, 0x49, 0x02, 0x09, 0x12, 0x6B, 0x0A, 0x6B,
    0x0A, 0x8B, 0x1A, 0xEC, 0x12, 0xAB, 0x02, 0x4A, 0x01, 0xA8, 0x02, 0x09, 0x09, 0xE9, 0x01, 0x67,
    0x01, 0xC9, 0x01, 0xA9, 0x02, 0x0A, 0x01, 0xEA, 0x01, 0xA9, 0x01, 0xCA, 0x01, 0xCA, 0x01, 0xAA,
    0x01, 0xEB, 0x02, 0x0B, 0x01, 0xCA, 0x01, 0xCB, 0x02, 0x0C, 0x01, 0xEC, 0x01, 0xEC, 0x01, 0xEC,
    0x01, 0xCC, 0x01, 0xEC, 0x01, 0xEC, 0x02, 0x0C, 0x02, 0x4D, 0x01, 0xEB, 0x02, 0x0B, 0x02, 0x2B,
    0x01, 0xCA, 0x01, 0x89, 0x02, 0x0B, 0x02, 0x4B, 0x22, 0xAC, 0x23, 0x0D, 0x02, 0xEE, 0x02, 0xAD,
    0x02, 0x6C, 0x02, 0x2A, 0x1A, 0x08, 0x19, 0xA6, 0x00, 0xE4, 0x00, 0x63, 0x00, 0x42, 0x00, 0x42,
    0x00, 0x42, 0x00, 0x22, 0x00, 0x21, 0x00, 0x82, 0x00, 0xC4, 0x01, 0x46, 0x00, 0xE4, 0x00, 0xA4,
    0x01, 0x07, 0x01, 0x89, 0x01, 0xCB, 0x01, 0xEB, 0x02, 0x0C, 0x02, 0x4D, 0x02, 0x0B, 0x01, 0xAA,
    0x01, 0x28, 0x00, 0xC6, 0x00, 0x61, 0x28, 0x26, 0xA0, 0x14, 0xD0, 0x1A, 0xE8, 0x1D, 0xE8, 0x1D,
    0xC8, 0x1A, 0x90, 0x33, 0x19, 0x6B, 0x02, 0x6A, 0x01, 0xCA, 0x0A, 0x6B, 0x1B, 0x6F, 0x03, 0x6F,
    0x02, 0xAD, 0x1B, 0x8E, 0x0A, 0xAD, 0x02, 0x4C, 0x02, 0xAC, 0x0A, 0xED, 0x2A, 0xAB, 0x1B, 0x4E,
    0x03, 0x0D, 0x13, 0x2E, 0x5C, 0x71, 0x63, 0xCD, 0x0A, 0x4A, 0x09, 0x65, 0x11, 0xA6, 0x02, 0x09,
    0x11, 0xA5, 0x11, 0xC6, 0x01, 0xA7, 0x01, 0x66, 0x01, 0x46, 0x21, 0xE7, 0x09, 0xA7, 0x00, 0x63,
    0x01, 0x07, 0x02, 0xAD, 0x02, 0xCD, 0x01, 0xCA, 0x01, 0xCA, 0x01, 0xA8, 0x01, 0x67, 0x09, 0x46,
    0x08, 0xE4, 0x09, 0x25, 0x01, 0x44, 0x00, 0xE4, 0x10, 0xE5, 0x20, 0xA7, 0x18, 0xA7, 0x08, 0xE5,
    0x01, 0xE7, 0x02, 0xAB, 0x02, 0x6B, 0x01, 0x88, 0x01, 0x67, 0x02, 0x09, 0x02, 0x4A, 0x01, 0xA8,
    0x01, 0x88, 0x01, 0xC9, 0x01, 0xA8, 0x01, 0xA9, 0x02, 0xCD, 0x02, 0xCD, 0x02, 0x4C, 0x02, 0x8C,
    0x02, 0x0B, 0x01, 0xAA, 0x01, 0xA9, 0x4A, 0xA7, 0x11, 0xE9, 0x01, 0xEC, 0x02, 0x8E, 0x02, 0x6D,
    0x02, 0x2C, 0x01, 0x47, 0x00, 0x22, 0x00, 0x22, 0x01, 0x27, 0x02, 0x0A, 0x02, 0x2B, 0x02, 0x8D,
    0x33, 0xF0, 0x4B, 0xAE, 0x12, 0x2A, 0x02, 0x6C, 0x02, 0xCE, 0x02, 0xAD, 0x02, 0xEE, 0x01, 0xC9,
    0x01, 0xEB, 0x03, 0x4F, 0x02, 0x2B, 0x02, 0x0A, 0x01, 0xEA, 0x02, 0x4B, 0x02, 0x29, 0x01, 0xA8,
    0x0A, 0x6B, 0x12, 0xAC, 0x0A, 0x2A, 0x12, 0xCC, 0x12, 0x8B, 0x0A, 0x2A, 0x0A, 0x0A, 0x0A, 0x6B,
    0x0A, 0x4A, 0x02, 0x29, 0x01, 0xC8, 0x01, 0xC8, 0x01, 0x48, 0x01, 0xA9, 0x01, 0xCA, 0x01, 0xAA,
    0x01, 0xCA, 0x01, 0xA9, 0x01, 0x69, 0x01, 0x8A, 0x01, 0xCB, 0x01, 0xEB, 0x01, 0xCB, 0x01, 0xCC,
    0x01, 0xEC, 0x01, 0xCC, 0x01, 0xCC, 0x02, 0x0C, 0x01, 0xEC, 0x02, 0x2C, 0x02, 0x2C, 0x02, 0x2D,
    0x02, 0x2C, 0x01, 0xAA, 0x01, 0xEB, 0x01, 0xEA, 0x01, 0xA9, 0x01, 0xCA, 0x02, 0x8D, 0x12, 0xED,
    0x0A, 0xAD, 0x02, 0xCD, 0x02, 0xEE, 0x0A, 0xAC, 0x0A, 0x4B, 0x12, 0x49, 0x19, 0xA6, 0x00, 0xE4,
    0x00, 0x83, 0x00, 0x42, 0x00, 0x22, 0x00, 0x42, 0x00, 0x42, 0x00, 0x62, 0x00, 0xA3, 0x00, 0xA3,
    0x09, 0xC8, 0x01, 0xA7, 0x00, 0xA4, 0x00, 0x65, 0x01, 0x48, 0x11, 0xA8, 0x01, 0xCA, 0x01, 0xEC,
    0x02, 0x4D, 0x02, 0x4C, 0x02, 0x6D, 0x02, 0x0B, 0x01, 0xAA, 0x01, 0x27, 0x00, 0xA5, 0x00, 0x41,
    0x00, 0x40, 0x00, 0x62, 0x08, 0x63, 0x08, 0x64, 0x00, 0x63, 0x01, 0x25, 0x02, 0x4C, 0x02, 0x6C,
    0x01, 0xA9, 0x02, 0x2B, 0x0B, 0xB0, 0x03, 0x2E, 0x2B, 0x4D, 0x3B, 0xAE, 0x02, 0x2B, 0x0A, 0x6C,
    0x0A, 0xED, 0x02, 0x4C, 0x03, 0x0E, 0x03, 0x0E, 0x02, 0xAD, 0x1B, 0x8F, 0x54, 0x91, 0x2B, 0x6D,
    0x0A, 0x28, 0x11, 0xA6, 0x01, 0x86, 0x09, 0xA6, 0x19, 0x44, 0x09, 0x44, 0x01, 0x45, 0x01, 0x66,
    0x01, 0x67, 0x11, 0xE8, 0x09, 0x04, 0x00, 0xA5, 0x02, 0xAD, 0x02, 0xCE, 0x02, 0x2C, 0x01, 0xC9,
    0x01, 0xA9, 0x01, 0x88, 0x01, 0x46, 0x01, 0x05, 0x09, 0x46, 0x09, 0x87, 0x09, 0xE8, 0x01, 0xE8,
    0x01, 0xE7, 0x09, 0xC6, 0x01, 0x86, 0x01, 0xA8, 0x02, 0x2A, 0x02, 0x2A, 0x01, 0xE9, 0x01, 0xA8,
    0x01, 0xA8, 0x01, 0x87, 0x01, 0xA8, 0x02, 0x4A, 0x02, 0x2A, 0x02, 0x6B, 0x02, 0x8B, 0x02, 0xED,
    0x03, 0x2F, 0x02, 0x6C, 0x02, 0x8D, 0x02, 0x4C, 0x02, 0x0B, 0x01, 0x89, 0x01, 0x68, 0x63, 0x29,
    0x1A, 0x6C, 0x02, 0x4E, 0x02, 0x8E, 0x02, 0x6D, 0x01, 0xAA, 0x00, 0x63, 0x00, 0x23, 0x01, 0x88,
    0x02, 0x8C, 0x02, 0x4B, 0x02, 0x8E, 0x03, 0xD2, 0x24, 0x32, 0x2A, 0xEC, 0x02, 0x0A, 0x12, 0xCD,
    0x02, 0xEE, 0x02, 0xCD, 0x1A, 0x4A, 0x01, 0x68, 0x01, 0xCB, 0x02, 0xED, 0x02, 0x0A, 0x01, 0x68,
    0x02, 0x0A, 0x02, 0x2A, 0x0A, 0x4A, 0x02, 0x2A, 0x02, 0x2A, 0x0A, 0x6B, 0x12, 0xAC, 0x0A, 0x6A,
    0x09, 0xC8, 0x01, 0x87, 0x09, 0xC8, 0x09, 0xE8, 0x09, 0xE8, 0x01, 0x88, 0x01, 0xC8, 0x01, 0x87,
    0x01, 0x68, 0x01, 0xA9, 0x01, 0xCA, 0x01, 0x8A, 0x01, 0xAA, 0x01, 0xCA, 0x01, 0xAA, 0x01, 0xAB,
    0x01, 0xCB, 0x01, 0xEC, 0x02, 0x0C, 0x02, 0x0C, 0x01, 0xEC, 0x01, 0xEC, 0x01, 0xEC, 0x01, 0xEB,
    0x01, 0xCB, 0x02, 0x0C, 0x02, 0x4D, 0x02, 0x6D, 0x01, 0xAA, 0x01, 0x69, 0x01, 0xA9, 0x01, 0x28,
    0x01, 0x89, 0x01, 0xEA, 0x0A, 0x4B, 0x02, 0x8D, 0x02, 0xAD, 0x02, 0xAD, 0x02, 0xAD, 0x02, 0x6C,
    0x0A, 0x4A, 0x22, 0x08, 0x09, 0x25, 0x00, 0x83, 0x00, 0x22, 0x00, 0x22, 0x00, 0x63, 0x00, 0x63,
    0x00, 0x62, 0x00, 0xA3, 0x00, 0xE4, 0x00, 0xE4, 0x01, 0x25, 0x01, 0x25, 0x00, 0xA5, 0x01, 0x28,
    0x01, 0x89, 0x1A, 0x2A, 0x0A, 0x0B, 0x02, 0xCE, 0x03, 0x0F, 0x02, 0xEF, 0x02, 0x6D, 0x01, 0xCB,
    0x01, 0xEB, 0x01, 0xCB, 0x01, 0x28, 0x00, 0xC5, 0x00, 0x84, 0x00, 0x83, 0x00, 0xC4, 0x00, 0xC4,
    0x01, 0x07, 0x01, 0x6A, 0x02, 0x2C, 0x02, 0x6C, 0x01, 0xA9, 0x01, 0xEA, 0x03, 0x90, 0x03, 0x0E,
    0x5B, 0x6C, 0x4B, 0x2C, 0x01, 0xEA, 0x1A, 0xAB, 0x0A, 0x09, 0x02, 0x8C, 0x03, 0x4F, 0x02, 0x8D,
    0x02, 0xEF, 0x54, 0x2F, 0x74, 0x2D, 0x1A, 0xAA, 0x19, 0xE7, 0x11, 0xA6, 0x01, 0x86, 0x19, 0xA5,
    0x08, 0xA2, 0x00, 0xA3, 0x01, 0x86, 0x01, 0x67, 0x01, 0x87, 0x00, 0xE5, 0x00, 0x63, 0x01, 0x68,
    0x03, 0x0E, 0x02, 0x6C, 0x02, 0x0A, 0x01, 0xC9, 0x01, 0x68, 0x01, 0x47, 0x01, 0x46, 0x09, 0x25,
    0x09, 0x66, 0x09, 0xE8, 0x1A, 0xCB, 0x12, 0xAB, 0x02, 0xAC, 0x23, 0x2C, 0x09, 0xC9, 0x01, 0xA8,
    0x01, 0x26, 0x01, 0x47, 0x01, 0xE9, 0x02, 0x29, 0x01, 0xE9, 0x02, 0x09, 0x02, 0x8B, 0x02, 0xCD,
    0x02, 0xEE, 0x03, 0x90, 0x03, 0xD0, 0x03, 0x6F, 0x02, 0x6C, 0x01, 0xCA, 0x01, 0xEB, 0x02, 0x2C,
    0x01, 0xAA, 0x01, 0x48, 0x01, 0x8A, 0x02, 0x0C, 0x02, 0x2D, 0x02, 0x8E, 0x02, 0x8E, 0x02, 0x0C,
    0x00, 0xE5, 0x00, 0x84, 0x01, 0x68, 0x02, 0x0A, 0x02, 0x4B, 0x02, 0xEF, 0x03, 0xB1, 0x03, 0xD1,
    0x03, 0x2F, 0x02, 0x2B, 0x01, 0xEA, 0x12, 0x8C, 0x02, 0xCD, 0x0A, 0x2A, 0x0A, 0x0A, 0x02, 0xCE,
    0x02, 0xCE, 0x02, 0xEE, 0x02, 0x2B, 0x02, 0x4C, 0x0A, 0xAC, 0x01, 0xE9, 0x0A, 0x6A, 0x12, 0xEC,
    0x0A, 0x2A, 0x01, 0xA9, 0x12, 0x6A, 0x0A, 0x49, 0x0A, 0x29, 0x01, 0x87, 0x01, 0xA8, 0x01, 0xA8,
    0x01, 0xA8, 0x01, 0xC8, 0x01, 0xA8, 0x01, 0x47, 0x01, 0x69, 0x01, 0x69, 0x01, 0xAA, 0x01, 0xAA,
    0x01, 0xCB, 0x02, 0x0C, 0x02, 0x2C, 0x02, 0x0C, 0x01, 0xEB, 0x01, 0xEC, 0x01, 0xEC, 0x02, 0x2C,
    0x02, 0x2C, 0x02, 0x0C, 0x02, 0x0C, 0x02, 0x2D, 0x02, 0x2D, 0x02, 0x4D, 0x02, 0x2D, 0x02, 0x2C,
    0x01, 0xAA, 0x01, 0x89, 0x01, 0x28, 0x09, 0x88, 0x01, 0xCA, 0x02, 0x2B, 0x1A, 0x4B, 0x02, 0x6C,
    0x1A, 0xCC, 0x0A, 0x8C, 0x02, 0x6C, 0x02, 0x0B, 0x09, 0xE8, 0x11, 0x86, 0x00, 0xC4, 0x00, 0x83,
    0x00, 0x01, 0x00, 0x63, 0x00, 0xA4, 0x00, 0x63, 0x00, 0xA3, 0x00, 0xC3, 0x01, 0x05, 0x01, 0x46,
    0x00, 0xA4, 0x00, 0xA4, 0x00, 0xE7, 0x01, 0x69, 0x02, 0x0C, 0x02, 0x4D, 0x02, 0x0C, 0x02, 0x8D,
    0x02, 0xCE, 0x02, 0xAE, 0x0A, 0x4C, 0x12, 0x2A, 0x02, 0x0B, 0x01, 0xEB, 0x01, 0xAA, 0x01, 0x28,
    0x00, 0xE7, 0x00, 0xE7, 0x01, 0x07, 0x01, 0x68, 0x01, 0x89, 0x01, 0xAA, 0x01, 0xEC, 0x02, 0x6D,
    0x02, 0x2B, 0x01, 0xEA, 0x13, 0x0D, 0x0B, 0x0D, 0x23, 0x2D, 0x0A, 0x6B, 0x02, 0x8C, 0x12, 0x8B,
    0x01, 0x89, 0x02, 0xCC, 0x1A, 0xCC, 0x02, 0xAD, 0x0B, 0x70, 0x84, 0xCF, 0x7B, 0xCA, 0x11, 0xC7,
    0x19, 0x65, 0x09, 0x86, 0x11, 0xA6, 0x09, 0x04, 0x01, 0x24, 0x19, 0x84, 0x01, 0x87, 0x01, 0xA8,
    0x01, 0x67, 0x00, 0x83, 0x00, 0xC5, 0x01, 0xC9, 0x0A, 0xCD, 0x02, 0x4C, 0x01, 0xEA, 0x09, 0xC8,
    0x01, 0x67, 0x01, 0x26, 0x09, 0x45, 0x09, 0x46, 0x11, 0xA7, 0x22, 0x8A, 0x12, 0xCB, 0x12, 0x6B,
    0x0B, 0xAF, 0x0B, 0x8E, 0x01, 0xC9, 0x01, 0x87, 0x01, 0x47, 0x01, 0x47, 0x01, 0xA9, 0x01, 0xC9,
    0x01, 0xA9, 0x02, 0x0A, 0x02, 0x4B, 0x03, 0x0E, 0x04, 0x52, 0x04, 0x52, 0x03, 0x0E, 0x02, 0x2B,
    0x01, 0xCA, 0x01, 0x89, 0x01, 0xEA, 0x01, 0xA9, 0x01, 0x08, 0x01, 0x49, 0x02, 0x0C, 0x02, 0x4D,
    0x02, 0x0D, 0x02, 0x4E, 0x02, 0x2D, 0x01, 0x28, 0x00, 0x64, 0x01, 0xA8, 0x01, 0xE9, 0x02, 0x2B,
    0x03, 0x70, 0x03, 0xB1, 0x0B, 0x90, 0x43, 0x6D, 0x32, 0x28, 0x01, 0xA9, 0x01, 0xA8, 0x02, 0x2B,
    0x02, 0x0A, 0x09, 0xA8, 0x0A, 0xAD, 0x03, 0x0F, 0x13, 0x6F, 0x13, 0xAF, 0x0B, 0x2E, 0x23, 0xF0,
    0x12, 0xAC, 0x01, 0x88, 0x01, 0x67, 0x01, 0x67, 0x09, 0xE8, 0x2A, 0x48, 0x09, 0xA7, 0x01, 0xC8,
    0x12, 0x29, 0x21, 0xC6, 0x01, 0xA7, 0x01, 0xC8, 0x01, 0xC9, 0x0A, 0x29, 0x01, 0xC8, 0x01, 0xA8,
    0x01, 0x8A, 0x01, 0x6A, 0x01, 0x8A, 0x01, 0xCB, 0x01, 0xCB, 0x02, 0x0C, 0x02, 0x2C, 0x02, 0x0C,
    0x01, 0xCB, 0x02, 0x0C, 0x01, 0xEC, 0x01, 0xCB, 0x01, 0xEC, 0x02, 0x4D, 0x02, 0x4D, 0x02, 0x2D,
    0x02, 0x2D, 0x02, 0x4D, 0x02, 0x2D, 0x01, 0xEB, 0x01, 0xCA, 0x01, 0x89, 0x01, 0x48, 0x09, 0xC9,
    0x01, 0xEA, 0x02, 0x2C, 0x02, 0x4B, 0x02, 0x8C, 0x12, 0xCD, 0x02, 0xCE, 0x02, 0x8C, 0x02, 0x0B,
    0x09, 0xC8, 0x08, 0xE4, 0x00, 0x63, 0x00, 0x62, 0x00, 0x83, 0x00, 0xC4, 0x00, 0x83, 0x00, 0x84,
    0x01, 0x04, 0x01, 0x05, 0x01, 0x26, 0x01, 0x25, 0x00, 0xC4, 0x00, 0xC5, 0x01, 0x69, 0x01, 0x49,
    0x02, 0x2D, 0x02, 0x6D, 0x02, 0x2C, 0x02, 0x0B, 0x22, 0xCC, 0x1A, 0xCD, 0x02, 0x4C, 0x02, 0xAC,
    0x02, 0xAC, 0x02, 0x2C, 0x01, 0xCA, 0x01, 0xA9, 0x01, 0x69, 0x01, 0x49, 0x01, 0x89, 0x01, 0xCA,
    0x01, 0xCA, 0x02, 0x2C, 0x02, 0x4C, 0x02, 0x6D, 0x02, 0x4C, 0x02, 0x2B, 0x0B, 0x0D, 0x23, 0x2D,
    0x23, 0x2D, 0x01, 0xC9, 0x0A, 0x6A, 0x0A, 0x6A, 0x02, 0x4B, 0x02, 0x4C, 0x1A, 0xCC, 0x03, 0x2F,
    0x1C, 0x11, 0x4C, 0x91, 0x1A, 0xEB, 0x09, 0x86, 0x19, 0xA5, 0x1A, 0x27, 0x19, 0x85, 0x01, 0x25,
    0x11, 0x85, 0x21, 0x63, 0x00, 0xE4, 0x01, 0xA8, 0x01, 0x46, 0x00, 0xA5, 0x02, 0x0B, 0x02, 0xAD,
    0x02, 0x6C, 0x01, 0xEA, 0x01, 0xA9, 0x01, 0xA8, 0x01, 0x67, 0x01, 0x46, 0x09, 0x25, 0x11, 0x86,
    0x19, 0xA7, 0x09, 0xE9, 0x02, 0x6A, 0x0A, 0x4A, 0x02, 0xEC, 0x02, 0x6B, 0x01, 0xC9, 0x01, 0x88,
    0x01, 0x88, 0x01, 0x68, 0x01, 0x68, 0x01, 0xCA, 0x02, 0x8D, 0x03, 0x0F, 0x03, 0x0F, 0x03, 0x0E,
    0x02, 0xCD, 0x02, 0x8C, 0x01, 0xA9, 0x01, 0xCA, 0x02, 0x0B, 0x01, 0xEA, 0x01, 0x89, 0x01, 0x08,
    0x01, 0x48, 0x01, 0xCB, 0x02, 0xCE, 0x02, 0xAE, 0x02, 0x2D, 0x02, 0x6E, 0x01, 0xEB, 0x00, 0xC4,
    0x00, 0xC5, 0x01, 0xE9, 0x02, 0x6C, 0x03, 0x4F, 0x03, 0x0F, 0x03, 0x71, 0x03, 0x91, 0x23, 0x6E,
    0x2A, 0x08, 0x01, 0x68, 0x19, 0xE7, 0x2A, 0x07, 0x01, 0x87, 0x0A, 0x0A, 0x02, 0xEE, 0x02, 0xCD,
    0x02, 0x8C, 0x02, 0x4B, 0x01, 0xA9, 0x02, 0x0A, 0x01, 0xA9, 0x01, 0x88, 0x01, 0xC8, 0x01, 0x47,
    0x01, 0xA7, 0x09, 0xC8, 0x01, 0x66, 0x01, 0x26, 0x01, 0x87, 0x19, 0xA6, 0x01, 0xA8, 0x01, 0xA8,
    0x01, 0x87, 0x01, 0x67, 0x01, 0x67, 0x01, 0x87, 0x01, 0xCB, 0x01, 0xEB, 0x01, 0xAB, 0x01, 0xCB,
    0x01, 0xCB, 0x01, 0xCC, 0x02, 0x0C, 0x02, 0x0C, 0x01, 0xEC, 0x01, 0xEB, 0x01, 0xEC, 0x01, 0xEC,
    0x02, 0x0C, 0x02, 0x4D, 0x02, 0x4D, 0x02, 0x4E, 0x02, 0x6E, 0x02, 0x6E, 0x02, 0x0C, 0x01, 0xEB,
    0x01, 0xA9, 0x01, 0x48, 0x01, 0xCA, 0x0A, 0x09, 0x0A, 0x0A, 0x02, 0x0C, 0x12, 0x4B, 0x1A, 0x8B,
    0x0A, 0xAD, 0x02, 0xEE, 0x02, 0x8C, 0x01, 0xC9, 0x01, 0x26, 0x00, 0xA4, 0x00, 0x42, 0x00, 0x42,
    0x00, 0xA4, 0x00, 0xA4, 0x00, 0x84, 0x00, 0xC4, 0x00, 0xE4, 0x01, 0x45, 0x01, 0x66, 0x00, 0xA4,
    0x00, 0x84, 0x01, 0x06, 0x01, 0x48, 0x01, 0x49, 0x01, 0xEB, 0x02, 0x8D, 0x02, 0x6C, 0x01, 0xCA,
    0x22, 0xAB, 0x12, 0x4A, 0x01, 0xE9, 0x01, 0xC9, 0x02, 0x2B, 0x02, 0x2B, 0x01, 0xEB, 0x01, 0xEA,
    0x01, 0xEB, 0x01, 0xEB, 0x01, 0xCB, 0x01, 0xEB, 0x01, 0xEB, 0x02, 0x2B, 0x02, 0x6B, 0x02, 0x2B,
    0x01, 0xA9, 0x02, 0x0A, 0x03, 0x2E, 0x23, 0x8F, 0x3B, 0x2C, 0x01, 0xA9, 0x02, 0x2A, 0x02, 0x4B,
    0x02, 0x4C, 0x02, 0x6D, 0x03, 0x2F, 0x13, 0xD1, 0x4C, 0x71, 0x43, 0xCD, 0x12, 0x49, 0x21, 0xC5,
    0x09, 0x85, 0x21, 0xC6, 0x11, 0x86, 0x01, 0x66, 0x09, 0x86, 0x00, 0xE4, 0x01, 0x26, 0x01, 0xC8,
    0x00, 0x83, 0x01, 0x27, 0x03, 0x2E, 0x02, 0xEE, 0x02, 0x0B, 0x01, 0x88, 0x01, 0xCA, 0x01, 0xC9,
    0x01, 0x67, 0x09, 0x25, 0x01, 0x05, 0x09, 0x86, 0x11, 0xE8, 0x0A, 0x09, 0x02, 0x49, 0x02, 0x09,
    0x02, 0x6B, 0x01, 0xC9, 0x01, 0xA8, 0x01, 0xC9, 0x01, 0xC9, 0x01, 0xC9, 0x02, 0x0A, 0x03, 0x4F,
    0x03, 0xD1, 0x03, 0x4F, 0x03, 0x0F, 0x02, 0x6C, 0x01, 0xEA, 0x02, 0x0B, 0x01, 0x69, 0x01, 0xCA,
    0x01, 0xAA, 0x01, 0x89, 0x01, 0x49, 0x01, 0x69, 0x01, 0xCB, 0x02, 0x4D, 0x02, 0xAE, 0x02, 0xAE,
    0x02, 0x6E, 0x02, 0x0B, 0x00, 0xE5, 0x00, 0x42, 0x01, 0x06, 0x02, 0x4B, 0x03, 0x0E, 0x02, 0x6D,
    0x02, 0xCF, 0x03, 0x30, 0x03, 0xB1, 0x03, 0x0D, 0x12, 0x08, 0x01, 0x87, 0x09, 0x66, 0x09, 0x46,
    0x01, 0x67, 0x02, 0x6C, 0x03, 0x4F, 0x02, 0x4B, 0x01, 0xA9, 0x01, 0xC9, 0x0A, 0x09, 0x01, 0xA8,
    0x01, 0xC8, 0x0A, 0x2A, 0x01, 0xA8, 0x01, 0x46, 0x01, 0x66, 0x01, 0x67, 0x01, 0x67, 0x01, 0x06,
    0x01, 0x47, 0x01, 0x67, 0x01, 0xC8, 0x01, 0x47, 0x01, 0x06, 0x00, 0xE5, 0x01, 0x06, 0x01, 0x46,
    0x01, 0xAB, 0x01, 0xAB, 0x01, 0xEC, 0x01, 0xEC, 0x01, 0xCC, 0x01, 0xEC, 0x01, 0xEC, 0x02, 0x0C,
    0x01, 0xEC, 0x02, 0x0C, 0x02, 0x2C, 0x02, 0x2D, 0x02, 0x4D, 0x02, 0x4D, 0x02, 0x4D, 0x02, 0x4E,
    0x02, 0x6E, 0x02, 0x6D, 0x01, 0xCB, 0x01, 0xAA, 0x01, 0x89, 0x01, 0x89, 0x01, 0xA9, 0x09, 0xC9,
    0x0A, 0x2A, 0x02, 0x0C, 0x2A, 0x6B, 0x3A, 0xAB, 0x02, 0xCE, 0x02, 0xED, 0x02, 0x2B, 0x09, 0xA8,
    0x01, 0x04, 0x00, 0x83, 0x00, 0x62, 0x00, 0x63, 0x00, 0xE4, 0x00, 0xA4, 0x00, 0xA4, 0x00, 0xE5,
    0x01, 0x25, 0x01, 0xA8, 0x01, 0x66, 0x00, 0x83, 0x00, 0xC5, 0x01, 0x48, 0x01, 0x08, 0x01, 0x69,
    0x02, 0x0B, 0x02, 0x6C, 0x02, 0x0B, 0x0A, 0x0A, 0x1A, 0x09, 0x01, 0x47, 0x01, 0x27, 0x01, 0x26,
    0x01, 0x26, 0x01, 0x48, 0x01, 0xA9, 0x02, 0x0A, 0x02, 0x2A, 0x02, 0x4B, 0x02, 0x4B, 0x01, 0xEA,
    0x01, 0xEA, 0x01, 0xA9, 0x01, 0x88, 0x01, 0xA8, 0x11, 0xC8, 0x0A, 0x4B, 0x02, 0xED, 0x2B, 0x6E,
    0x0A, 0x4A, 0x02, 0x2B, 0x12, 0xAB, 0x22, 0xAB, 0x02, 0x6C, 0x1B, 0x0D, 0x34, 0x31, 0x3C, 0x71,
    0x6C, 0x0D, 0x1A, 0x8A, 0x11, 0xC6, 0x21, 0xA5, 0x11, 0x85, 0x11, 0x65, 0x01, 0x26, 0x01, 0x66,
    0x01, 0x86, 0x01, 0x66, 0x01, 0xC8, 0x01, 0x46, 0x00, 0x84, 0x01, 0xCA, 0x02, 0xAD, 0x02, 0x4C,
    0x02, 0x2B, 0x02, 0x0A, 0x01, 0xEA, 0x01, 0x68, 0x01, 0x47, 0x09, 0x25, 0x11, 0x24, 0x09, 0x66,
    0x09, 0xE8, 0x12, 0x4A, 0x01, 0xE8, 0x01, 0xC9, 0x02, 0x2A, 0x01, 0xA8, 0x01, 0x47, 0x01, 0xC9,
    0x01, 0xC9, 0x02, 0x0A, 0x03, 0x2F, 0x04, 0x32, 0x03, 0x0F, 0x02, 0x6C, 0x02, 0x2B, 0x01, 0xEA,
    0x02, 0x2B, 0x02, 0x0B, 0x01, 0x89, 0x01, 0x69, 0x01, 0x07, 0x01, 0x48, 0x01, 0xAA, 0x01, 0xAB,
    0x02, 0x2D, 0x02, 0x4D, 0x02, 0x4D, 0x02, 0x4C, 0x01, 0xA9, 0x00, 0xC5, 0x00, 0x01, 0x00, 0x63,
    0x01, 0xCA, 0x03, 0x2E, 0x02, 0x2B, 0x01, 0xEB, 0x03, 0x30, 0x03, 0x30, 0x03, 0x50, 0x02, 0x2B,
    0x01, 0xA8, 0x19, 0xC7, 0x01, 0x67, 0x09, 0x87, 0x09, 0xC9, 0x03, 0x2F, 0x02, 0xCE, 0x01, 0x88,
    0x01, 0xA8, 0x01, 0xC8, 0x01, 0xC8, 0x01, 0xA8, 0x01, 0xE9, 0x09, 0xE9, 0x01, 0xC8, 0x01, 0x47,
    0x01, 0x67, 0x01, 0xA8, 0x01, 0x87, 0x01, 0x67, 0x01, 0xA8, 0x01, 0x87, 0x01, 0x67, 0x01, 0x67,
    0x12, 0x6B, 0x12, 0xAB, 0x01, 0x46, 0x01, 0x26, 0x01, 0xEC, 0x01, 0xAB, 0x01, 0xEC, 0x02, 0x0C,
    0x02, 0x0C, 0x01, 0xEC, 0x01, 0xAB, 0x01, 0xEC, 0x02, 0x2C, 0x02, 0x0C, 0x02, 0x2C, 0x02, 0x2D,
    0x02, 0x2D, 0x02, 0x4E, 0x02, 0x6D, 0x02, 0x6E, 0x02, 0x4E, 0x01, 0xCC, 0x01, 0x8A, 0x01, 0x48,
    0x01, 0x68, 0x02, 0x0A, 0x01, 0xC9, 0x09, 0xC9, 0x1A, 0x4B, 0x43, 0x0B, 0x3A, 0xCB, 0x12, 0xAC,
    0x13, 0x4F, 0x0A, 0xCD, 0x01, 0xE9, 0x11, 0x86, 0x00, 0xA3, 0x00, 0x43, 0x00, 0x42, 0x00, 0x83,
    0x01, 0x05, 0x00, 0xA4, 0x00, 0x84, 0x00, 0xE4, 0x01, 0x25, 0x02, 0x29, 0x01, 0x87, 0x00, 0x84,
    0x01, 0x05, 0x01, 0x89, 0x01, 0x8A, 0x01, 0x69, 0x01, 0xCA, 0x01, 0xCB, 0x02, 0x0B, 0x02, 0x0A,
    0x01, 0x67, 0x01, 0x26, 0x01, 0x47, 0x01, 0x89, 0x01, 0x88, 0x01, 0x68, 0x01, 0x48, 0x01, 0x47,
    0x01, 0x88, 0x01, 0x88, 0x01, 0x47, 0x01, 0x48, 0x01, 0x48, 0x01, 0x48, 0x01, 0x68, 0x09, 0xC8,
    0x4A, 0xA8, 0x32, 0xEB, 0x43, 0x6C, 0x32, 0xAA, 0x01, 0xEA, 0x02, 0x4A, 0x09, 0xE9, 0x1A, 0x4A,
    0x02, 0x8C, 0x33, 0xAF, 0x64, 0xB1, 0x4C, 0x50, 0x4B, 0x0A, 0x19, 0xE7, 0x01, 0x45, 0x19, 0xA4,
    0x29, 0xA4, 0x09, 0x24, 0x01, 0x46, 0x11, 0xE7, 0x01, 0x86, 0x01, 0xC8, 0x01, 0xA8, 0x00, 0xC5,
    0x01, 0x67, 0x02, 0xAC, 0x02, 0x8D, 0x02, 0x2C, 0x02, 0x2B, 0x01, 0xEA, 0x01, 0xC9, 0x01, 0x68,
    0x09, 0x66, 0x09, 0x04, 0x11, 0x25, 0x11, 0x65, 0x09, 0xA7, 0x0A, 0x29, 0x01, 0xE9, 0x02, 0x4B,
    0x02, 0x2A, 0x01, 0x87, 0x01, 0x67, 0x01, 0xE9, 0x01, 0xE9, 0x02, 0x2B, 0x03, 0xB0, 0x03, 0x70,
    0x02, 0x4C, 0x02, 0x4C, 0x02, 0x4B, 0x01, 0x89, 0x01, 0xAA, 0x01, 0x69, 0x01, 0x49, 0x01, 0x69,
    0x01, 0x8A, 0x01, 0xAA, 0x01, 0xAB, 0x01, 0xEC, 0x02, 0x6E, 0x02, 0x6D, 0x02, 0x0B, 0x01, 0x26,
    0x00, 0x63, 0x00, 0x01, 0x00, 0x42, 0x01, 0x48, 0x02, 0xAC, 0x02, 0x4C, 0x01, 0x8A, 0x02, 0xAE,
    0x03, 0x91, 0x03, 0x70, 0x02, 0xEE, 0x01, 0xCA, 0x02, 0x2B, 0x12, 0x8A, 0x01, 0x88, 0x01, 0xC9,
    0x0B, 0x0E, 0x03, 0x4F, 0x02, 0x0B, 0x01, 0x88, 0x09, 0xA7, 0x01, 0x67, 0x01, 0x47, 0x01, 0xA8,
    0x01, 0xC8, 0x01, 0xA8, 0x01, 0x87, 0x01, 0x26, 0x01, 0x27, 0x01, 0xA8, 0x01, 0xA8, 0x01, 0x46,
    0x01, 0x67, 0x00, 0xE5, 0x00, 0xE5, 0x09, 0xE8, 0x1A, 0x8A, 0x09, 0x67, 0x01, 0x26, 0x01, 0x88,
    0x01, 0xEC, 0x02, 0x0C, 0x02, 0x0C, 0x02, 0x2D, 0x02, 0x2D, 0x02, 0x0C, 0x02, 0x0C, 0x02, 0x2D,
    0x02, 0x6D, 0x01, 0xEB, 0x01, 0xEB, 0x02, 0x0D, 0x02, 0x2D, 0x02, 0x4D, 0x0A, 0x6C, 0x02, 0x6D,
    0x01, 0xEC, 0x01, 0xCB, 0x01, 0xCA, 0x01, 0x48, 0x01, 0xA9, 0x02, 0x4A, 0x02, 0x0A, 0x01, 0xEA,
    0x02, 0x0B, 0x2A, 0xAB, 0x22, 0xED, 0x02, 0xEE, 0x02, 0xCD, 0x02, 0x4B, 0x09, 0xE8, 0x09, 0x04,
    0x00, 0x43, 0x00, 0x42, 0x00, 0x22, 0x01, 0x25, 0x01, 0x46, 0x00, 0xE5, 0x00, 0xA4, 0x01, 0x25,
    0x01, 0xA7, 0x02, 0x09, 0x01, 0xA7, 0x00, 0x84, 0x00, 0xC5, 0x01, 0xA9, 0x01, 0xCA, 0x01, 0x8A,
    0x01, 0xAA, 0x01, 0xCB, 0x02, 0x2B, 0x01, 0xA8, 0x01, 0x26, 0x01, 0x06, 0x01, 0x89, 0x01, 0xEA,
    0x01, 0xA9, 0x01, 0x88, 0x01, 0x67, 0x01, 0x47, 0x01, 0x27, 0x01, 0x47, 0x01, 0x67, 0x01, 0x88,
    0x01, 0xC9, 0x01, 0xEA, 0x01, 0xEA, 0x1A, 0xAB, 0x43, 0x0B, 0x2B, 0x4D, 0x22, 0xEB, 0x02, 0x0A,
    0x02, 0x6B, 0x02, 0x0A, 0x01, 0xA9, 0x02, 0x2B, 0x0A, 0xEE, 0x34, 0x11, 0x44, 0x50, 0x3B, 0x8D,
    0x02, 0x8B, 0x21, 0xE7, 0x19, 0x65, 0x11, 0x84, 0x21, 0x63, 0x00, 0xE4, 0x11, 0xC7, 0x11, 0xA6,
    0x01, 0x46, 0x01, 0xC9, 0x01, 0xA8, 0x01, 0x47, 0x01, 0xC9, 0x02, 0x6C, 0x02, 0xAD, 0x02, 0x4C,
    0x01, 0xEA, 0x01, 0x88, 0x01, 0x68, 0x09, 0x67, 0x19, 0x65, 0x09, 0x04, 0x09, 0x25, 0x11, 0x66,
    0x11, 0xC7, 0x0A, 0x29, 0x02, 0x6B, 0x04, 0x92, 0x03, 0x4E, 0x01, 0xEA, 0x01, 0xC9, 0x01, 0xC9,
    0x02, 0x2A, 0x02, 0x6C, 0x03, 0xF1, 0x03, 0x91, 0x03, 0x90, 0x02, 0x6C, 0x02, 0x0B, 0x01, 0x89,
    0x01, 0x89, 0x01, 0x28, 0x01, 0x49, 0x02, 0x4C, 0x02, 0x4D, 0x01, 0xEC, 0x02, 0x0D, 0x02, 0x2D,
    0x02, 0x4D, 0x01, 0xC9, 0x00, 0xC4, 0x00, 0x01, 0x00, 0x01, 0x00, 0x63, 0x01, 0x47, 0x02, 0x2B,
    0x02, 0x4B, 0x01, 0x89, 0x01, 0xEA, 0x03, 0x0F, 0x03, 0xB2, 0x03, 0x0F, 0x02, 0xEF, 0x02, 0xAE,
    0x02, 0xEE, 0x02, 0xAC, 0x02, 0x2B, 0x02, 0xCF, 0x03, 0xB1, 0x02, 0xCD, 0x02, 0x0A, 0x01, 0x67,
    0x01, 0x67, 0x01, 0x46, 0x01, 0x67, 0x01, 0x87, 0x01, 0x26, 0x01, 0xE9, 0x01, 0xA8, 0x01, 0x87,
    0x01, 0x87, 0x01, 0x67, 0x01, 0x26, 0x01, 0x87, 0x01, 0x25, 0x00, 0xC4, 0x01, 0x46, 0x09, 0x87,
    0x01, 0x05, 0x00, 0x84, 0x01, 0x26, 0x0A, 0x29, 0x01, 0xAB, 0x01, 0xCB, 0x02, 0x0C, 0x02, 0x2D,
    0x02, 0x6D, 0x02, 0x6D, 0x02, 0x8E, 0x02, 0x6D, 0x02, 0x4D, 0x02, 0x0C, 0x02, 0x2C, 0x02, 0x2D,
    0x02, 0x4E, 0x02, 0x4E, 0x02, 0x4D, 0x02, 0x4C, 0x02, 0x0C, 0x02, 0x0B, 0x01, 0x48, 0x01, 0x28,
    0x02, 0x2A, 0x02, 0x2A, 0x02, 0x0A, 0x02, 0x2B, 0x1A, 0x4B, 0x1A, 0x6B, 0x12, 0xED, 0x02, 0xEE,
    0x02, 0x6D, 0x01, 0xEA, 0x01, 0x66, 0x00, 0xA4, 0x00, 0x84, 0x00, 0x83, 0x00, 0x43, 0x00, 0xA4,
    0x00, 0xE5, 0x00, 0xE5, 0x00, 0xE5, 0x01, 0x05, 0x09, 0xA7, 0x01, 0xC8, 0x01, 0x67, 0x00, 0xC4,
    0x00, 0x84, 0x01, 0x27, 0x01, 0x69, 0x01, 0x89, 0x01, 0xAA, 0x02, 0x0B, 0x02, 0x6B, 0x0A, 0x08,
    0x09, 0x66, 0x01, 0x47, 0x01, 0x89, 0x11, 0x87, 0x09, 0x05, 0x01, 0x06, 0x00, 0xE6, 0x01, 0x06,
    0x01, 0xA8, 0x0A, 0x2B, 0x02, 0x0A, 0x02, 0x0B, 0x0A, 0xAD, 0x02, 0x2B, 0x02, 0x0A, 0x02, 0xED,
    0x13, 0x4E, 0x1B, 0x0D, 0x01, 0xCA, 0x0A, 0x8C, 0x0A, 0x8B, 0x01, 0x68, 0x02, 0x4B, 0x02, 0x6C,
    0x2B, 0x6F, 0x64, 0x50, 0x4C, 0x0E, 0x2B, 0x0C, 0x12, 0x4A, 0x11, 0xA6, 0x09, 0x65, 0x01, 0x45,
    0x00, 0xE4, 0x09, 0x25, 0x11, 0xA6, 0x01, 0x46, 0x01, 0x68, 0x01, 0x88, 0x01, 0x26, 0x01, 0x68,
    0x02, 0x4C, 0x02, 0x6C, 0x02, 0x2B, 0x01, 0xA9, 0x01, 0xA9, 0x01, 0xC9, 0x01, 0x67, 0x09, 0x25,
    0x00, 0xE4, 0x08, 0xE4, 0x09, 0x25, 0x09, 0x66, 0x09, 0xE8, 0x0A, 0x6A, 0x02, 0xCC, 0x04, 0x51,
    0x03, 0xAF, 0x02, 0xCD, 0x02, 0xCD, 0x02, 0x0A, 0x02, 0x4C, 0x03, 0x90, 0x04, 0x52, 0x03, 0x4F,
    0x03, 0x90, 0x02, 0x8D, 0x01, 0x69, 0x01, 0x89, 0x01, 0x69, 0x11, 0xA8, 0x62, 0xE8, 0x02, 0x6C,
    0x02, 0x0C, 0x02, 0x0C, 0x02, 0x6D, 0x02, 0x4D, 0x01, 0xA9, 0x00, 0x63, 0x00, 0x00, 0x00, 0x84,
    0x01, 0x06, 0x01, 0x68, 0x02, 0x4B, 0x02, 0x2A, 0x01, 0xE9, 0x01, 0xA8, 0x01, 0xCA, 0x02, 0xEF,
    0x03, 0x50, 0x03, 0x30, 0x03, 0x71, 0x03, 0x71, 0x03, 0x50, 0x03, 0x50, 0x03, 0x50, 0x03, 0x71,
    0x02, 0xEF, 0x02, 0x2B, 0x01, 0x68, 0x00, 0xE6, 0x01, 0x26, 0x01, 0x26, 0x01, 0x67, 0x01, 0x47,
    0x01, 0x06, 0x01, 0x27, 0x01, 0x67, 0x01, 0x67, 0x01, 0x06, 0x01, 0x06, 0x01, 0x87, 0x09, 0xC8,
    0x11, 0x86, 0x09, 0xA8, 0x12, 0x6A, 0x12, 0x8B, 0x02, 0x2A, 0x09, 0xE9, 0x1A, 0x4A, 0x22, 0x4A,
    0x01, 0xEC, 0x01, 0xEC, 0x01, 0xEC, 0x02, 0x2C, 0x02, 0x4C, 0x02, 0x8D, 0x02, 0xAE, 0x02, 0x4D,
    0x02, 0x2C, 0x02, 0x0C, 0x02, 0x2C, 0x02, 0x6D, 0x02, 0x4E, 0x32, 0xEC, 0x63, 0xAD, 0x02, 0x2B,
    0x02, 0x0B, 0x01, 0xA9, 0x01, 0x07, 0x01, 0xCA, 0x02, 0x6A, 0x01, 0xEA, 0x01, 0xEA, 0x02, 0x0B,
    0x2A, 0x8B, 0x22, 0xAB, 0x0A, 0xED, 0x02, 0xAD, 0x02, 0x2C, 0x01, 0xC9, 0x01, 0x05, 0x00, 0x83,
    0x00, 0x83, 0x00, 0x63, 0x00, 0x63, 0x00, 0x64, 0x00, 0xC4, 0x00, 0x63, 0x00, 0xC4, 0x00, 0xC3,
    0x00, 0xE5, 0x01, 0xC8, 0x01, 0x26, 0x00, 0xE5, 0x00, 0x83, 0x00, 0xA5, 0x01, 0x28, 0x01, 0x89,
    0x01, 0xAA, 0x02, 0x2B, 0x02, 0x2A, 0x2A, 0x68, 0x19, 0xC7, 0x01, 0x47, 0x01, 0x27, 0x00, 0xE6,
    0x01, 0x48, 0x0A, 0x2A, 0x12, 0x2A, 0x1A, 0x4A, 0x4A, 0xEA, 0x33, 0x4D, 0x0A, 0xAD, 0x02, 0x8D,
    0x02, 0x8C, 0x0A, 0x6C, 0x12, 0xCD, 0x1B, 0x2E, 0x0A, 0xCD, 0x02, 0x0B, 0x01, 0xEA, 0x0A, 0x2A,
    0x09, 0xCA, 0x02, 0x0B, 0x0A, 0x2B, 0x02, 0x4D, 0x23, 0xF1, 0x64, 0x2F, 0x7B, 0xAB, 0x2A, 0xAA,
    0x09, 0xE7, 0x19, 0x65, 0x11, 0x45, 0x09, 0x25, 0x09, 0x26, 0x09, 0x46, 0x01, 0x46, 0x01, 0x47,
    0x22, 0x29, 0x21, 0xE8, 0x00, 0xA5, 0x01, 0x89, 0x02, 0x6D, 0x02, 0x6C, 0x01, 0x89, 0x01, 0x48,
    0x01, 0x89, 0x01, 0xAA, 0x01, 0x47, 0x00, 0xE5, 0x09, 0x05, 0x09, 0x25, 0x09, 0x46, 0x09, 0x67,
    0x01, 0xA8, 0x0A, 0x4A, 0x0B, 0x0D, 0x03, 0x4F, 0x03, 0x2F, 0x02, 0xAD, 0x02, 0x8D, 0x02, 0x2C,
    0x02, 0xCE, 0x04, 0xB3, 0x04, 0x12, 0x0A, 0xAD, 0x22, 0xCC, 0x01, 0xCA, 0x01, 0x49, 0x01, 0x69,
    0x01, 0x48, 0x09, 0x68, 0x32, 0x28, 0x02, 0x2B, 0x01, 0xEB, 0x01, 0xEB, 0x01, 0xCB, 0x01, 0xCA,
    0x01, 0x47, 0x00, 0x01, 0x00, 0x64, 0x01, 0x47, 0x01, 0xE9, 0x02, 0x2B, 0x01, 0xA9, 0x01, 0x27,
    0x01, 0x27, 0x01, 0x48, 0x02, 0x8D, 0x03, 0x10, 0x02, 0xAF, 0x03, 0x50, 0x03, 0x50, 0x03, 0x30,
    0x03, 0x71, 0x03, 0xB2, 0x03, 0xD2, 0x03, 0x90, 0x01, 0xEB, 0x02, 0x0A, 0x01, 0xA8, 0x01, 0x47,
    0x00, 0xE5, 0x01, 0x06, 0x01, 0x87, 0x01, 0x05, 0x01, 0x27, 0x0A, 0x0A, 0x01, 0xC9, 0x01, 0x47,
    0x09, 0xE9, 0x02, 0x2A, 0x0A, 0x09, 0x12, 0x09, 0x12, 0x29, 0x0A, 0x6C, 0x02, 0x4C, 0x02, 0x6C,
    0x01, 0xEB, 0x02, 0x4B, 0x12, 0x6B, 0x02, 0x4C, 0x02, 0x2C, 0x02, 0x0C, 0x02, 0x0C, 0x02, 0x0B,
    0x01, 0xEB, 0x02, 0x0C, 0x01, 0xEB, 0x01, 0xAB, 0x11, 0xEA, 0x22, 0x4B, 0x02, 0x2D, 0x02, 0x4D,
    0x02, 0x6D, 0x32, 0xCC, 0x3A, 0xCB, 0x09, 0xEA, 0x01, 0xCA, 0x01, 0x48, 0x01, 0x68, 0x02, 0x0A,
    0x01, 0xC9, 0x02, 0x0A, 0x02, 0x2B, 0x02, 0x2C, 0x1A, 0xAC, 0x2B, 0x0D, 0x02, 0xCD, 0x02, 0x6C,
    0x01, 0xEA, 0x01, 0x67, 0x00, 0xE5, 0x00, 0x63, 0x00, 0x42, 0x00, 0x42, 0x00, 0x22, 0x00, 0xA4,
    0x00, 0xC5, 0x00, 0x43, 0x00, 0x83, 0x00, 0xE4, 0x00, 0xE5, 0x02, 0x08, 0x01, 0x46, 0x00, 0xE5,
    0x00, 0x63, 0x00, 0x85, 0x01, 0x48, 0x01, 0xA9, 0x01, 0x8A, 0x02, 0x0A, 0x0A, 0x09, 0x3A, 0xEA,
    0x1A, 0x08, 0x01, 0x27, 0x01, 0x06, 0x01, 0x69, 0x0A, 0xED, 0x33, 0x4C, 0x2B, 0x0D, 0x1A, 0xED,
    0x12, 0xCC, 0x1A, 0xEA, 0x02, 0xCB, 0x03, 0x0C, 0x03, 0x2C, 0x0B, 0x6C, 0x13, 0x2B, 0x02, 0x28,
    0x02, 0x08, 0x02, 0x28, 0x02, 0x48, 0x01, 0xC7, 0x02, 0x49, 0x03, 0x0B, 0x02, 0x49, 0x02, 0xCB,
    0x24, 0x4E, 0x44, 0x8E, 0x4B, 0xA9, 0x12, 0x66, 0x01, 0x83, 0x01, 0x82, 0x01, 0x62, 0x01, 0x22,
    0x01, 0x63, 0x01, 0x43, 0x01, 0x23, 0x01, 0x64, 0x3A, 0xA5, 0x19, 0xA3, 0x01, 0x25, 0x02, 0x49,
    0x02, 0x8B, 0x02, 0x69, 0x01, 0x45, 0x01, 0x86, 0x01, 0xE8, 0x02, 0x09, 0x01, 0xA6, 0x01, 0x44,
    0x01, 0x23, 0x01, 0x84, 0x02, 0x06, 0x02, 0x68, 0x02, 0x89, 0x03, 0x2B, 0x03, 0x8C, 0x03, 0x4C,
    0x03, 0x2C, 0x02, 0xCB, 0x02, 0x8A, 0x02, 0x8B, 0x03, 0x4E, 0x14, 0x72, 0x03, 0x90, 0x02, 0x4C,
    0x01, 0xEA, 0x01, 0xA9, 0x01, 0xAA, 0x01, 0xCA, 0x01, 0x69, 0x01, 0x6A, 0x01, 0x8B, 0x01, 0xEB,
    0x01, 0xCB, 0x02, 0x0B, 0x02, 0x8C, 0x01, 0x88, 0x00, 0xA3, 0x00, 0x22, 0x29, 0xC7, 0x12, 0x09,
    0x02, 0x2B, 0x01, 0xA8, 0x00, 0xC5, 0x01, 0x47, 0x01, 0xA9, 0x01, 0xA9, 0x02, 0xEF, 0x03, 0x10,
    0x02, 0xAE, 0x02, 0xEF, 0x03, 0x50, 0x03, 0x10, 0x03, 0x51, 0x03, 0x71, 0x03, 0xB1, 0x02, 0xAD,
    0x01, 0xEA, 0x0A, 0x4A, 0x01, 0x68, 0x01, 0x47, 0x01, 0x06, 0x00, 0xE5, 0x00, 0xE5, 0x11, 0x47,
    0x02, 0x2B, 0x13, 0x0D, 0x0A, 0xAB, 0x02, 0x2A, 0x0A, 0x4B, 0x12, 0xAB, 0x12, 0x2A, 0x0A, 0x6B,
    0x01, 0xEA, 0x01, 0xCB, 0x02, 0x4C, 0x02, 0x6C, 0x02, 0x4C, 0x02, 0x6C, 0x02, 0x8C, 0x02, 0x4B,
    0x01, 0xEC, 0x02, 0x0C, 0x02, 0x0B, 0x02, 0x0A, 0x01, 0xCB, 0x01, 0xCB, 0x01, 0xAB, 0x01, 0x8A,
    0x01, 0xCA, 0x02, 0x2C, 0x02, 0x6E, 0x02, 0x6E, 0x02, 0x6E, 0x02, 0x2D, 0x01, 0xAB, 0x01, 0xEB,
    0x01, 0xC9, 0x01, 0x47, 0x12, 0x09, 0x01, 0xC9, 0x01, 0xAA, 0x01, 0xEA, 0x01, 0xEB, 0x02, 0x2C,
    0x02, 0xAD, 0x33, 0x4D, 0x0A, 0xCD, 0x01, 0xEA, 0x01, 0xA8, 0x01, 0x05, 0x00, 0xA4, 0x00, 0x84,
    0x00, 0x63, 0x00, 0x63, 0x00, 0x43, 0x00, 0xE5, 0x00, 0xC4, 0x00, 0x43, 0x00, 0x43, 0x00, 0xC4,
    0x01, 0x26, 0x09, 0xE8, 0x01, 0x26, 0x00, 0xA4, 0x00, 0x42, 0x00, 0xE6, 0x01, 0xC9, 0x01, 0xA9,
    0x01, 0xCA, 0x02, 0x0A, 0x1A, 0x49, 0x11, 0xE8, 0x01, 0x67, 0x01, 0x27, 0x01, 0x06, 0x12, 0x4B,
    0x1B, 0x4E, 0x3B, 0x2C, 0x22, 0xCC, 0x0A, 0xEB, 0x3A, 0xAE, 0x62, 0x33, 0x79, 0xF5, 0x81, 0xD7,
    0x89, 0xB7, 0x89, 0x75, 0x80, 0xF4, 0x78, 0xB4, 0x81, 0x15, 0x81, 0x15, 0x80, 0xF4, 0x80, 0xF5,
    0x81, 0x55, 0x81, 0x15, 0x81, 0x15, 0x81, 0x36, 0xA1, 0xD6, 0xAA, 0x17, 0x91, 0x96, 0x80, 0xD3,
    0x80, 0xB2, 0x80, 0xB2, 0x80, 0xB2, 0x80, 0x92, 0x80, 0xB2, 0x80, 0x92, 0x80, 0x72, 0x78, 0xB3,
    0x78, 0xB3, 0x78, 0x72, 0x80, 0xF4, 0x81, 0x15, 0x81, 0x15, 0x79, 0x15, 0x80, 0xB4, 0x80, 0xD4,
    0x80, 0xF5, 0x81, 0x15, 0x80, 0xD4, 0x80, 0xD3, 0x80, 0xB3, 0x78, 0xF4, 0x81, 0x55, 0x81, 0x55,
    0x81, 0x96, 0x89, 0xF8, 0x89, 0xF7, 0x79, 0x76, 0x81, 0x76, 0x79, 0x56, 0x69, 0x94, 0x41, 0xF1,
    0x0A, 0xCE, 0x03, 0x8E, 0x02, 0xCE, 0x01, 0xEB, 0x01, 0x89, 0x01, 0x68, 0x01, 0x89, 0x01, 0x8A,
    0x01, 0xCB, 0x02, 0x4D, 0x01, 0xEC, 0x02, 0x2C, 0x02, 0x2C, 0x02, 0x2B, 0x02, 0x09, 0x00, 0xC4,
    0x00, 0x42, 0x00, 0xC5, 0x19, 0xE8, 0x0A, 0xAB, 0x01, 0x88, 0x01, 0x47, 0x10, 0xE3, 0x00, 0xA4,
    0x01, 0x27, 0x01, 0xAA, 0x02, 0x8E, 0x03, 0x30, 0x02, 0xCF, 0x02, 0xEF, 0x03, 0x30, 0x02, 0xEF,
    0x03, 0x50, 0x03, 0x2F, 0x02, 0x8D, 0x01, 0xAA, 0x01, 0x88, 0x01, 0x47, 0x01, 0x27, 0x01, 0x47,
    0x01, 0x05, 0x00, 0xA4, 0x01, 0x27, 0x1A, 0x8B, 0x23, 0x2D, 0x2B, 0x2D, 0x2B, 0x2D, 0x1A, 0xEC,
    0x22, 0xEB, 0x1A, 0x4A, 0x01, 0xEA, 0x02, 0x4C, 0x02, 0x4C, 0x02, 0x0B, 0x02, 0x4C, 0x02, 0x4B,
    0x02, 0x6C, 0x02, 0x2B, 0x19, 0xC8, 0x01, 0x67, 0x02, 0x2C, 0x1A, 0x8B, 0x2A, 0x8A, 0x01, 0xA9,
    0x01, 0xAA, 0x01, 0xAB, 0x01, 0xAA, 0x01, 0xAA, 0x02, 0x0C, 0x02, 0x4D, 0x02, 0x4E, 0x02, 0x6E,
    0x02, 0x2D, 0x01, 0xCB, 0x01, 0xEB, 0x02, 0x2B, 0x01, 0xA9, 0x01, 0x88, 0x0A, 0x29, 0x01, 0xA9,
    0x01, 0xC9, 0x01, 0xEA, 0x09, 0xEB, 0x2A, 0xED, 0x0A, 0xAD, 0x22, 0xEC, 0x0A, 0x6B, 0x01, 0xC9,
    0x09, 0x66, 0x00, 0xE5, 0x00, 0x84, 0x00, 0x83, 0x00, 0x63, 0x00, 0x83, 0x00, 0x63, 0x00, 0xE5,
    0x00, 0xC4, 0x00, 0x23, 0x00, 0x63, 0x00, 0x84, 0x01, 0x47, 0x0A, 0x29, 0x01, 0x05, 0x00, 0x83,
    0x00, 0x43, 0x01, 0x48, 0x01, 0xA9, 0x01, 0xCA, 0x01, 0xCA, 0x02, 0x4B, 0x09, 0x87, 0x01, 0x27,
    0x01, 0xC8, 0x01, 0x27, 0x01, 0x47, 0x3A, 0xEB, 0x13, 0x0D, 0x02, 0xED, 0x0A, 0xAC, 0x99, 0x96,
    0xF8, 0x5E, 0xF8, 0x1F, 0xF8, 0x1F, 0xF8, 0x1F, 0xF8, 0x1F, 0xF8, 0x1F, 0xF8, 0x1F, 0xF8, 0x1F,
    0xF8, 0x1F, 0xF8, 0x1F, 0xF8, 0x1F, 0xF8, 0x1F, 0xF8, 0x1F, 0xF8, 0x1F, 0xF8, 0x1F, 0xF8, 0x1F,
    0xF8, 0x1F, 0xF8, 0x1F, 0xF8, 0x1F, 0xF8, 0x1F, 0xF8, 0x1F, 0xF8, 0x1F, 0xF8, 0x1F, 0xF8, 0x1F,
    0xF8, 0x1F, 0xF8, 0x1F, 0xF8, 0x1F, 0xF8, 0x1F, 0xF8, 0x1F, 0xF8, 0x1F, 0xF8, 0x1F, 0xF8, 0x1F,
    0xF8, 0x1F, 0xF8, 0x1F, 0xF8, 0x1F, 0xF8, 0x1F, 0xF8, 0x1F, 0xF8, 0x1F, 0xF8, 0x1F, 0xF8, 0x1F,
    0xF8, 0x1F, 0xF8, 0x1F, 0xF8, 0x1F, 0xF8, 0x1F, 0xF8, 0x1F, 0xF8, 0x1F, 0xF8, 0x1F, 0xF8, 0x1F,
    0xF8, 0x1F, 0xF8, 0x1F, 0xF8, 0x1F, 0xF8, 0x1F, 0xE0, 0x7E, 0x5A, 0x14, 0x02, 0x4B, 0x01, 0xCA,
    0x01, 0xA9, 0x01, 0x27, 0x01, 0x28, 0x01, 0xCB, 0x02, 0x6E, 0x02, 0x4D, 0x01, 0xEC, 0x02, 0x0C,
    0x01, 0xEB, 0x01, 0x68, 0x00, 0xA3, 0x00, 0x21, 0x00, 0xC5, 0x01, 0xEA, 0x02, 0x6C, 0x01, 0x88,
    0x00, 0xE6, 0x01, 0x27, 0x01, 0x67, 0x00, 0xE5, 0x01, 0x06, 0x02, 0x0C, 0x02, 0xEF, 0x03, 0x71,
    0x03, 0x10, 0x02, 0xAE, 0x02, 0xAE, 0x03, 0x50, 0x02, 0xEE, 0x02, 0x4B, 0x0A, 0x6C, 0x01, 0xA8,
    0x01, 0x06, 0x01, 0x67, 0x01, 0x46, 0x01, 0x05, 0x00, 0xE5, 0x01, 0x47, 0x02, 0x2A, 0x23, 0x4D,
    0x33, 0x0C, 0x2A, 0xAA, 0x22, 0x8A, 0x1A, 0x8A, 0x0A, 0x29, 0x02, 0x0A, 0x02, 0x0B, 0x02, 0x4C,
    0x02, 0xAD, 0x02, 0x4C, 0x02, 0x2B, 0x02, 0x0B, 0x01, 0xEA, 0x01, 0x47, 0x01, 0x05, 0x11, 0x86,
    0x01, 0xC9, 0x02, 0x2B, 0x0A, 0x0A, 0x01, 0x69, 0x01, 0x8A, 0x01, 0xAA, 0x01, 0x6A, 0x01, 0xCB,
    0x02, 0x2C, 0x02, 0x4D, 0x02, 0x2D, 0x02, 0x0D, 0x01, 0xEC, 0x02, 0x0C, 0x02, 0xEE, 0x02, 0x6C,
    0x01, 0x68, 0x01, 0x88, 0x01, 0xC9, 0x01, 0xAA, 0x01, 0xCA, 0x01, 0xCB, 0x02, 0x4C, 0x0A, 0xED,
    0x02, 0xCD, 0x02, 0x2B, 0x09, 0xE9, 0x19, 0xC7, 0x00, 0xE5, 0x00, 0xA4, 0x00, 0xA4, 0x00, 0x43,
    0x00, 0x42, 0x00, 0x42, 0x00, 0x42, 0x00, 0xA3, 0x00, 0xC4, 0x00, 0x84, 0x00, 0xC4, 0x00, 0x63,
    0x09, 0xA8, 0x12, 0x89, 0x00, 0xC4, 0x00, 0x63, 0x00, 0xE6, 0x00, 0xE7, 0x01, 0x69, 0x01, 0xCA,
    0x01, 0xEB, 0x02, 0x4B, 0x01, 0xA8, 0x01, 0x06, 0x01, 0x27, 0x09, 0x27, 0x11, 0xE9, 0x33, 0x4D,
    0x12, 0xED, 0x03, 0x0D, 0x99, 0x58, 0xF8, 0x1F, 0xF8, 0x1F, 0xF8, 0x1F, 0xF8, 0x1F, 0xF8, 0x1F,
    0xF8, 0x1F, 0xF8, 0x1F, 0xF8, 0x1F, 0xF8, 0x1F, 0xF8, 0x1F, 0xF8, 0x1F, 0xF8, 0x1F, 0xF8, 0x1F,
    0xF8, 0x1F, 0xF8, 0x1F, 0xF8, 0x1F, 0xF8, 0x1F, 0xF8, 0x1F, 0xF8, 0x1F, 0xF8, 0x1F, 0xF8, 0x1F,
    0xF8, 0x1F, 0xF8, 0x1F, 0xF8, 0x1F, 0xF8, 0x1F, 0xF8, 0x1F, 0xF8, 0x1F, 0xF8, 0x1F, 0xF8, 0x1F,
    0xF8, 0x1F, 0xF8, 0x1F, 0xF8, 0x1F, 0xF8, 0x1F, 0xF8, 0x1F, 0xF8, 0x1F, 0xF8, 0x1F, 0xF8, 0x1F,
    0xF8, 0x1F, 0xF8, 0x1F, 0xF8, 0x1F, 0xF8, 0x1F, 0xF8, 0x1F, 0xF8, 0x1F, 0xF8, 0x1F, 0xF8, 0x1F,
    0xF8, 0x1F, 0xF8, 0x1F, 0xF8, 0x1F, 0xF8, 0x1F, 0xF8, 0x1F, 0xF8, 0x1F, 0xF8, 0x1F, 0xF8, 0x1F,
    0xF8, 0x1F, 0xF8, 0x1F, 0x61, 0x11, 0x01, 0xC8, 0x01, 0xAA, 0x01, 0x48, 0x01, 0x49, 0x02, 0x0C,
    0x02, 0x8E, 0x02, 0x0D, 0x02, 0x2D, 0x01, 0xCA, 0x01, 0xCA, 0x00, 0xE5, 0x00, 0x43, 0x00, 0xE6,
    0x02, 0x0A, 0x02, 0x4B, 0x01, 0x68, 0x00, 0xE5, 0x01, 0x06, 0x01, 0x05, 0x01, 0x26, 0x01, 0x06,
    0x01, 0xA9, 0x02, 0x8D, 0x02, 0xEF, 0x02, 0xEF, 0x02, 0x6C, 0x01, 0xAA, 0x02, 0x2C, 0x02, 0x0B,
    0x02, 0x2B, 0x0A, 0x0A, 0x09, 0xE8, 0x01, 0x87, 0x01, 0xA8, 0x01, 0x66, 0x00, 0xC4, 0x00, 0xC5,
    0x01, 0x46, 0x01, 0x87, 0x12, 0xCC, 0x2B, 0x0C, 0x11, 0xE8, 0x01, 0x66, 0x09, 0x87, 0x09, 0x88,
    0x01, 0xCA, 0x02, 0x4C, 0x02, 0x6C, 0x02, 0x8D, 0x02, 0xAD, 0x02, 0x6C, 0x02, 0x4C, 0x01, 0xC9,
    0x01, 0x26, 0x01, 0x47, 0x02, 0x09, 0x02, 0x0A, 0x01, 0x28, 0x01, 0x49, 0x01, 0xAA, 0x01, 0xAA,
    0x01, 0xCB, 0x01, 0xCB, 0x01, 0x6A, 0x01, 0xAB, 0x02, 0x0C, 0x02, 0x4D, 0x02, 0x4E, 0x02, 0x0D,
    0x02, 0x0C, 0x02, 0x6C, 0x03, 0x4E, 0x02, 0x6C, 0x01, 0x89, 0x01, 0xA9, 0x01, 0xA9, 0x01, 0xAA,
    0x3A, 0xEA, 0x83, 0xA8, 0x53, 0x4B, 0x02, 0xED, 0x02, 0x2C, 0x01, 0xC9, 0x01, 0x67, 0x09, 0x05,
    0x00, 0xA4, 0x00, 0x42, 0x00, 0x22, 0x00, 0x43, 0x00, 0x42, 0x00, 0x62, 0x00, 0x22, 0x00, 0x63,
    0x00, 0x84, 0x01, 0x06, 0x00, 0xE5, 0x00, 0x83, 0x00, 0xC4, 0x01, 0x45, 0x00, 0xA4, 0x00, 0x63,
    0x01, 0x27, 0x01, 0x28, 0x01, 0x48, 0x01, 0x69, 0x01, 0x89, 0x0A, 0x4A, 0x01, 0xA8, 0x01, 0x06,
    0x01, 0x06, 0x01, 0x47, 0x02, 0x6B, 0x22, 0xAB, 0x0A, 0xCB, 0x4A, 0x32, 0xF8, 0x1F, 0xF8, 0x1F,
    0xF8, 0x1F, 0xF8, 0x1F, 0xF8, 0x1F, 0xF8, 0x1F, 0xF8, 0x1F, 0xF8, 0x1F, 0xF8, 0x1F, 0xF8, 0x1F,
    0xF8, 0x1F, 0xF8, 0x1F, 0xF8, 0x1F, 0xF8, 0x1F, 0xF8, 0x1F, 0xF8, 0x1F, 0xF8, 0x1F, 0xF8, 0x1F,
    0xF8, 0x1F, 0xF8, 0x1F, 0xF8, 0x1F, 0xF8, 0x1F, 0xF8, 0x1F, 0xF8, 0x1F, 0xF8, 0x1F, 0xF8, 0x1F,
    0xF8, 0x1F, 0xF8, 0x1F, 0xF8, 0x1F, 0xF8, 0x1F, 0xF8, 0x1F, 0xF8, 0x1F, 0xF8, 0x1F, 0xF8, 0x1F,
    0xF8, 0x1F, 0xF8, 0x1F, 0xF8, 0x1F, 0xF8, 0x1F, 0xF8, 0x1F, 0xF8, 0x1F, 0xF8, 0x1F, 0xF8, 0x1F,
    0xF8, 0x1F, 0xF8, 0x1F, 0xF8, 0x1F, 0xF8, 0x1F, 0xF8, 0x1F, 0xF8, 0x1F, 0xF8, 0x1F, 0xF8, 0x1F,
    0xF8, 0x1F, 0xF8, 0x1F, 0xF8, 0x1F, 0xF8, 0x1F, 0xF8, 0x1F, 0xF8, 0x1F, 0xE0, 0x3D, 0x11, 0x6B,
    0x01, 0xC9, 0x01, 0x69, 0x01, 0x8A, 0x02, 0x2D, 0x02, 0x0D, 0x02, 0x0C, 0x02, 0x0C, 0x01, 0xA9,
    0x01, 0x27, 0x00, 0xA5, 0x11, 0xE9, 0x1A, 0x6A, 0x02, 0x8B, 0x01, 0x67, 0x00, 0xA5, 0x00, 0xE5,
    0x01, 0x26, 0x00, 0xC5, 0x00, 0xC5, 0x00, 0xE6, 0x01, 0xCA, 0x03, 0x0E, 0x02, 0x4C, 0x01, 0xAA,
    0x01, 0x89, 0x01, 0x48, 0x0A, 0x2B, 0x12, 0x6C, 0x09, 0x88, 0x00, 0x64, 0x00, 0x84, 0x01, 0x88,
    0x01, 0x67, 0x00, 0xE5, 0x00, 0xC5, 0x01, 0x67, 0x09, 0xE9, 0x09, 0x67, 0x1A, 0x69, 0x09, 0xC8,
    0x01, 0x48, 0x01, 0x48, 0x01, 0x89, 0x02, 0x4C, 0x0A, 0xCD, 0x02, 0x4C, 0x02, 0xCE, 0x02, 0xEE,
    0x02, 0xAD, 0x02, 0x8C, 0x02, 0x2A, 0x09, 0x87, 0x01, 0x47, 0x02, 0x2A, 0x02, 0x0A, 0x22, 0x49,
    0x01, 0x48, 0x01, 0x89, 0x01, 0xAA, 0x01, 0xCA, 0x01, 0x69, 0x01, 0x49, 0x01, 0xCB, 0x02, 0x2C,
    0x02, 0x4D, 0x02, 0x2D, 0x02, 0x4E, 0x02, 0x0D, 0x01, 0xEB, 0x02, 0x2C, 0x02, 0x6C, 0x01, 0x89,
    0x01, 0x89, 0x01, 0xA9, 0x01, 0xA9, 0x01, 0xCB, 0x53, 0x6B, 0xAC, 0x8B, 0x53, 0xAD, 0x0A, 0xAC,
    0x01, 0xEA, 0x01, 0x87, 0x01, 0x05, 0x00, 0xA4, 0x00, 0x63, 0x00, 0x22, 0x00, 0x22, 0x00, 0x42,
    0x00, 0x62, 0x00, 0x42, 0x00, 0x42, 0x00, 0x83, 0x00, 0x84, 0x01, 0x26, 0x01, 0x26, 0x00, 0xA4,
    0x00, 0x63, 0x00, 0xA3, 0x00, 0xA3, 0x00, 0x84, 0x01, 0x27, 0x01, 0x89, 0x01, 0x89, 0x01, 0x89,
    0x01, 0xA9, 0x0A, 0x2A, 0x01, 0xA8, 0x01, 0x26, 0x01, 0x06, 0x01, 0x69, 0x02, 0xCD, 0x02, 0xCE,
    0x22, 0xEA, 0xA8, 0xD6, 0xF8, 0x1F, 0xF8, 0x1F, 0xF8, 0x1F, 0xF8, 0x1F, 0xF8, 0x1F, 0xF8, 0x1F,
    0xF8, 0x1F, 0xF8, 0x1F, 0xF8, 0x1F, 0xF8, 0x1F, 0xF8, 0x1F, 0xF8, 0x1F, 0xF8, 0x1F, 0xF8, 0x1F,
    0xF8, 0x1F, 0xF8, 0x1F, 0xF8, 0x1F, 0xF8, 0x1F, 0xF8, 0x1F, 0xF8, 0x1F, 0xF8, 0x1F, 0xF8, 0x1F,
    0xF8, 0x1F, 0xF8, 0x1F, 0xF8, 0x1F, 0xF8, 0x1F, 0xF8, 0x1F, 0xF8, 0x1F, 0xF8, 0x1F, 0xF8, 0x1F,
    0xF8, 0x1F, 0xF8, 0x1F, 0xF8, 0x1F, 0xF8, 0x1F, 0xF8, 0x1F, 0xF8, 0x1F, 0xF8, 0x1F, 0xF8, 0x1F,
    0xF8, 0x1F, 0xF8, 0x1F, 0xF8, 0x1F, 0xF8, 0x1F, 0xF8, 0x1F, 0xF8, 0x1F, 0xF8, 0x1F, 0xF8, 0x1F,
    0xF8, 0x1F, 0xF8, 0x1F, 0xF8, 0x1F, 0xF8, 0x1F, 0xF8, 0x1F, 0xF8, 0x1F, 0xF8, 0x1F, 0xF8, 0x1F,
    0xF8, 0x1F, 0xF8, 0x1F, 0xF8, 0x1F, 0x60, 0xF1, 0x01, 0xE8, 0x01, 0x89, 0x01, 0xEC, 0x02, 0xEF,
    0x02, 0x2D, 0x01, 0xEC, 0x02, 0x0B, 0x00, 0xE6, 0x00, 0x85, 0x01, 0x89, 0x3B, 0x0B, 0x42, 0x27,
    0x01, 0x06, 0x00, 0xA5, 0x00, 0xE5, 0x01, 0x25, 0x00, 0xE4, 0x00, 0x84, 0x01, 0x06, 0x01, 0x06,
    0x01, 0x48, 0x01, 0xA9, 0x01, 0xCA, 0x01, 0xE9, 0x01, 0xC9, 0x01, 0xA9, 0x01, 0xC9, 0x12, 0x09,
    0x01, 0x67, 0x00, 0xE5, 0x01, 0x46, 0x01, 0x87, 0x00, 0xE5, 0x01, 0x26, 0x01, 0x88, 0x02, 0x0A,
    0x12, 0xAB, 0x12, 0x2A, 0x01, 0x67, 0x09, 0xC9, 0x01, 0xEB, 0x01, 0xEB, 0x02, 0x0B, 0x02, 0x2B,
    0x02, 0x4B, 0x02, 0x8D, 0x02, 0x8C, 0x0A, 0x2B, 0x02, 0x2B, 0x02, 0x2B, 0x01, 0x67, 0x01, 0x88,
    0x02, 0x2B, 0x02, 0x4B, 0x02, 0x0B, 0x1A, 0xEC, 0x01, 0x69, 0x01, 0xAA, 0x01, 0x6A, 0x01, 0x69,
    0x01, 0x69, 0x01, 0x69, 0x01, 0xEB, 0x02, 0x2C, 0x02, 0x4D, 0x02, 0x0D, 0x02, 0x0D, 0x01, 0xEC,
    0x01, 0xCB, 0x02, 0x2B, 0x01, 0x89, 0x01, 0x07, 0x01, 0x88, 0x01, 0xA9, 0x01, 0xCB, 0x02, 0x2C,
    0x02, 0xCE, 0x03, 0x2F, 0x02, 0xCD, 0x02, 0x0B, 0x01, 0xA8, 0x01, 0x25, 0x00, 0xA4, 0x00, 0x63,
    0x00, 0x42, 0x00, 0x42, 0x00, 0x42, 0x00, 0x42, 0x00, 0x01, 0x00, 0x42, 0x00, 0x22, 0x00, 0x84,
    0x00, 0xA5, 0x00, 0xC5, 0x01, 0x05, 0x00, 0xC4, 0x00, 0x42, 0x00, 0x83, 0x00, 0x83, 0x00, 0xC6,
    0x01, 0x07, 0x01, 0x48, 0x01, 0x89, 0x01, 0xCA, 0x02, 0x2B, 0x02, 0x4A, 0x01, 0x88, 0x01, 0x07,
    0x01, 0x07, 0x02, 0x0A, 0x1B, 0x2E, 0x1B, 0x2D, 0x6B, 0x08, 0xE0, 0x5A, 0xF8, 0x1F, 0xF8, 0x1F,
    0xF8, 0x1F, 0xF8, 0x1F, 0xF8, 0x1F, 0xF8, 0x1F, 0xF8, 0x1F, 0xF8, 0x1F, 0xF8, 0x1F, 0xF8, 0x1F,
    0xF8, 0x1F, 0xF8, 0x1F, 0xF8, 0x1F, 0xF8, 0x1F, 0xF8, 0x1F, 0xF8, 0x1F, 0xF8, 0x1F, 0xF8, 0x1F,
    0xF8, 0x1F, 0xF8, 0x1F, 0xF8, 0x1F, 0xF8, 0x1F, 0xF8, 0x1F, 0xF8, 0x1F, 0xF8, 0x1F, 0xF8, 0x1F,
    0xF8, 0x1F, 0xF8, 0x1F, 0xF8, 0x1F, 0xF8, 0x1F, 0xF8, 0x1F, 0xF8, 0x1F, 0xF8, 0x1F, 0xF8, 0x1F,
    0xF8, 0x1F, 0xF8, 0x1F, 0xF8, 0x1F, 0xF8, 0x1F, 0xF8, 0x1F, 0xF8, 0x1F, 0xF8, 0x1F, 0xF8, 0x1F,
    0xF8, 0x1F, 0xF8, 0x1F, 0xF8, 0x1F, 0xF8, 0x1F, 0xF8, 0x1F, 0xF8, 0x1F, 0xF8, 0x1F, 0xF8, 0x1F,
    0xF8, 0x1F, 0xF8, 0x1F, 0xF8, 0x1F, 0xF8, 0x1F, 0xF8, 0x1F, 0xF8, 0x1F, 0xF8, 0x1F, 0x90, 0x96,
    0x01, 0xC8, 0x01, 0xAA, 0x01, 0xCB, 0x02, 0x6E, 0x02, 0x0C, 0x01, 0xCB, 0x01, 0x67, 0x00, 0x84,
    0x09, 0xA8, 0x02, 0x4B, 0x02, 0x0A, 0x01, 0x46, 0x01, 0x06, 0x01, 0x46, 0x01, 0x05, 0x01, 0x25,
    0x00, 0xA4, 0x09, 0x87, 0x00, 0xE5, 0x01, 0x27, 0x01, 0x88, 0x01, 0x47, 0x02, 0x2A, 0x01, 0xE9,
    0x01, 0xC9, 0x0A, 0x4A, 0x01, 0x47, 0x00, 0xC5, 0x01, 0x46, 0x01, 0x67, 0x01, 0x87, 0x01, 0x46,
    0x00, 0xE6, 0x01, 0x87, 0x02, 0x2A, 0x32, 0x89, 0x2A, 0x69, 0x01, 0xEB, 0x02, 0x0C, 0x02, 0x0A,
    0x02, 0x0A, 0x09, 0xC9, 0x11, 0xE8, 0x02, 0x0B, 0x02, 0x8D, 0x02, 0x6C, 0x01, 0xC9, 0x19, 0xA7,
    0x01, 0x47, 0x01, 0xCA, 0x01, 0x89, 0x01, 0x68, 0x0A, 0x4B, 0x1A, 0x8C, 0x2B, 0x4D, 0x0A, 0x8C,
    0x01, 0x89, 0x01, 0xAA, 0x19, 0xE9, 0x01, 0xC9, 0x01, 0x89, 0x01, 0xAA, 0x01, 0xEB, 0x01, 0xEC,
    0x02, 0x0C, 0x02, 0x0D, 0x02, 0x2C, 0x01, 0xEB, 0x02, 0x0B, 0x01, 0xCA, 0x01, 0x07, 0x01, 0x48,
    0x01, 0xA9, 0x01, 0xCA, 0x02, 0x0B, 0x02, 0x8D, 0x03, 0x4F, 0x02, 0xAD, 0x01, 0xEA, 0x01, 0x87,
    0x01, 0x05, 0x00, 0xA4, 0x00, 0x43, 0x00, 0x22, 0x00, 0x22, 0x00, 0x42, 0x00, 0xC3, 0x00, 0x83,
    0x00, 0x42, 0x00, 0x63, 0x00, 0x84, 0x00, 0xE5, 0x00, 0xE5, 0x00, 0xA5, 0x00, 0xC4, 0x00, 0x83,
    0x00, 0x63, 0x00, 0x83, 0x00, 0x83, 0x01, 0x48, 0x01, 0x89, 0x01, 0x28, 0x01, 0x89, 0x02, 0x0B,
    0x02, 0x6C, 0x02, 0x4A, 0x01, 0x47, 0x00, 0xE6, 0x01, 0x27, 0x22, 0xAB, 0x4B, 0x6D, 0x5B, 0x09,
    0x52, 0x28, 0xE8, 0x1D, 0xF8, 0x1F, 0xF8, 0x1F, 0xF8, 0x1F, 0xF8, 0x1F, 0xF8, 0x1F, 0xF8, 0x1F,
    0xF8, 0x1F, 0xF8, 0x1F, 0xF8, 0x1F, 0xF8, 0x1F, 0xF8, 0x1F, 0xF8, 0x1F, 0xF8, 0x1F, 0xF8, 0x1F,
    0xF8, 0x1F, 0xF8, 0x1F, 0xF8, 0x1F, 0xF8, 0x1F, 0xF8, 0x1F, 0xF8, 0x1F, 0xF8, 0x1F, 0xF8, 0x1F,
    0xF8, 0x1F, 0xF8, 0x1F, 0xF8, 0x1F, 0xF8, 0x1F, 0xF8, 0x1F, 0xF8, 0x1F, 0xF8, 0x1F, 0xF8, 0x1F,
    0xF8, 0x1F, 0xF8, 0x1F, 0xF8, 0x1F, 0xF8, 0x1F, 0xF8, 0x1F, 0xF8, 0x1F, 0xF8, 0x1F, 0xF8, 0x1F,
    0xF8, 0x1F, 0xF8, 0x1F, 0xF8, 0x1F, 0xF8, 0x1F, 0xF8, 0x1F, 0xF8, 0x1F, 0xF8, 0x1F, 0xF8, 0x1F,
    0xF8, 0x1F, 0xF8, 0x1F, 0xF8, 0x1F, 0xF8, 0x1F, 0xF8, 0x1F, 0xF8, 0x1F, 0xF8, 0x1F, 0xF8, 0x1F,
    0xF8, 0x1F, 0xF8, 0x1F, 0xF8, 0x1F, 0xB0, 0x78, 0x01, 0x88, 0x01, 0x8A, 0x01, 0xCB, 0x02, 0x6D,
    0x02, 0x0C, 0x01, 0x68, 0x00, 0x63, 0x00, 0xC5, 0x12, 0x4A, 0x01, 0x68, 0x01, 0x26, 0x01, 0x05,
    0x01, 0x05, 0x01, 0x46, 0x00, 0xA4, 0x00, 0xE5, 0x09, 0x87, 0x22, 0xEB, 0x01, 0x26, 0x00, 0xE6,
    0x01, 0x47, 0x01, 0xA9, 0x0A, 0x6B, 0x01, 0xC8, 0x01, 0xE8, 0x00, 0xE6, 0x01, 0x26, 0x01, 0x67,
    0x01, 0xC8, 0x01, 0x46, 0x01, 0x05, 0x01, 0x47, 0x01, 0xC9, 0x0A, 0x0A, 0x12, 0x4A, 0x22, 0x69,
    0x1A, 0x4A, 0x02, 0x0C, 0x02, 0x0B, 0x01, 0xC9, 0x5B, 0x07, 0x7B, 0x67, 0x22, 0x49, 0x02, 0x2B,
    0x33, 0x4D, 0x12, 0xED, 0x0A, 0x2A, 0x02, 0x0A, 0x01, 0x67, 0x2A, 0x68, 0x22, 0x8A, 0x1A, 0x8B,
    0x33, 0x4D, 0x12, 0xED, 0x1A, 0x8B, 0x09, 0xA8, 0x01, 0x88, 0x01, 0xA9, 0x11, 0xA8, 0x01, 0x89,
    0x01, 0x8A, 0x01, 0xCA, 0x01, 0xEC, 0x02, 0x6D, 0x02, 0x4E, 0x02, 0x2D, 0x01, 0xEC, 0x02, 0x2B,
    0x02, 0x4B, 0x01, 0x89, 0x01, 0x48, 0x01, 0xA9, 0x01, 0xAA, 0x01, 0xEA, 0x02, 0x6C, 0x0A, 0xED,
    0x0A, 0xED, 0x02, 0x2B, 0x01, 0x67, 0x00, 0xC4, 0x00, 0xA4, 0x00, 0x83, 0x00, 0x43, 0x00, 0x42,
    0x00, 0x22, 0x00, 0x41, 0x00, 0x63, 0x00, 0xE6, 0x02, 0x2A, 0x02, 0x4A, 0x00, 0xE6, 0x01, 0x26,
    0x00, 0xA5, 0x00, 0xA4, 0x00, 0xC4, 0x00, 0x63, 0x00, 0x83, 0x00, 0xA3, 0x00, 0xA4, 0x01, 0x68,
    0x01, 0x89, 0x01, 0x27, 0x01, 0xAA, 0x02, 0xAD, 0x02, 0x6C, 0x01, 0xE9, 0x01, 0x06, 0x00, 0xE6,
    0x09, 0x88, 0x3B, 0x0C, 0x2B, 0x2D, 0x1A, 0xED, 0x2A, 0x2A, 0xF0, 0x1E, 0xF8, 0x1F, 0xF8, 0x1F,
    0xF8, 0x1F, 0xF8, 0x1F, 0xF8, 0x1F, 0xF8, 0x1F, 0xF8, 0x1F, 0xF8, 0x1F, 0xF8, 0x1F, 0xF8, 0x1F,
    0xF8, 0x1F, 0xF8, 0x1F, 0xF8, 0x1F, 0xF8, 0x1F, 0xF8, 0x1F, 0xF8, 0x1F, 0xF8, 0x1F, 0xF8, 0x1F,
    0xF8, 0x1F, 0xF8, 0x1F, 0xF8, 0x1F, 0xF8, 0x1F, 0xF8, 0x1F, 0xF8, 0x1F, 0xF8, 0x1F, 0xF8, 0x1F,
    0xF8, 0x1F, 0xF8, 0x1F, 0xF8, 0x1F, 0xF8, 0x1F, 0xF8, 0x1F, 0xF8, 0x1F, 0xF8, 0x1F, 0xF8, 0x1F,
    0xF8, 0x1F, 0xF8, 0x1F, 0xF8, 0x1F, 0xF8, 0x1F, 0xF8, 0x1F, 0xF8, 0x1F, 0xF8, 0x1F, 0xF8, 0x1F,
    0xF8, 0x1F, 0xF8, 0x1F, 0xF8, 0x1F, 0xF8, 0x1F, 0xF8, 0x1F, 0xF8, 0x1F, 0xF8, 0x1F, 0xF8, 0x1F,
    0xF8, 0x1F, 0xF8, 0x1F, 0xF8, 0x1F, 0xF8, 0x1F, 0xF8, 0x1F, 0xF8, 0x1F, 0xF8, 0x1F, 0xB8, 0x7A,
    0x01, 0x89, 0x01, 0xCB, 0x02, 0x4D, 0x02, 0x4D, 0x01, 0xCA, 0x00, 0xA4, 0x00, 0x43, 0x01, 0xA8,
    0x01, 0xC9, 0x09, 0xC9, 0x00, 0xE5, 0x00, 0xA4, 0x01, 0x25, 0x01, 0x05, 0x01, 0x06, 0x01, 0x26,
    0x09, 0xA7, 0x01, 0x47, 0x01, 0x06, 0x01, 0x27, 0x01, 0x47, 0x0A, 0x0A, 0x1B, 0x2D, 0x01, 0xC8,
    0x01, 0x26, 0x00, 0xC5, 0x01, 0x26, 0x01, 0xA8, 0x42, 0x67, 0x19, 0x65, 0x00, 0x85, 0x09, 0xE9,
    0x12, 0x8B, 0x12, 0xAB, 0x12, 0x6A, 0x02, 0x0B, 0x01, 0xEB, 0x01, 0xEB, 0x09, 0xC9, 0x21, 0xE7,
    0xA3, 0xE2, 0xB3, 0xE2, 0x2A, 0x48, 0x2A, 0xA9, 0x63, 0x8B, 0x12, 0xED, 0x12, 0x4B, 0x02, 0x4B,
    0x0A, 0x4A, 0x63, 0x28, 0x5B, 0x4B, 0x12, 0xED, 0x02, 0x6C, 0x01, 0xEA, 0x01, 0xE9, 0x01, 0xEA,
    0x01, 0x48, 0x01, 0x88, 0x01, 0x69, 0x01, 0x69, 0x01, 0x89, 0x01, 0xEB, 0x02, 0x2C, 0x02, 0x2C,
    0x02, 0xAE, 0x02, 0x2D, 0x01, 0xEC, 0x02, 0x8D, 0x02, 0x8C, 0x01, 0x69, 0x09, 0x88, 0x09, 0xA8,
    0x01, 0xEA, 0x02, 0x0B, 0x02, 0xEE, 0x03, 0x0E, 0x02, 0x4B, 0x01, 0x88, 0x00, 0xE5, 0x00, 0x84,
    0x00, 0x84, 0x00, 0x43, 0x00, 0x43, 0x00, 0x42, 0x00, 0x22, 0x00, 0x21, 0x01, 0x47, 0x02, 0xCC,
    0x03, 0xD0, 0x0B, 0xEE, 0x01, 0x48, 0x01, 0x27, 0x00, 0xE6, 0x00, 0xC5, 0x00, 0xC4, 0x00, 0xA3,
    0x00, 0xE4, 0x00, 0xA3, 0x00, 0xA5, 0x01, 0xC9, 0x01, 0x69, 0x01, 0x48, 0x01, 0xA9, 0x02, 0x4C,
    0x02, 0x8B, 0x01, 0xC8, 0x01, 0x07, 0x01, 0x07, 0x09, 0xC9, 0x33, 0x2D, 0x1B, 0x0D, 0x33, 0x0B,
    0x19, 0xC9, 0xE8, 0x1D, 0xF8, 0x1F, 0xF8, 0x1F, 0xF8, 0x1F, 0xF8, 0x1F, 0xF8, 0x1F, 0xF8, 0x1F,
    0xF8, 0x1F, 0xF8, 0x1F, 0xF8, 0x1F, 0xF8, 0x1F, 0xF8, 0x1F, 0xF8, 0x1F, 0xF8, 0x1F, 0xF8, 0x1F,
    0xF8, 0x1F, 0xF8, 0x1F, 0xF8, 0x1F, 0xF8, 0x1F, 0xF8, 0x1F, 0xF8, 0x1F, 0xF8, 0x1F, 0xF8, 0x1F,
    0xF8, 0x1F, 0xF8, 0x1F, 0xF8, 0x1F, 0xF8, 0x1F, 0xF8, 0x1F, 0xF8, 0x1F, 0xF8, 0x1F, 0xF8, 0x1F,
    0xF8, 0x1F, 0xF8, 0x1F, 0xF8, 0x1F, 0xF8, 0x1F, 0xF8, 0x1F, 0xF8, 0x1F, 0xF8, 0x1F, 0xF8, 0x1F,
    0xF8, 0x1F, 0xF8, 0x1F, 0xF8, 0x1F, 0xF8, 0x1F, 0xF8, 0x1F, 0xF8, 0x1F, 0xF8, 0x1F, 0xF8, 0x1F,
    0xF8, 0x1F, 0xF8, 0x1F, 0xF8, 0x1F, 0xF8, 0x1F, 0xF8, 0x1F, 0xF8, 0x1F, 0xF8, 0x1F, 0xF8, 0x1F,
    0xF8, 0x1F, 0xF8, 0x1F, 0xF8, 0x1F, 0xB0, 0x79, 0x01, 0xCA, 0x02, 0x6D, 0x02, 0x4D, 0x01, 0xEB,
    0x01, 0x06, 0x00, 0x22, 0x01, 0x06, 0x01, 0xEA, 0x01, 0x27, 0x09, 0xE8, 0x01, 0x46, 0x00, 0xE5,
    0x00, 0xC4, 0x01, 0x46, 0x1A, 0xAA, 0x12, 0x09, 0x0A, 0x8B, 0x12, 0x29, 0x00, 0xA4, 0x01, 0x47,
    0x01, 0x47, 0x0A, 0x2A, 0x1B, 0x4D, 0x01, 0x67, 0x00, 0xA5, 0x01, 0x06, 0x01, 0x47, 0x01, 0xE8,
    0x19, 0xC6, 0x09, 0x46, 0x01, 0x88, 0x12, 0xAB, 0x1A, 0xAB, 0x12, 0x6B, 0x02, 0x2B, 0x02, 0x0B,
    0x01, 0xCA, 0x01, 0xA9, 0x01, 0x88, 0x09, 0xC8, 0x52, 0x64, 0x7B, 0x03, 0x3A, 0x26, 0x6B, 0x07,
    0x5B, 0x6B, 0x22, 0x49, 0x12, 0x4A, 0x02, 0x8C, 0x02, 0xEE, 0x0B, 0x0E, 0x0A, 0xAD, 0x02, 0x6D,
    0x02, 0x2B, 0x01, 0xC9, 0x0A, 0x2B, 0x02, 0xCE, 0x01, 0x49, 0x09, 0x88, 0x09, 0xA9, 0x01, 0xCA,
    0x01, 0xCA, 0x02, 0x2C, 0x02, 0x4D, 0x02, 0x2D, 0x02, 0x8E, 0x01, 0xCC, 0x01, 0xEC, 0x02, 0xCD,
    0x02, 0x2B, 0x01, 0x88, 0x01, 0x89, 0x01, 0xA9, 0x0A, 0x0A, 0x13, 0x0E, 0x03, 0x2E, 0x02, 0x4B,
    0x09, 0xC8, 0x01, 0x05, 0x00, 0x84, 0x00, 0x64, 0x00, 0xC5, 0x00, 0xA5, 0x00, 0x84, 0x00, 0x83,
    0x00, 0x22, 0x00, 0xE6, 0x03, 0xCF, 0x03, 0xAE, 0x03, 0x4E, 0x03, 0xCE, 0x01, 0x88, 0x01, 0x47,
    0x01, 0x47, 0x01, 0x06, 0x00, 0xC4, 0x00, 0xA4, 0x00, 0xE4, 0x00, 0xC4, 0x00, 0x84, 0x01, 0x89,
    0x01, 0xAA, 0x01, 0x28, 0x01, 0x89, 0x01, 0xE9, 0x12, 0x09, 0x01, 0x67, 0x01, 0x27, 0x01, 0x27,
    0x0A, 0x2A, 0x23, 0x4E, 0x2B, 0x2D, 0x4B, 0x0B, 0x19, 0x87, 0xD0, 0x1B, 0xF8, 0x1F, 0xF8, 0x1F,
    0xF8, 0x1F, 0xF8, 0x1F, 0xF8, 0x1F, 0xF8, 0x1F, 0xF8, 0x1F, 0xF8, 0x1F, 0xF8, 0x1F, 0xF8, 0x1F,
    0xF8, 0x1F, 0xF8, 0x1F, 0xF8, 0x1F, 0xF8, 0x1F, 0xF8, 0x1F, 0xF8, 0x1F, 0xF8, 0x1F, 0xF8, 0x1F,
    0xF8, 0x1F, 0xF8, 0x1F, 0xF8, 0x1F, 0xF8, 0x1F, 0xF8, 0x1F, 0xF8, 0x1F, 0xF8, 0x1F, 0xF8, 0x1F,
    0xF8, 0x1F, 0xF8, 0x1F, 0xF8, 0x1F, 0xF8, 0x1F, 0xF8, 0x1F, 0xF8, 0x1F, 0xF8, 0x1F, 0xF8, 0x1F,
    0xF8, 0x1F, 0xF8, 0x1F, 0xF8, 0x1F, 0xF8, 0x1F, 0xF8, 0x1F, 0xF8, 0x1F, 0xF8, 0x1F, 0xF8, 0x1F,
    0xF8, 0x1F, 0xF8, 0x1F, 0xF8, 0x1F, 0xF8, 0x1F, 0xF8, 0x1F, 0xF8, 0x1F, 0xF8, 0x1F, 0xF8, 0x1F,
    0xF8, 0x1F, 0xF8, 0x1F, 0xF8, 0x1F, 0xF8, 0x1F, 0xF8, 0x1F, 0xF8, 0x1F, 0xF8, 0x1F, 0x98, 0x97,
    0x02, 0x0B, 0x02, 0x4D, 0x02, 0x0C, 0x01, 0x68, 0x00, 0x63, 0x08, 0xC5, 0x09, 0x87, 0x01, 0xC9,
    0x01, 0x05, 0x01, 0x05, 0x01, 0x26, 0x01, 0x26, 0x00, 0xE5, 0x09, 0x46, 0x22, 0x48, 0x11, 0xC7,
    0x22, 0x69, 0x09, 0x45, 0x01, 0x06, 0x01, 0x47, 0x00, 0xE6, 0x09, 0xC9, 0x01, 0xA8, 0x01, 0x47,
    0x00, 0xC5, 0x01, 0x26, 0x01, 0xA8, 0x0A, 0x09, 0x01, 0x27, 0x01, 0xC8, 0x02, 0x09, 0x1A, 0xAB,
    0x22, 0xAB, 0x0A, 0x4B, 0x02, 0x0B, 0x01, 0xC9, 0x01, 0xA9, 0x02, 0x4B, 0x0A, 0x6B, 0x02, 0x6B,
    0x12, 0x29, 0x4A, 0x66, 0x32, 0x69, 0x43, 0x0A, 0x2B, 0x0C, 0x32, 0x89, 0x3B, 0x2C, 0x02, 0xCD,
    0x02, 0x6D, 0x02, 0x0B, 0x02, 0x0B, 0x02, 0x4B, 0x02, 0x0A, 0x01, 0xEA, 0x02, 0xED, 0x02, 0xCC,
    0x01, 0x8A, 0x01, 0x89, 0x01, 0xCA, 0x01, 0x8A, 0x02, 0x0C, 0x02, 0x6D, 0x02, 0x2D, 0x02, 0x4E,
    0x02, 0x8E, 0x01, 0xCC, 0x02, 0x0C, 0x01, 0xEA, 0x01, 0x68, 0x01, 0x88, 0x01, 0xA9, 0x01, 0xEB,
    0x1A, 0xAC, 0x1B, 0x2D, 0x02, 0x6B, 0x19, 0xE7, 0x19, 0x86, 0x00, 0xE5, 0x01, 0x47, 0x0A, 0x4B,
    0x02, 0xCC, 0x02, 0x8C, 0x01, 0x68, 0x01, 0x87, 0x00, 0x63, 0x02, 0x2A, 0x04, 0xB0, 0x03, 0x0C,
    0x02, 0xCC, 0x0B, 0x4C, 0x00, 0xA5, 0x01, 0x06, 0x01, 0xC9, 0x01, 0x27, 0x00, 0xE5, 0x00, 0xC4,
    0x00, 0xC4, 0x00, 0x83, 0x00, 0x84, 0x00, 0xC6, 0x01, 0x69, 0x01, 0x48, 0x01, 0xAA, 0x02, 0x2A,
    0x01, 0xA8, 0x01, 0x68, 0x01, 0x48, 0x01, 0x89, 0x23, 0x0D, 0x2B, 0x2D, 0x1A, 0xCD, 0x1A, 0xCC,
    0x01, 0x85, 0xA0, 0x15, 0xF8, 0x1F, 0xF8, 0x1F, 0xF8, 0x1F, 0xF8, 0x1F, 0xF8, 0x1F, 0xF8, 0x1F,
    0xF8, 0x1F, 0xF8, 0x1F, 0xF8, 0x1F, 0xF8, 0x1F, 0xF8, 0x1F, 0xF8, 0x1F, 0xF8, 0x1F, 0xF8, 0x1F,
    0xF8, 0x1F, 0xF8, 0x1F, 0xF8, 0x1F, 0xF8, 0x1F, 0xF8, 0x1F, 0xF8, 0x1F, 0xF8, 0x1F, 0xF8, 0x1F,
    0xF8, 0x1F, 0xF8, 0x1F, 0xF8, 0x1F, 0xF8, 0x1F, 0xF8, 0x1F, 0xF8, 0x1F, 0xF8, 0x1F, 0xF8, 0x1F,
    0xF8, 0x1F, 0xF8, 0x1F, 0xF8, 0x1F, 0xF8, 0x1F, 0xF8, 0x1F, 0xF8, 0x1F, 0xF8, 0x1F, 0xF8, 0x1F,
    0xF8, 0x1F, 0xF8, 0x1F, 0xF8, 0x1F, 0xF8, 0x1F, 0xF8, 0x1F, 0xF8, 0x1F, 0xF8, 0x1F, 0xF8, 0x1F,
    0xF8, 0x1F, 0xF8, 0x1F, 0xF8, 0x1F, 0xF8, 0x1F, 0xF8, 0x1F, 0xF8, 0x1F, 0xF8, 0x1F, 0xF8, 0x1F,
    0xF8, 0x1F, 0xF8, 0x1F, 0xF8, 0x1F, 0x71, 0x35, 0x02, 0x2B, 0x01, 0xCC, 0x01, 0xA9, 0x00, 0xC4,
    0x00, 0x84, 0x01, 0x67, 0x01, 0xEA, 0x01, 0xE9, 0x01, 0x26, 0x01, 0x46, 0x01, 0x05, 0x01, 0x87,
    0x00, 0xE5, 0x09, 0x25, 0x09, 0x45, 0x1A, 0x4A, 0x32, 0x47, 0x00, 0xE5, 0x2B, 0x4D, 0x12, 0x09,
    0x00, 0xA5, 0x01, 0x67, 0x01, 0x26, 0x01, 0x05, 0x01, 0x05, 0x01, 0x87, 0x0A, 0x29, 0x01, 0xA7,
    0x01, 0x67, 0x01, 0xE9, 0x11, 0xE8, 0x01, 0x87, 0x22, 0x28, 0x12, 0x4A, 0x01, 0xC9, 0x01, 0xC9,
    0x22, 0x8B, 0x0A, 0xAC, 0x32, 0xEB, 0x1A, 0xCC, 0x02, 0x4B, 0x02, 0x4C, 0x22, 0xEC, 0x32, 0xAA,
    0x02, 0x4B, 0x4B, 0x2B, 0x23, 0x0D, 0x02, 0x8D, 0x02, 0x0B, 0x01, 0xC9, 0x01, 0x88, 0x01, 0x68,
    0x01, 0xCA, 0x02, 0x2B, 0x02, 0x2A, 0x01, 0x89, 0x01, 0xAB, 0x01, 0x69, 0x01, 0x89, 0x01, 0x49,
    0x01, 0xAB, 0x02, 0x2D, 0x02, 0x4E, 0x02, 0x4E, 0x02, 0x6E, 0x01, 0xCB, 0x01, 0xCB, 0x01, 0x69,
    0x01, 0x89, 0x01, 0x89, 0x01, 0x89, 0x02, 0x4B, 0x43, 0x6D, 0x23, 0x0C, 0x01, 0xE9, 0x09, 0x66,
    0x00, 0xE5, 0x00, 0xE5, 0x01, 0x68, 0x0B, 0x0D, 0x0A, 0xCC, 0x0B, 0x6E, 0x02, 0x2A, 0x01, 0x47,
    0x00, 0xC5, 0x01, 0x88, 0x03, 0xEE, 0x02, 0xAB, 0x0B, 0x4E, 0x34, 0x2F, 0x00, 0xE5, 0x00, 0x23,
    0x01, 0x06, 0x01, 0x88, 0x00, 0xE5, 0x00, 0xE4, 0x00, 0xA4, 0x00, 0x84, 0x00, 0xA4, 0x00, 0xC6,
    0x01, 0x07, 0x01, 0x69, 0x02, 0x0B, 0x02, 0x4B, 0x01, 0xA8, 0x01, 0x68, 0x01, 0x48, 0x0A, 0x4B,
    0x1B, 0x2E, 0x1B, 0x0D, 0x23, 0x2E, 0x23, 0x2E, 0x01, 0x85, 0x50, 0x4C, 0xF8, 0x1F, 0xF8, 0x1F,
    0xF8, 0x1F, 0xF8, 0x1F, 0xF8, 0x1F, 0xF8, 0x1F, 0xF8, 0x1F, 0xF8, 0x1F, 0xF8, 0x1F, 0xF8, 0x1F,
    0xF8, 0x1F, 0xF8, 0x1F, 0xF8, 0x1F, 0xF8, 0x1F, 0xF8, 0x1F, 0xF8, 0x1F, 0xF8, 0x1F, 0xF8, 0x1F,
    0xF8, 0x1F, 0xF8, 0x1F, 0xF8, 0x1F, 0xF8, 0x1F, 0xF8, 0x1F, 0xF8, 0x1F, 0xF8, 0x1F, 0xF8, 0x1F,
    0xF8, 0x1F, 0xF8, 0x1F, 0xF8, 0x1F, 0xF8, 0x1F, 0xF8, 0x1F, 0xF8, 0x1F, 0xF8, 0x1F, 0xF8, 0x1F,
    0xF8, 0x1F, 0xF8, 0x1F, 0xF8, 0x1F, 0xF8, 0x1F, 0xF8, 0x1F, 0xF8, 0x1F, 0xF8, 0x1F, 0xF8, 0x1F,
    0xF8, 0x1F, 0xF8, 0x1F, 0xF8, 0x1F, 0xF8, 0x1F, 0xF8, 0x1F, 0xF8, 0x1F, 0xF8, 0x1F, 0xF8, 0x1F,
    0xF8, 0x1F, 0xF8, 0x1F, 0xF8, 0x1F, 0xF8, 0x1F, 0xF8, 0x1F, 0xF8, 0x1F, 0xF0, 0x1E, 0x21, 0xD0,
    0x02, 0x4C, 0x09, 0xEA, 0x01, 0x26, 0x00, 0x22, 0x01, 0x47, 0x02, 0x0A, 0x02, 0x8C, 0x02, 0x09,
    0x01, 0x46, 0x00, 0xA4, 0x01, 0x05, 0x01, 0x05, 0x09, 0x87, 0x00, 0xE4, 0x09, 0xC8, 0x12, 0xCB,
    0x11, 0xA6, 0x09, 0xE8, 0x12, 0x09, 0x01, 0x26, 0x01, 0x05, 0x00, 0xC4, 0x00, 0xC4, 0x00, 0xC5,
    0x00, 0xE5, 0x01, 0x87, 0x09, 0xE8, 0x01, 0x47, 0x01, 0xA7, 0x09, 0xE8, 0x01, 0x67, 0x11, 0xA7,
    0x12, 0x09, 0x01, 0xEA, 0x01, 0x89, 0x02, 0x2B, 0x12, 0xCC, 0x32, 0xAA, 0x32, 0x89, 0x0A, 0xCD,
    0x13, 0x4E, 0x23, 0x6F, 0x43, 0xAD, 0x5B, 0x29, 0x32, 0x68, 0x62, 0xC8, 0x0A, 0x8C, 0x02, 0x8D,
    0x02, 0x2B, 0x01, 0xA9, 0x01, 0x89, 0x01, 0xA9, 0x02, 0x2A, 0x02, 0x2B, 0x02, 0x6D, 0x02, 0x4C,
    0x02, 0x4D, 0x02, 0x4B, 0x01, 0xCA, 0x01, 0x29, 0x01, 0x6B, 0x02, 0x2D, 0x02, 0x2D, 0x02, 0x6E,
    0x02, 0x8E, 0x02, 0x0C, 0x01, 0xEB, 0x01, 0x89, 0x01, 0xCA, 0x02, 0x0B, 0x02, 0x0B, 0x22, 0xED,
    0x23, 0x2D, 0x0A, 0x4B, 0x01, 0xA8, 0x00, 0xE5, 0x00, 0xE5, 0x01, 0xC8, 0x01, 0xA8, 0x01, 0x48,
    0x01, 0x48, 0x02, 0x2B, 0x02, 0xCC, 0x01, 0xA9, 0x01, 0x05, 0x01, 0x68, 0x03, 0xCE, 0x03, 0x4C,
    0x02, 0x6A, 0x1B, 0x8D, 0x01, 0x87, 0x00, 0x22, 0x00, 0x43, 0x01, 0x47, 0x01, 0x26, 0x00, 0xC4,
    0x00, 0xA4, 0x00, 0xA4, 0x00, 0xA4, 0x00, 0xC6, 0x01, 0x07, 0x01, 0x89, 0x02, 0x2B, 0x02, 0x0A,
    0x01, 0x47, 0x01, 0x07, 0x01, 0x89, 0x13, 0x0E, 0x1B, 0x4E, 0x13, 0x0E, 0x13, 0x8F, 0x1B, 0x6E,
    0x01, 0x47, 0x00, 0x83, 0xA8, 0x36, 0xF8, 0x1F, 0xF8, 0x1F, 0xF8, 0x1F, 0xF8, 0x1F, 0xF8, 0x1F,
    0xF8, 0x1F, 0xF8, 0x1F, 0xF8, 0x1F, 0xF8, 0x1F, 0xF8, 0x1F, 0xF8, 0x1F, 0xF8, 0x1F, 0xF8, 0x1F,
    0xF8, 0x1F, 0xF8, 0x1F, 0xF8, 0x1F, 0xF8, 0x1F, 0xF8, 0x1F, 0xF8, 0x1F, 0xF8, 0x1F, 0xF8, 0x1F,
    0xF8, 0x1F, 0xF8, 0x1F, 0xF8, 0x1F, 0xF8, 0x1F, 0xF8, 0x1F, 0xF8, 0x1F, 0xF8, 0x1F, 0xF8, 0x1F,
    0xF8, 0x1F, 0xF8, 0x1F, 0xF8, 0x1F, 0xF8, 0x1F, 0xF8, 0x1F, 0xF8, 0x1F, 0xF8, 0x1F, 0xF8, 0x1F,
    0xF8, 0x1F, 0xF8, 0x1F, 0xF8, 0x1F, 0xF8, 0x1F, 0xF8, 0x1F, 0xF8, 0x1F, 0xF8, 0x1F, 0xF8, 0x1F,
    0xF8, 0x1F, 0xF8, 0x1F, 0xF8, 0x1F, 0xF8, 0x1F, 0xF8, 0x1F, 0xF8, 0x1F, 0xF8, 0x1F, 0xF8, 0x1F,
    0xF8, 0x1F, 0xF8, 0x1F, 0x70, 0xF4, 0x02, 0x4C, 0x02, 0x2D, 0x0A, 0x0A, 0x00, 0xC5, 0x00, 0xC5,
    0x01, 0x88, 0x02, 0x0A, 0x01, 0xC9, 0x01, 0x87, 0x01, 0x05, 0x01, 0x26, 0x09, 0x66, 0x01, 0x26,
    0x01, 0xA7, 0x01, 0x46, 0x0A, 0x29, 0x11, 0xC7, 0x00, 0xC6, 0x1A, 0xCB, 0x01, 0x66, 0x01, 0x46,
    0x01, 0x05, 0x00, 0x63, 0x00, 0xA4, 0x01, 0x46, 0x01, 0x47, 0x12, 0x6A, 0x0A, 0x09, 0x01, 0xA8,
    0x01, 0xA8, 0x01, 0xA9, 0x01, 0xCA, 0x02, 0x0A, 0x02, 0x0A, 0x0A, 0x2A, 0x02, 0x4B, 0x02, 0x4B,
    0x53, 0x2A, 0x53, 0x4B, 0x22, 0x8A, 0x43, 0x0B, 0x13, 0x2E, 0x43, 0xAD, 0x63, 0x6A, 0x53, 0x2A,
    0x42, 0xE9, 0x32, 0xCA, 0x02, 0x8D, 0x02, 0x6C, 0x01, 0xA9, 0x01, 0xC9, 0x0A, 0x2A, 0x02, 0x2A,
    0x02, 0x4A, 0x1A, 0x8B, 0x02, 0xEF, 0x03, 0x0F, 0x02, 0x4D, 0x12, 0x6C, 0x02, 0x0B, 0x01, 0x6A,
    0x01, 0x8A, 0x02, 0x0C, 0x02, 0x4D, 0x02, 0x6E, 0x02, 0x4D, 0x02, 0x0C, 0x01, 0xEB, 0x01, 0xA9,
    0x01, 0x89, 0x01, 0xEB, 0x0A, 0xCD, 0x33, 0x2D, 0x0A, 0xAC, 0x01, 0xA9, 0x01, 0x67, 0x00, 0xE5,
    0x01, 0x06, 0x01, 0xE9, 0x01, 0xEA, 0x01, 0xEA, 0x01, 0xEA, 0x01, 0x89, 0x03, 0x2E, 0x02, 0x8C,
    0x00, 0xA5, 0x01, 0xA9, 0x04, 0x50, 0x04, 0x30, 0x0B, 0x2C, 0x01, 0x67, 0x01, 0x26, 0x00, 0x63,
    0x00, 0x64, 0x01, 0x27, 0x01, 0x06, 0x00, 0xA4, 0x00, 0x84, 0x00, 0xA4, 0x00, 0x43, 0x00, 0xC5,
    0x01, 0x28, 0x01, 0x89, 0x02, 0x4B, 0x01, 0xE9, 0x01, 0x67, 0x01, 0x27, 0x02, 0x2B, 0x1B, 0x8F,
    0x1B, 0x6F, 0x1B, 0x0D, 0x3B, 0xCF, 0x12, 0xED, 0x01, 0x27, 0x00, 0xE4, 0x10, 0xA4, 0xA0, 0x35,
    0xF8, 0x1F, 0xF8, 0x1F, 0xF8, 0x1F, 0xF8, 0x1F, 0xF8, 0x1F, 0xF8, 0x1F, 0xF8, 0x1F, 0xF8, 0x1F,
    0xF8, 0x1F, 0xF8, 0x1F, 0xF8, 0x1F, 0xF8, 0x1F, 0xF8, 0x1F, 0xF8, 0x1F, 0xF8, 0x1F, 0xF8, 0x1F,
    0xF8, 0x1F, 0xF8, 0x1F, 0xF8, 0x1F, 0xF8, 0x1F, 0xF8, 0x1F, 0xF8, 0x1F, 0xF8, 0x1F, 0xF8, 0x1F,
    0xF8, 0x1F, 0xF8, 0x1F, 0xF8, 0x1F, 0xF8, 0x1F, 0xF8, 0x1F, 0xF8, 0x1F, 0xF8, 0x1F, 0xF8, 0x1F,
    0xF8, 0x1F, 0xF8, 0x1F, 0xF8, 0x1F, 0xF8, 0x1F, 0xF8, 0x1F, 0xF8, 0x1F, 0xF8, 0x1F, 0xF8, 0x1F,
    0xF8, 0x1F, 0xF8, 0x1F, 0xF8, 0x1F, 0xF8, 0x1F, 0xF8, 0x1F, 0xF8, 0x1F, 0xF8, 0x1F, 0xF8, 0x1F,
    0xF8, 0x1F, 0xF8, 0x1F, 0xF8, 0x1F, 0xF8, 0x1F, 0xF0, 0x1E, 0x70, 0xB2, 0x02, 0x0C, 0x01, 0xEC,
    0x01, 0xAA, 0x01, 0x67, 0x00, 0x83, 0x01, 0x47, 0x01, 0xA8, 0x02, 0x0A, 0x01, 0x47, 0x01, 0x26,
    0x00, 0xA5, 0x12, 0x8A, 0x09, 0xC7, 0x01, 0x45, 0x01, 0x05, 0x09, 0xC8, 0x12, 0x49, 0x00, 0xC5,
    0x1A, 0x8B, 0x12, 0x08, 0x01, 0x06, 0x01, 0x46, 0x01, 0x46, 0x01, 0x87, 0x01, 0x46, 0x00, 0xE5,
    0x01, 0xA8, 0x09, 0xE9, 0x01, 0x87, 0x01, 0x67, 0x01, 0xC9, 0x01, 0xEA, 0x01, 0xCB, 0x01, 0xEA,
    0x0A, 0x0A, 0x12, 0x2A, 0x02, 0x4B, 0x02, 0x0A, 0x22, 0x8B, 0x2B, 0x4D, 0x0A, 0x8C, 0x33, 0x0C,
    0x23, 0x2E, 0x1A, 0xEC, 0x42, 0xCA, 0x12, 0x8C, 0x0A, 0xED, 0x0A, 0xAD, 0x02, 0x6C, 0x01, 0xEA,
    0x01, 0xA9, 0x0A, 0xAB, 0x1A, 0x4A, 0x02, 0x2B, 0x1A, 0xCC, 0x3A, 0xEB, 0x02, 0x4D, 0x02, 0xCE,
    0x02, 0x0D, 0x01, 0xEC, 0x01, 0xCB, 0x01, 0xAA, 0x01, 0xAA, 0x02, 0x0D, 0x02, 0x6E, 0x02, 0x8E,
    0x02, 0x4D, 0x01, 0xEB, 0x01, 0xCA, 0x01, 0x89, 0x01, 0x8A, 0x02, 0x2B, 0x13, 0x2E, 0x0B, 0x0E,
    0x02, 0x4B, 0x01, 0xA8, 0x01, 0x66, 0x00, 0xE5, 0x01, 0x07, 0x01, 0xA9, 0x01, 0xC9, 0x02, 0x6C,
    0x03, 0x4E, 0x02, 0xCE, 0x03, 0xD1, 0x04, 0x10, 0x01, 0x68, 0x02, 0x4B, 0x04, 0xD2, 0x1D, 0x54,
    0x2D, 0x13, 0x02, 0xCC, 0x00, 0xE5, 0x00, 0x63, 0x00, 0x64, 0x01, 0x67, 0x01, 0x66, 0x00, 0xA4,
    0x00, 0x84, 0x01, 0x05, 0x00, 0xA4, 0x00, 0x64, 0x01, 0x28, 0x01, 0xAA, 0x01, 0xEB, 0x01, 0xA9,
    0x01, 0x47, 0x01, 0x48, 0x02, 0x8C, 0x3B, 0x6E, 0x2B, 0x2E, 0x1B, 0x4F, 0x4B, 0xCE, 0x2A, 0xAB,
    0x01, 0x88, 0x01, 0x26, 0x00, 0xE4, 0x00, 0xE3, 0x30, 0xA9, 0x68, 0x2E, 0x80, 0x52, 0x98, 0x74,
    0x98, 0x35, 0x98, 0x55, 0xA0, 0x75, 0xA0, 0x54, 0xA0, 0x34, 0x98, 0x34, 0xA8, 0x35, 0xD0, 0x1A,
    0xF8, 0x1F, 0xF8, 0x1F, 0xF8, 0x1F, 0xF8, 0x1F, 0xF8, 0x1F, 0xF8, 0x1F, 0xF8, 0x1F, 0xF8, 0x1F,
    0xF8, 0x1F, 0xF8, 0x1F, 0xF8, 0x1F, 0xF8, 0x1F, 0xF8, 0x1F, 0xF8, 0x1F, 0xF8, 0x1F, 0xF8, 0x1F,
    0xF8, 0x1F, 0xF8, 0x1F, 0xF8, 0x1F, 0xF8, 0x1F, 0xF0, 0x1E, 0x98, 0x74, 0x98, 0x54, 0xA0, 0x55,
    0x98, 0x55, 0x98, 0x55, 0x98, 0x75, 0x98, 0x55, 0x98, 0x55, 0x98, 0x75, 0x98, 0x75, 0x98, 0x55,
    0x98, 0x55, 0x98, 0x35, 0x98, 0x34, 0x98, 0x34, 0x98, 0x34, 0x90, 0x33, 0x80, 0x31, 0x60, 0x8E,
    0x18, 0xE9, 0x02, 0x2B, 0x02, 0x6E, 0x02, 0x2C, 0x01, 0x06, 0x00, 0x22, 0x00, 0xE6, 0x01, 0xCA,
    0x02, 0x4B, 0x01, 0x68, 0x01, 0x06, 0x01, 0x67, 0x00, 0xC5, 0x01, 0x46, 0x09, 0xA7, 0x01, 0x05,
    0x00, 0xA4, 0x09, 0xE8, 0x09, 0x26, 0x09, 0xC8, 0x12, 0x08, 0x01, 0x06, 0x01, 0xA7, 0x01, 0x26,
    0x01, 0x26, 0x01, 0x46, 0x01, 0x05, 0x01, 0x67, 0x09, 0xA8, 0x09, 0xA7, 0x01, 0x67, 0x01, 0x89,
    0x01, 0xA9, 0x0A, 0x0A, 0x02, 0x0B, 0x01, 0xEA, 0x02, 0x0A, 0x02, 0x4C, 0x02, 0xAD, 0x02, 0xCD,
    0x13, 0x0D, 0x2A, 0xEC, 0x02, 0x8D, 0x0A, 0x8C, 0x12, 0xAC, 0x23, 0x2D, 0x3B, 0x0C, 0x02, 0x6C,
    0x02, 0x6D, 0x02, 0x2C, 0x0A, 0x0A, 0x09, 0xE9, 0x02, 0x2A, 0x02, 0x4B, 0x12, 0x4A, 0x0A, 0xED,
    0x02, 0xCE, 0x02, 0x6C, 0x02, 0x6C, 0x0A, 0xCD, 0x02, 0x2D, 0x02, 0x4D, 0x01, 0xCB, 0x01, 0x8B,
    0x01, 0xCC, 0x02, 0x0D, 0x02, 0x4E, 0x02, 0xAF, 0x02, 0x4D, 0x01, 0xAA, 0x01, 0x8A, 0x0A, 0x2B,
    0x02, 0x2C, 0x0A, 0x8C, 0x23, 0x4E, 0x02, 0xCD, 0x01, 0xC9, 0x09, 0xA7, 0x09, 0x66, 0x01, 0x26,
    0x01, 0x67, 0x01, 0xA9, 0x01, 0xEA, 0x02, 0x6C, 0x03, 0x2F, 0x03, 0x0F, 0x04, 0x53, 0x05, 0x54,
    0x02, 0xCE, 0x02, 0xCD, 0x0C, 0xD2, 0x3D, 0x74, 0x34, 0xF3, 0x1B, 0xAE, 0x01, 0x06, 0x00, 0x63,
    0x00, 0x64, 0x01, 0x47, 0x01, 0x87, 0x00, 0x84, 0x00, 0x84, 0x01, 0x05, 0x00, 0xA4, 0x00, 0x85,
    0x01, 0x27, 0x01, 0xEA, 0x02, 0x0B, 0x01, 0xC9, 0x01, 0x47, 0x01, 0x27, 0x12, 0xAC, 0x43, 0x8E,
    0x33, 0x0D, 0x2B, 0xF1, 0x1B, 0xAF, 0x09, 0xE9, 0x01, 0x88, 0x01, 0xA8, 0x01, 0x27, 0x0A, 0x09,
    0x01, 0x24, 0x00, 0xC2, 0x01, 0x23, 0x00, 0xE3, 0x01, 0x04, 0x01, 0xA6, 0x01, 0x84, 0x09, 0x02,
    0x00, 0x80, 0x00, 0x60, 0x00, 0x61, 0x00, 0x62, 0x28, 0x46, 0x90, 0x33, 0xF0, 0x1E, 0xF8, 0x1F,
    0xF8, 0x1F, 0xF8, 0x1F, 0xF8, 0x1F, 0xF8, 0x1F, 0xF8, 0x1F, 0xF8, 0x1F, 0xF8, 0x1F, 0xF8, 0x1F,
    0xF8, 0x1F, 0xF8, 0x1F, 0xF8, 0x1F, 0xF8, 0x1F, 0xF8, 0x1F, 0xF8, 0x1F, 0xF8, 0x1F, 0xF8, 0x1F,
    0xF8, 0x1F, 0x90, 0x94, 0x01, 0x66, 0x01, 0x84, 0x01, 0x65, 0x01, 0x86, 0x01, 0x65, 0x01, 0x65,
    0x01, 0xE7, 0x02, 0x27, 0x01, 0x45, 0x00, 0xE3, 0x00, 0xC3, 0x00, 0xA2, 0x00, 0xC3, 0x00, 0xA3,
    0x00, 0x82, 0x00, 0xE4, 0x01, 0x65, 0x01, 0xC7, 0x02, 0x4C, 0x02, 0x2D, 0x02, 0x2D, 0x01, 0xCA,
    0x00, 0xC5, 0x00, 0xE6, 0x02, 0x0B, 0x02, 0xAC, 0x01, 0xC9, 0x01, 0x67, 0x01, 0x05, 0x01, 0xE9,
    0x02, 0x29, 0x01, 0x46, 0x09, 0x05, 0x00, 0x63, 0x00, 0xE5, 0x23, 0x8E, 0x1A, 0xAB, 0x01, 0x46,
    0x09, 0xC8, 0x09, 0xC8, 0x00, 0xE5, 0x01, 0x05, 0x01, 0x67, 0x01, 0x46, 0x01, 0x67, 0x09, 0xE9,
    0x1A, 0x08, 0x2A, 0x07, 0x01, 0xA9, 0x01, 0xCA, 0x01, 0xA9, 0x12, 0x4A, 0x02, 0x4B, 0x02, 0x8C,
    0x0A, 0x8C, 0x02, 0xAD, 0x02, 0x4C, 0x02, 0x6D, 0x02, 0x6D, 0x02, 0x4D, 0x02, 0x8D, 0x0A, 0x8C,
    0x1A, 0xED, 0x33, 0x6D, 0x53, 0x2B, 0x0A, 0x4B, 0x02, 0xAD, 0x02, 0x2B, 0x0A, 0x0A, 0x12, 0x4A,
    0x02, 0x6C, 0x02, 0x6C, 0x2A, 0x69, 0x1A, 0x8B, 0x02, 0x8C, 0x01, 0xA9, 0x0A, 0x4B, 0x0A, 0x2A,
    0x02, 0x6E, 0x02, 0x4D, 0x01, 0xEC, 0x01, 0xAB, 0x01, 0xCC, 0x02, 0x0D, 0x02, 0x2D, 0x02, 0x8E,
    0x02, 0x0C, 0x01, 0xAA, 0x01, 0xA9, 0x12, 0xAC, 0x0A, 0xAC, 0x12, 0xEE, 0x0B, 0x2E, 0x02, 0x8C,
    0x1A, 0x29, 0x19, 0xA6, 0x01, 0x26, 0x01, 0x06, 0x01, 0x68, 0x02, 0x0A, 0x02, 0x2B, 0x02, 0xCE,
    0x03, 0xD1, 0x14, 0x32, 0x0D, 0x15, 0x05, 0x75, 0x03, 0xB1, 0x03, 0x4F, 0x0C, 0x91, 0x14, 0x31,
    0x0B, 0xAF, 0x0A, 0xAB, 0x00, 0xE6, 0x00, 0xC5, 0x00, 0xA5, 0x01, 0xEA, 0x01, 0xC9, 0x00, 0xE5,
    0x00, 0xC4, 0x01, 0x05, 0x00, 0xA4, 0x00, 0x85, 0x01, 0x07, 0x01, 0xCA, 0x02, 0x2B, 0x01, 0x68,
    0x01, 0x27, 0x01, 0x89, 0x12, 0xED, 0x43, 0x8D, 0x2B, 0x4E, 0x2C, 0x10, 0x0A, 0xAC, 0x01, 0x08,
    0x01, 0x68, 0x01, 0xA9, 0x02, 0x0B, 0x0A, 0x6A, 0x01, 0x69, 0x01, 0xEA, 0x09, 0xEA, 0x02, 0x0B,
    0x12, 0xCD, 0x1A, 0xEC, 0x1A, 0x08, 0x11, 0x04, 0x00, 0xC4, 0x00, 0xC4, 0x00, 0xC3, 0x00, 0xC4,
    0x00, 0xE3, 0x00, 0xA1, 0x30, 0x28, 0xD0, 0x1A, 0xF8, 0x1F, 0xF8, 0x1F, 0xF8, 0x1F, 0xF8, 0x1F,
    0xF8, 0x1F, 0xF8, 0x1F, 0xF8, 0x1F, 0xF8, 0x1F, 0xF8, 0x1F, 0xF8, 0x1F, 0xF8, 0x1F, 0xF8, 0x1F,
    0xF8, 0x1F, 0xF8, 0x1F, 0xF8, 0x1F, 0xF8, 0x1F, 0xF8, 0x1F, 0xF8, 0x1F, 0xD0, 0x5C, 0x3A, 0x10,
    0x02, 0xCC, 0x02, 0x8D, 0x03, 0x2F, 0x03, 0x8F, 0x03, 0xAF, 0x02, 0xAD, 0x01, 0x69, 0x01, 0x28,
    0x01, 0x48, 0x01, 0x27, 0x01, 0x07, 0x01, 0x28, 0x01, 0x08, 0x01, 0x8A, 0x02, 0x0D, 0x0A, 0x2D,
    0x12, 0x8D, 0x02, 0x2C, 0x01, 0xEB, 0x01, 0x07, 0x01, 0x07, 0x02, 0x0B, 0x02, 0x4B, 0x01, 0xC9,
    0x01, 0x67, 0x01, 0x46, 0x01, 0x26, 0x01, 0x87, 0x01, 0xC7, 0x00, 0xE4, 0x00, 0x63, 0x00, 0x83,
    0x00, 0xE5, 0x12, 0x8B, 0x11, 0xE8, 0x00, 0x84, 0x09, 0xC8, 0x09, 0xA7, 0x01, 0x46, 0x01, 0x26,
    0x01, 0x66, 0x1A, 0x69, 0x32, 0xEB, 0x1A, 0x49, 0x09, 0xC8, 0x2A, 0x07, 0x09, 0xC9, 0x01, 0xC9,
    0x01, 0xA9, 0x02, 0x0A, 0x0A, 0x8B, 0x0A, 0x4B, 0x02, 0x4C, 0x02, 0x8E, 0x02, 0xAE, 0x02, 0x6D,
    0x02, 0x6D, 0x02, 0x8D, 0x0B, 0x4F, 0x0B, 0x0F, 0x02, 0xCD, 0x02, 0x8D, 0x02, 0x8C, 0x02, 0x8C,
    0x02, 0x4B, 0x02, 0x4C, 0x02, 0x2B, 0x02, 0x6C, 0x02, 0x8D, 0x02, 0x4B, 0x02, 0x6C, 0x01, 0xEA,
    0x01, 0x88, 0x01, 0x67, 0x01, 0x67, 0x01, 0x46, 0x02, 0x2D, 0x02, 0x2D, 0x01, 0xEC, 0x01, 0xAB,
    0x01, 0xCC, 0x02, 0x4D, 0x02, 0x4E, 0x02, 0x8E, 0x02, 0x0C, 0x01, 0x69, 0x01, 0xA9, 0x01, 0x89,
    0x02, 0x0B, 0x0A, 0xED, 0x0A, 0xAD, 0x0A, 0x4A, 0x2A, 0x48, 0x19, 0xE7, 0x01, 0x66, 0x01, 0x48,
    0x01, 0xA9, 0x02, 0x4C, 0x1C, 0x73, 0x2D, 0x35, 0x45, 0xF7, 0x66, 0x58, 0x56, 0x79, 0x36, 0x99,
    0x0D, 0x76, 0x03, 0xF2, 0x0C, 0x30, 0x03, 0x4E, 0x0A, 0xED, 0x02, 0x2A, 0x01, 0x27, 0x01, 0x06,
    0x00, 0xC5, 0x1B, 0xAF, 0x0B, 0x0C, 0x01, 0x06, 0x00, 0xC4, 0x01, 0x05, 0x00, 0xA4, 0x00, 0xA5,
    0x01, 0x28, 0x01, 0xCA, 0x02, 0x2A, 0x01, 0x27, 0x00, 0xC6, 0x01, 0xA9, 0x1A, 0xEC, 0x2A, 0xCC,
    0x2B, 0xB0, 0x1B, 0x8F, 0x01, 0xA9, 0x01, 0x67, 0x01, 0xA8, 0x01, 0xE9, 0x01, 0xEA, 0x01, 0x69,
    0x02, 0x0B, 0x02, 0xAD, 0x2B, 0x4E, 0x2B, 0xAF, 0x23, 0x8F, 0x12, 0xAA, 0x09, 0x86, 0x09, 0x24,
    0x11, 0x66, 0x01, 0x25, 0x01, 0x26, 0x01, 0x88, 0x00, 0xE5, 0x00, 0x63, 0x00, 0x41, 0x08, 0x63,
    0xA0, 0x55, 0xF8, 0x1F, 0xF8, 0x1F, 0xF8, 0x1F, 0xF8, 0x1F, 0xF8, 0x1F, 0xF8, 0x1F, 0xF8, 0x1F,
    0xF8, 0x1F, 0xF8, 0x1F, 0xF8, 0x1F, 0xF8, 0x1F, 0xF8, 0x1F, 0xF8, 0x1F, 0xF8, 0x1F, 0xF8, 0x1F,
    0xF8, 0x1F, 0xF8, 0x1F, 0xF8, 0x1F, 0xF0, 0x3F, 0x71, 0xB6, 0x04, 0x52, 0x05, 0x34, 0x03, 0x70,
    0x02, 0x2C, 0x01, 0xEB, 0x01, 0x89, 0x01, 0xCB, 0x01, 0xEB, 0x01, 0x8A, 0x01, 0xEC, 0x02, 0x4D,
    0x01, 0xEC, 0x01, 0xCC, 0x02, 0x4D, 0x02, 0x0C, 0x01, 0xEB, 0x02, 0x2C, 0x01, 0x47, 0x00, 0xA5,
    0x01, 0xEA, 0x02, 0x0A, 0x01, 0x88, 0x01, 0x68, 0x01, 0x67, 0x01, 0x26, 0x01, 0x46, 0x01, 0x46,
    0x00, 0xA3, 0x00, 0x00, 0x00, 0xA4, 0x00, 0xC4, 0x00, 0xA4, 0x00, 0xA4, 0x00, 0x63, 0x00, 0x83,
    0x00, 0x83, 0x00, 0xA4, 0x00, 0xE5, 0x09, 0x86, 0x22, 0x07, 0x32, 0xA9, 0x22, 0x8A, 0x02, 0x0A,
    0x01, 0xEA, 0x01, 0xA9, 0x12, 0x29, 0x19, 0xC8, 0x01, 0xCA, 0x1A, 0xAC, 0x02, 0x4C, 0x02, 0x4C,
    0x02, 0xCF, 0x03, 0x0F, 0x02, 0xAD, 0x02, 0x6C, 0x02, 0x6D, 0x02, 0x4D, 0x02, 0x4C, 0x02, 0x6C,
    0x02, 0x2B, 0x02, 0x4B, 0x01, 0xCA, 0x01, 0xEA, 0x02, 0x4C, 0x02, 0x4C, 0x0A, 0x6C, 0x02, 0x4C,
    0x02, 0x4B, 0x01, 0x88, 0x12, 0x29, 0x09, 0xA8, 0x01, 0x47, 0x01, 0x26, 0x01, 0xA8, 0x01, 0x47,
    0x01, 0xEC, 0x02, 0x0D, 0x01, 0xCC, 0x01, 0xAB, 0x01, 0xEC, 0x02, 0x4D, 0x02, 0x8E, 0x02, 0x6E,
    0x02, 0x0B, 0x01, 0x48, 0x01, 0xA9, 0x01, 0xAA, 0x0A, 0x4B, 0x1B, 0x0D, 0x0A, 0x8B, 0x0A, 0x09,
    0x2A, 0x28, 0x11, 0x87, 0x01, 0x27, 0x01, 0x27, 0x01, 0xCB, 0x1C, 0xB4, 0x3E, 0x15, 0x25, 0x14,
    0x3D, 0xB6, 0x66, 0xB9, 0x6E, 0xFA, 0x77, 0x5B, 0x3E, 0xB9, 0x04, 0x93, 0x03, 0xB0, 0x03, 0x0D,
    0x02, 0x6B, 0x01, 0xA8, 0x01, 0x06, 0x00, 0xC5, 0x00, 0x23, 0x0A, 0x09, 0x0B, 0x2C, 0x02, 0x09,
    0x00, 0xE5, 0x01, 0x26, 0x00, 0xC5, 0x00, 0x84, 0x01, 0x07, 0x01, 0xEA, 0x02, 0x6B, 0x01, 0xA8,
    0x00, 0xE6, 0x01, 0xA9, 0x1A, 0xCC, 0x22, 0xED, 0x34, 0x11, 0x2B, 0x4D, 0x09, 0xA8, 0x01, 0xA8,
    0x01, 0xA8, 0x01, 0xEA, 0x01, 0xEA, 0x01, 0x69, 0x02, 0x0B, 0x02, 0xCE, 0x2B, 0xCF, 0x33, 0x4D,
    0x42, 0xEA, 0x09, 0x86, 0x01, 0x24, 0x09, 0x44, 0x09, 0x65, 0x01, 0x47, 0x01, 0xA8, 0x01, 0x26,
    0x00, 0x43, 0x00, 0x63, 0x01, 0x47, 0x01, 0x46, 0x00, 0xC2, 0x60, 0x6E, 0xF0, 0x1E, 0xF8, 0x1F,
    0xF8, 0x1F, 0xF8, 0x1F, 0xF8, 0x1F, 0xF8, 0x1F, 0xF8, 0x1F, 0xF8, 0x1F, 0xF8, 0x1F, 0xF8, 0x1F,
    0xF8, 0x1F, 0xF8, 0x1F, 0xF8, 0x1F, 0xF8, 0x1F, 0xF8, 0x1F, 0xF8, 0x1F, 0xF8, 0x1F, 0xF8, 0x1F,
    0xF8, 0x1F, 0xB1, 0x9C, 0x13, 0xD2, 0x02, 0xAC, 0x01, 0x8A, 0x01, 0x69, 0x01, 0x89, 0x02, 0x0B,
    0x01, 0xCA, 0x01, 0xCB, 0x02, 0xAE, 0x02, 0x4E, 0x02, 0x2D, 0x01, 0xEC, 0x02, 0x2C, 0x02, 0x0B,
    0x01, 0xC9, 0x01, 0x47, 0x00, 0x85, 0x01, 0x68, 0x01, 0xE9, 0x01, 0x47, 0x01, 0x87, 0x01, 0x26,
    0x00, 0xE5, 0x01, 0x26, 0x01, 0x46, 0x00, 0xE4, 0x00, 0xC4, 0x00, 0xE4, 0x00, 0x83, 0x00, 0x63,
    0x00, 0x63, 0x00, 0x43, 0x00, 0x84, 0x00, 0xE5, 0x00, 0xC5, 0x09, 0x86, 0x09, 0x86, 0x01, 0x86,
    0x22, 0x69, 0x12, 0x09, 0x01, 0xCA, 0x0A, 0x0A, 0x1A, 0x09, 0x01, 0xEA, 0x12, 0x4A, 0x11, 0xC8,
    0x02, 0x4B, 0x02, 0x6C, 0x02, 0xAE, 0x03, 0x90, 0x03, 0x91, 0x03, 0x50, 0x02, 0x6D, 0x02, 0x0C,
    0x02, 0x8D, 0x02, 0x4C, 0x01, 0xEB, 0x01, 0xEB, 0x01, 0xEB, 0x0A, 0x2A, 0x02, 0x0A, 0x02, 0x2B,
    0x02, 0x0B, 0x1A, 0xCD, 0x22, 0xEC, 0x01, 0x68, 0x01, 0x88, 0x01, 0x47, 0x00, 0xE5, 0x01, 0x47,
    0x01, 0x26, 0x01, 0x06, 0x01, 0x26, 0x01, 0x88, 0x02, 0x2D, 0x01, 0xEC, 0x01, 0xEB, 0x01, 0xEC,
    0x02, 0x0C, 0x02, 0x2D, 0x02, 0x6E, 0x02, 0x2D, 0x01, 0xAA, 0x01, 0x48, 0x01, 0x89, 0x01, 0xCA,
    0x02, 0xAC, 0x12, 0xED, 0x02, 0x2B, 0x01, 0xC9, 0x09, 0xA7, 0x01, 0x06, 0x01, 0x06, 0x00, 0xC6,
    0x03, 0x10, 0x3D, 0xF6, 0x0B, 0xB0, 0x02, 0x0D, 0x02, 0xAF, 0x1D, 0x97, 0x5E, 0xDA, 0x6F, 0x5B,
    0x3E, 0xD9, 0x04, 0x94, 0x04, 0x11, 0x02, 0x8C, 0x02, 0x0A, 0x0A, 0x4A, 0x01, 0x28, 0x01, 0x27,
    0x00, 0x84, 0x00, 0x44, 0x01, 0xA7, 0x02, 0x08, 0x00, 0xE5, 0x01, 0x26, 0x01, 0x05, 0x00, 0x64,
    0x00, 0xE6, 0x01, 0xA9, 0x02, 0x4B, 0x01, 0xE9, 0x01, 0x07, 0x01, 0xCA, 0x23, 0x2D, 0x5B, 0xAD,
    0x23, 0xD0, 0x02, 0x2B, 0x01, 0x89, 0x01, 0xC9, 0x01, 0xEB, 0x02, 0xAD, 0x02, 0x0A, 0x01, 0x69,
    0x02, 0x0B, 0x13, 0x8F, 0x2B, 0x8F, 0x22, 0xCB, 0x21, 0xC6, 0x01, 0x04, 0x09, 0x24, 0x01, 0x04,
    0x01, 0x26, 0x01, 0xA8, 0x01, 0x87, 0x00, 0x63, 0x00, 0x63, 0x01, 0xE9, 0x02, 0x6B, 0x01, 0x67,
    0x01, 0x26, 0x00, 0xA1, 0x28, 0x67, 0xC8, 0x3A, 0xF8, 0x1F, 0xF8, 0x1F, 0xF8, 0x1F, 0xF8, 0x1F,
    0xF8, 0x1F, 0xF8, 0x1F, 0xF8, 0x1F, 0xF8, 0x1F, 0xF8, 0x1F, 0xF8, 0x1F, 0xF8, 0x1F, 0xF8, 0x1F,
    0xF8, 0x1F, 0xF8, 0x1F, 0xF8, 0x1F, 0xF8, 0x1F, 0xF8, 0x1F, 0xF8, 0x1F, 0xE0, 0x5D, 0x41, 0x70,
    0x01, 0xC8, 0x01, 0xA9, 0x01, 0x69, 0x01, 0x89, 0x01, 0x6A, 0x01, 0xAB, 0x02, 0x4D, 0x02, 0x4D,
    0x01, 0xEC, 0x01, 0xEC, 0x02, 0x2B, 0x01, 0x67, 0x00, 0xC4, 0x00, 0x84, 0x01, 0x89, 0x02, 0x4A,
    0x01, 0x47, 0x00, 0xE5, 0x01, 0x87, 0x01, 0x46, 0x00, 0xE5, 0x00, 0xA4, 0x00, 0xA3, 0x21, 0x22,
    0x09, 0x24, 0x00, 0xC4, 0x00, 0x83, 0x00, 0x83, 0x01, 0x05, 0x00, 0xC5, 0x01, 0x05, 0x01, 0x26,
    0x01, 0xA8, 0x12, 0x08, 0x09, 0xE8, 0x01, 0xA8, 0x01, 0xA9, 0x01, 0xA9, 0x01, 0xCA, 0x12, 0x2A,
    0x1A, 0xCC, 0x02, 0xAD, 0x0A, 0xAD, 0x12, 0xAC, 0x02, 0x6C, 0x02, 0x2C, 0x02, 0xAE, 0x03, 0x2F,
    0x03, 0x2F, 0x02, 0xAE, 0x02, 0x2C, 0x02, 0x0C, 0x01, 0xEB, 0x02, 0x4C, 0x02, 0xCE, 0x02, 0x6D,
    0x02, 0x4C, 0x0A, 0xED, 0x0A, 0xAD, 0x02, 0x6C, 0x01, 0xA9, 0x23, 0x4E, 0x1B, 0x4E, 0x01, 0xE9,
    0x01, 0x67, 0x01, 0x67, 0x01, 0x26, 0x01, 0x47, 0x01, 0x88, 0x01, 0xC9, 0x09, 0xE9, 0x09, 0xE9,
    0x02, 0x0D, 0x02, 0x0C, 0x01, 0xCB, 0x01, 0xCB, 0x02, 0x0C, 0x02, 0x0D, 0x02, 0x8E, 0x02, 0x4D,
    0x01, 0xAA, 0x01, 0x89, 0x01, 0x89, 0x01, 0xEB, 0x0A, 0xCD, 0x02, 0xAD, 0x02, 0x2B, 0x01, 0xC9,
    0x01, 0x66, 0x01, 0x06, 0x01, 0x26, 0x01, 0x28, 0x14, 0x12, 0x1C, 0x91, 0x02, 0x0C, 0x01, 0x49,
    0x02, 0x2D, 0x15, 0x36, 0x5E, 0xDA, 0x77, 0x5B, 0x3E, 0xB9, 0x04, 0xD5, 0x0C, 0x92, 0x02, 0x8D,
    0x02, 0x0C, 0x02, 0xED, 0x01, 0xEA, 0x01, 0xC9, 0x01, 0x88, 0x00, 0x23, 0x00, 0x63, 0x01, 0x46,
    0x00, 0xC4, 0x01, 0x26, 0x01, 0x05, 0x00, 0x44, 0x00, 0xE6, 0x01, 0x88, 0x02, 0x4B, 0x01, 0xC9,
    0x00, 0xE7, 0x01, 0xEA, 0x0B, 0x0E, 0x33, 0xF0, 0x13, 0x4E, 0x01, 0x89, 0x01, 0xA9, 0x02, 0x4B,
    0x0B, 0x4F, 0x03, 0x0E, 0x01, 0xCA, 0x01, 0xA9, 0x02, 0x8D, 0x13, 0x4E, 0x1A, 0xEC, 0x1A, 0x08,
    0x09, 0x45, 0x09, 0x23, 0x01, 0x04, 0x01, 0x05, 0x01, 0xC9, 0x01, 0xC9, 0x00, 0xC4, 0x00, 0x83,
    0x01, 0x06, 0x02, 0x2B, 0x02, 0x0A, 0x01, 0xA9, 0x01, 0x06, 0x00, 0xA4, 0x00, 0xC3, 0x00, 0xA2,
    0x90, 0x33, 0xF8, 0x1F, 0xF8, 0x1F, 0xF8, 0x1F, 0xF8, 0x1F, 0xF8, 0x1F, 0xF8, 0x1F, 0xF8, 0x1F,
    0xF8, 0x1F, 0xF8, 0x1F, 0xF8, 0x1F, 0xF8, 0x1F, 0xF8, 0x1F, 0xF8, 0x1F, 0xF8, 0x1F, 0xF8, 0x1F,
    0xF8, 0x1F, 0xF8, 0x1F, 0xF8, 0x1F, 0xF8, 0x1F, 0x80, 0xD5, 0x01, 0x69, 0x01, 0x48, 0x01, 0x4A,
    0x01, 0x8B, 0x02, 0x0C, 0x02, 0x2C, 0x02, 0x2D, 0x02, 0x4D, 0x01, 0xEA, 0x01, 0x26, 0x00, 0x63,
    0x41, 0x83, 0x09, 0x88, 0x02, 0x2B, 0x02, 0x09, 0x01, 0x26, 0x00, 0xC5, 0x01, 0x26, 0x00, 0xE5,
    0x01, 0x67, 0x00, 0xE4, 0x00, 0x82, 0x29, 0x22, 0x08, 0xC3, 0x00, 0xA4, 0x00, 0xA3, 0x00, 0xC4,
    0x01, 0x26, 0x01, 0x46, 0x01, 0x87, 0x01, 0x67, 0x01, 0xA9, 0x09, 0xA8, 0x09, 0xC8, 0x01, 0xCA,
    0x01, 0xEB, 0x02, 0x6C, 0x02, 0xCD, 0x02, 0xCD, 0x02, 0xAD, 0x02, 0x6C, 0x0A, 0x0B, 0x12, 0x0B,
    0x01, 0xEB, 0x01, 0xEB, 0x02, 0x2C, 0x02, 0x6C, 0x02, 0x0C, 0x02, 0x2C, 0x02, 0x0B, 0x02, 0x0C,
    0x02, 0x0B, 0x02, 0xAE, 0x02, 0xCE, 0x02, 0x8D, 0x02, 0xAD, 0x02, 0x6C, 0x02, 0x2B, 0x1A, 0x6A,
    0x01, 0x47, 0x01, 0x06, 0x01, 0xA9, 0x01, 0x67, 0x01, 0x47, 0x01, 0x88, 0x01, 0xE9, 0x01, 0xA8,
    0x01, 0xE9, 0x0A, 0x6A, 0x12, 0x8B, 0x0A, 0x6B, 0x01, 0xAB, 0x01, 0xAB, 0x01, 0xAB, 0x01, 0xCB,
    0x02, 0x0C, 0x02, 0x2D, 0x03, 0x4F, 0x02, 0xAD, 0x01, 0x8A, 0x01, 0x89, 0x01, 0xC9, 0x22, 0x8B,
    0x1A, 0xEC, 0x02, 0x6C, 0x02, 0x2B, 0x01, 0xC8, 0x01, 0x05, 0x01, 0x26, 0x01, 0x47, 0x01, 0x49,
    0x14, 0x12, 0x0B, 0xAF, 0x01, 0x69, 0x01, 0x49, 0x03, 0x10, 0x3E, 0x17, 0x4E, 0x79, 0x6F, 0x5B,
    0x3E, 0xB9, 0x04, 0xD4, 0x03, 0x90, 0x02, 0x8D, 0x0B, 0x0E, 0x03, 0x4E, 0x01, 0xEA, 0x01, 0x07,
    0x01, 0x47, 0x00, 0x64, 0x00, 0x22, 0x00, 0xE4, 0x00, 0xA4, 0x01, 0x05, 0x01, 0x25, 0x00, 0x84,
    0x01, 0x07, 0x01, 0x89, 0x02, 0x4B, 0x01, 0xC9, 0x01, 0x08, 0x02, 0x6C, 0x0B, 0x2E, 0x43, 0x8D,
    0x12, 0x8B, 0x01, 0x27, 0x01, 0x68, 0x02, 0x4C, 0x4D, 0x34, 0x23, 0xF0, 0x01, 0xA9, 0x01, 0xAA,
    0x0B, 0x2F, 0x1B, 0x4E, 0x12, 0x49, 0x11, 0x45, 0x01, 0x03, 0x39, 0x61, 0x09, 0x25, 0x01, 0x88,
    0x02, 0x09, 0x01, 0x06, 0x00, 0xA5, 0x01, 0xA8, 0x01, 0xCA, 0x01, 0xEA, 0x02, 0x4A, 0x01, 0xA8,
    0x01, 0x47, 0x01, 0x47, 0x01, 0x45, 0x18, 0xA7, 0x98, 0x34, 0xF8, 0x1F, 0xF8, 0x1F, 0xF8, 0x1F,
    0xF8, 0x1F, 0xF8, 0x1F, 0xF8, 0x1F, 0xF8, 0x1F, 0xF8, 0x1F, 0xF8, 0x1F, 0xF8, 0x1F, 0xF8, 0x1F,
    0xF8, 0x1F, 0xF8, 0x1F, 0xF8, 0x1F, 0xF8, 0x1F, 0xF8, 0x1F, 0xF8, 0x1F, 0xF8, 0x1F, 0xF8, 0x1F,
    0xF8, 0x1F, 0xC0, 0x7A, 0x21, 0xAE, 0x02, 0x0B, 0x02, 0x0C, 0x02, 0x2B, 0x02, 0x2B, 0x02, 0x0B,
    0x01, 0x88, 0x00, 0xC5, 0x00, 0xE6, 0x01, 0x88, 0x09, 0xEA, 0x02, 0x4B, 0x02, 0x0A, 0x00, 0xE5,
    0x00, 0xE5, 0x00, 0xC4, 0x00, 0xC5, 0x00, 0x83, 0x00, 0xC4, 0x01, 0x05, 0x00, 0xA4, 0x00, 0x84,
    0x00, 0xA4, 0x00, 0xA4, 0x00, 0xE5, 0x01, 0x26, 0x01, 0x27, 0x01, 0x47, 0x01, 0xA9, 0x01, 0xC9,
    0x01, 0xEA, 0x01, 0xC9, 0x01, 0xA9, 0x0A, 0x2A, 0x02, 0xAC, 0x13, 0x0E, 0x1A, 0xAC, 0x02, 0x2C,
    0x01, 0xCA, 0x01, 0x89, 0x01, 0xAA, 0x01, 0x69, 0x02, 0x0C, 0x02, 0x0C, 0x02, 0x0B, 0x02, 0x0C,
    0x02, 0x0C, 0x02, 0x0B, 0x02, 0x8D, 0x02, 0xEE, 0x02, 0x8E, 0x02, 0xAE, 0x02, 0x4C, 0x01, 0xEA,
    0x01, 0xA9, 0x01, 0xC9, 0x01, 0xC8, 0x22, 0x07, 0x09, 0x87, 0x01, 0xA8, 0x01, 0x67, 0x01, 0x26,
    0x01, 0x47, 0x01, 0xC8, 0x01, 0xC9, 0x02, 0x09, 0x01, 0xC9, 0x0A, 0x4A, 0x01, 0xA8, 0x0A, 0x09,
    0x01, 0x8A, 0x01, 0xAB, 0x01, 0xEC, 0x02, 0x2C, 0x02, 0x0C, 0x02, 0x4D, 0x02, 0xEF, 0x02, 0x6D,
    0x01, 0x8A, 0x01, 0x89, 0x01, 0xCA, 0x12, 0xCD, 0x0A, 0xEE, 0x02, 0x4C, 0x01, 0xEA, 0x01, 0x66,
    0x00, 0xC5, 0x01, 0x88, 0x01, 0x47, 0x01, 0xEB, 0x14, 0x11, 0x0A, 0xCC, 0x01, 0x08, 0x01, 0xEC,
    0x2C, 0xF4, 0x25, 0x14, 0x1D, 0xB7, 0x6F, 0x7B, 0x3E, 0xB9, 0x04, 0xF4, 0x03, 0x4F, 0x02, 0x8D,
    0x02, 0xED, 0x03, 0x0E, 0x02, 0x0B, 0x00, 0xE7, 0x01, 0x06, 0x00, 0xE5, 0x00, 0x63, 0x00, 0x22,
    0x00, 0x63, 0x00, 0xE5, 0x01, 0x05, 0x00, 0x85, 0x01, 0x27, 0x01, 0xCA, 0x02, 0x4B, 0x01, 0xA9,
    0x01, 0x68, 0x1B, 0x0D, 0x0B, 0x2E, 0x3B, 0x4C, 0x3A, 0x69, 0x01, 0x68, 0x01, 0xC9, 0x02, 0x4C,
    0x45, 0x34, 0x23, 0xAF, 0x01, 0x8A, 0x02, 0x4C, 0x13, 0x6F, 0x22, 0xCB, 0x09, 0x46, 0x01, 0x04,
    0x00, 0xE3, 0x00, 0xE4, 0x01, 0x67, 0x01, 0x67, 0x00, 0xC4, 0x00, 0xA5, 0x02, 0x0A, 0x02, 0x0A,
    0x02, 0x0B, 0x01, 0xEA, 0x01, 0xA9, 0x01, 0x88, 0x01, 0xA7, 0x09, 0xCB, 0x78, 0xD3, 0xF0, 0x1E,
    0xF8, 0x1F, 0xF8, 0x1F, 0xF8, 0x1F, 0xF8, 0x1F, 0xF8, 0x1F, 0xF8, 0x1F, 0xF8, 0x1F, 0xF8, 0x1F,
    0xF8, 0x1F, 0xF8, 0x1F, 0xF8, 0x1F, 0xF8, 0x1F, 0xF8, 0x1F, 0xF8, 0x1F, 0xF8, 0x1F, 0xF8, 0x1F,
    0xF8, 0x1F, 0xF8, 0x1F, 0xF8, 0x1F, 0xF8, 0x1F, 0xF8, 0x1F, 0xF8, 0x1F, 0xE8, 0x3E, 0x59, 0x73,
    0x01, 0xE9, 0x01, 0x68, 0x01, 0x27, 0x00, 0xC5, 0x00, 0xC5, 0x01, 0x89, 0x02, 0x8C, 0x43, 0x0A,
    0x73, 0x68, 0x0A, 0x2A, 0x01, 0x67, 0x00, 0xC4, 0x01, 0x25, 0x00, 0xA4, 0x00, 0x83, 0x00, 0x63,
    0x00, 0x42, 0x00, 0x83, 0x00, 0xE4, 0x00, 0xC4, 0x00, 0xC5, 0x01, 0x87, 0x12, 0x08, 0x01, 0x47,
    0x01, 0x68, 0x01, 0xC9, 0x01, 0xA9, 0x01, 0x68, 0x01, 0x89, 0x02, 0x0B, 0x12, 0x8C, 0x0A, 0xAC,
    0x02, 0x2C, 0x02, 0x0B, 0x02, 0x0B, 0x01, 0xEB, 0x01, 0xEA, 0x02, 0x0B, 0x02, 0x2B, 0x01, 0xCA,
    0x02, 0x2B, 0x12, 0x2B, 0x0A, 0x2B, 0x02, 0x0C, 0x01, 0xEB, 0x01, 0xCA, 0x02, 0x4C, 0x02, 0xCE,
    0x02, 0x8D, 0x02, 0x2C, 0x02, 0x2B, 0x01, 0xA8, 0x01, 0x88, 0x01, 0xA8, 0x01, 0x67, 0x01, 0x06,
    0x01, 0x06, 0x01, 0x47, 0x01, 0xC8, 0x0A, 0x29, 0x01, 0xA8, 0x01, 0xE9, 0x01, 0xC9, 0x01, 0xC9,
    0x12, 0xAC, 0x0A, 0x2A, 0x0A, 0x4A, 0x01, 0xC9, 0x01, 0xCC, 0x01, 0xAB, 0x01, 0xAC, 0x01, 0xCB,
    0x01, 0xCB, 0x02, 0x2D, 0x02, 0xCE, 0x01, 0xEC, 0x01, 0x69, 0x01, 0x89, 0x01, 0xEA, 0x0A, 0xCD,
    0x0A, 0xED, 0x02, 0x6C, 0x01, 0xC9, 0x01, 0x06, 0x00, 0xE6, 0x01, 0xC9, 0x01, 0x07, 0x02, 0x2B,
    0x03, 0x8E, 0x01, 0xA9, 0x01, 0x69, 0x13, 0xF1, 0x14, 0x31, 0x02, 0xEF, 0x25, 0xB7, 0x77, 0x7B,
    0x3E, 0xD9, 0x05, 0x76, 0x03, 0x4F, 0x01, 0xEA, 0x02, 0x8C, 0x02, 0xEE, 0x02, 0x6C, 0x01, 0x89,
    0x01, 0x27, 0x00, 0xE5, 0x00, 0xE4, 0x00, 0x42, 0x00, 0x42, 0x00, 0xC4, 0x00, 0xA4, 0x00, 0xA5,
    0x01, 0x27, 0x01, 0xEA, 0x02, 0x8B, 0x01, 0xA9, 0x09, 0x88, 0x2A, 0xEC, 0x23, 0x4E, 0x13, 0x2E,
    0x0A, 0x2A, 0x01, 0x88, 0x01, 0x47, 0x02, 0x2C, 0x1B, 0x8F, 0x02, 0x4C, 0x02, 0x8D, 0x0B, 0x4F,
    0x12, 0xEC, 0x11, 0xE7, 0x01, 0x25, 0x09, 0x24, 0x00, 0xE4, 0x01, 0x46, 0x01, 0x26, 0x00, 0xA4,
    0x00, 0x64, 0x01, 0x89, 0x02, 0x0A, 0x01, 0xEA, 0x02, 0x0A, 0x01, 0xA9, 0x01, 0xC8, 0x02, 0x0A,
    0x51, 0x51, 0xD8, 0x3C, 0xF8, 0x1F, 0xF8, 0x1F, 0xF8, 0x1F, 0xF8, 0x1F, 0xF8, 0x1F, 0xF8, 0x1F,
    0xF8, 0x1F, 0xF8, 0x1F, 0xF8, 0x1F, 0xF8, 0x1F, 0xF8, 0x1F, 0xF8, 0x1F, 0xF8, 0x1F, 0xF8, 0x1F,
    0xF8, 0x1F, 0xF8, 0x1F, 0xF8, 0x1F, 0xF8, 0x1F, 0xF8, 0x1F, 0xF8, 0x1F, 0xF8, 0x1F, 0xF8, 0x1F,
    0xF8, 0x1F, 0xF8, 0x1F, 0xF8, 0x1F, 0xF8, 0x1F, 0x98, 0x96, 0x09, 0x07, 0x00, 0xE5, 0x01, 0x48,
    0x02, 0x0A, 0x02, 0x2B, 0x02, 0x2B, 0x22, 0x28, 0x21, 0xA6, 0x00, 0xE5, 0x00, 0xA4, 0x00, 0x84,
    0x01, 0x05, 0x00, 0xC3, 0x00, 0x83, 0x00, 0x63, 0x00, 0xA4, 0x00, 0xE5, 0x01, 0x05, 0x01, 0x26,
    0x01, 0x26, 0x01, 0x66, 0x01, 0x67, 0x01, 0x68, 0x02, 0x0A, 0x01, 0xEA, 0x09, 0xA9, 0x01, 0xC9,
    0x02, 0x4B, 0x02, 0xCD, 0x02, 0x6C, 0x02, 0x0B, 0x01, 0x69, 0x01, 0xCA, 0x01, 0xEA, 0x02, 0x0B,
    0x02, 0x0C, 0x01, 0xEB, 0x01, 0xA9, 0x01, 0x28, 0x01, 0xAA, 0x0A, 0x0A, 0x01, 0xEB, 0x01, 0xEA,
    0x01, 0xEA, 0x01, 0xC9, 0x01, 0xCA, 0x02, 0x2A, 0x01, 0x89, 0x01, 0xA9, 0x01, 0xC9, 0x01, 0x88,
    0x01, 0x47, 0x01, 0x47, 0x01, 0x47, 0x01, 0x06, 0x01, 0x26, 0x01, 0x87, 0x01, 0xC9, 0x01, 0xE9,
    0x0A, 0x29, 0x01, 0xC9, 0x0A, 0x0A, 0x02, 0x6B, 0x0A, 0x8B, 0x01, 0xE9, 0x01, 0x88, 0x02, 0x2A,
    0x02, 0x0C, 0x01, 0xEB, 0x01, 0xEB, 0x09, 0xEB, 0x01, 0xCB, 0x02, 0x4D, 0x02, 0x6D, 0x01, 0xAA,
    0x01, 0x69, 0x01, 0x89, 0x09, 0xEA, 0x3A, 0xEB, 0x1A, 0xCC, 0x02, 0x2B, 0x01, 0xA8, 0x01, 0x26,
    0x01, 0x06, 0x01, 0x67, 0x01, 0x07, 0x02, 0x2B, 0x03, 0x0D, 0x01, 0x69, 0x02, 0x0C, 0x14, 0x51,
    0x0A, 0xAC, 0x03, 0x10, 0x46, 0x99, 0x6F, 0x7B, 0x67, 0x5B, 0x1E, 0x17, 0x02, 0xCE, 0x01, 0x89,
    0x01, 0xEA, 0x01, 0xEA, 0x01, 0xEA, 0x01, 0x48, 0x00, 0xA5, 0x00, 0xC4, 0x00, 0xA3, 0x00, 0x63,
    0x00, 0x63, 0x00, 0xC4, 0x00, 0xA4, 0x00, 0xC6, 0x01, 0x47, 0x12, 0x09, 0x2A, 0x8A, 0x01, 0xA8,
    0x01, 0x68, 0x1A, 0xAC, 0x23, 0x4E, 0x0A, 0x8B, 0x01, 0xA9, 0x01, 0x68, 0x09, 0x68, 0x0A, 0x8C,
    0x02, 0x6B, 0x01, 0x8A, 0x0B, 0x0E, 0x1B, 0xAF, 0x22, 0x69, 0x09, 0x04, 0x01, 0x45, 0x01, 0x45,
    0x01, 0x67, 0x01, 0x46, 0x00, 0x43, 0x00, 0x03, 0x01, 0x48, 0x02, 0x2B, 0x01, 0xEA, 0x01, 0xA9,
    0x01, 0x87, 0x01, 0xC8, 0x31, 0x8E, 0xB8, 0x9A, 0xF8, 0x1F, 0xF8, 0x1F, 0xF8, 0x1F, 0xF8, 0x1F,
    0xF8, 0x1F, 0xF8, 0x1F, 0xF8, 0x1F, 0xF8, 0x1F, 0xF8, 0x1F, 0xF8, 0x1F, 0xF8, 0x1F, 0xF8, 0x1F,
    0xF8, 0x1F, 0xF8, 0x1F, 0xF8, 0x1F, 0xF8, 0x1F, 0xF8, 0x1F, 0xF8, 0x1F, 0xF8, 0x1F, 0xF8, 0x1F,
    0xF8, 0x1F, 0xF8, 0x1F, 0xF8, 0x1F, 0xF8, 0x1F, 0xF8, 0x1F, 0xF8, 0x1F, 0xF8, 0x1F, 0xF8, 0x1F,
    0xF8, 0x1F, 0xD0, 0x3B, 0x31, 0x6E, 0x01, 0xE8, 0x01, 0x88, 0x01, 0x47, 0x01, 0x26, 0x01, 0x67,
    0x01, 0x06, 0x01, 0x05, 0x00, 0xC4, 0x00, 0x83, 0x00, 0x63, 0x00, 0xC5, 0x01, 0x26, 0x01, 0x05,
    0x00, 0xA4, 0x01, 0x05, 0x00, 0xC5, 0x01, 0x67, 0x01, 0xA8, 0x01, 0x47, 0x01, 0x27, 0x01, 0xA9,
    0x01, 0xEA, 0x01, 0xC9, 0x12, 0x6B, 0x02, 0xAD, 0x02, 0x8D, 0x02, 0x0B, 0x01, 0xCA, 0x01, 0xEA,
    0x02, 0x0B, 0x02, 0x2B, 0x01, 0xEB, 0x01, 0xCB, 0x02, 0x2B, 0x01, 0xEB, 0x01, 0xEA, 0x01, 0xA9,
    0x01, 0xA9, 0x09, 0xE9, 0x01, 0xE9, 0x01, 0x47, 0x01, 0xA8, 0x01, 0x67, 0x01, 0x47, 0x01, 0xA8,
    0x01, 0x67, 0x01, 0x26, 0x01, 0x67, 0x01, 0x67, 0x01, 0x46, 0x01, 0x26, 0x01, 0x47, 0x01, 0x47,
    0x01, 0x67, 0x01, 0xA8, 0x0A, 0x0A, 0x0A, 0x2A, 0x0A, 0x2A, 0x02, 0x0A, 0x02, 0x0A, 0x02, 0x0A,
    0x01, 0xEA, 0x02, 0x0A, 0x01, 0xE9, 0x02, 0x2B, 0x02, 0x4D, 0x02, 0x0C, 0x02, 0x2C, 0x02, 0x0B,
    0x02, 0x4D, 0x02, 0xAE, 0x02, 0x4C, 0x01, 0xA9, 0x01, 0x89, 0x01, 0xAA, 0x01, 0xEA, 0x0A, 0xED,
    0x22, 0xEC, 0x12, 0x2A, 0x01, 0x88, 0x01, 0x46, 0x01, 0x05, 0x01, 0x06, 0x01, 0x28, 0x02, 0x4B,
    0x02, 0x8B, 0x01, 0x27, 0x0A, 0x0B, 0x1B, 0xCF, 0x02, 0x6D, 0x24, 0xB4, 0x6F, 0x1A, 0x6F, 0x5B,
    0x77, 0x7B, 0x36, 0x17, 0x02, 0xCE, 0x01, 0xA9, 0x01, 0xC9, 0x02, 0x0A, 0x02, 0x8C, 0x01, 0xC9,
    0x00, 0xE6, 0x00, 0xE5, 0x00, 0xA4, 0x00, 0x84, 0x00, 0xA4, 0x00, 0xE4, 0x00, 0xC4, 0x00, 0xC6,
    0x01, 0x68, 0x01, 0xEA, 0x0A, 0x2A, 0x01, 0x48, 0x09, 0x68, 0x2A, 0xCC, 0x23, 0x0C, 0x09, 0xE9,
    0x01, 0x67, 0x01, 0x47, 0x09, 0xA8, 0x02, 0x2A, 0x01, 0xA9, 0x0A, 0x2B, 0x2B, 0xAF, 0x32, 0xEB,
    0x29, 0xA5, 0x11, 0x24, 0x01, 0x04, 0x01, 0x05, 0x01, 0x67, 0x00, 0x84, 0x00, 0x63, 0x01, 0x47,
    0x02, 0x2A, 0x02, 0x0B, 0x01, 0xC9, 0x01, 0x86, 0x19, 0x8B, 0x90, 0xD7, 0xF8, 0x1F, 0xF8, 0x1F,
    0xF8, 0x1F, 0xF8, 0x1F, 0xF8, 0x1F, 0xF8, 0x1F, 0xF8, 0x1F, 0xF8, 0x1F, 0xF8, 0x1F, 0xF8, 0x1F,
    0xF8, 0x1F, 0xF8, 0x1F, 0xF8, 0x1F, 0xF8, 0x1F, 0xF8, 0x1F, 0xF8, 0x1F, 0xF8, 0x1F, 0xF8, 0x1F,
    0xF8, 0x1F, 0xF8, 0x1F, 0xF8, 0x1F, 0xF8, 0x1F, 0xF8, 0x1F, 0xF8, 0x1F, 0xF8, 0x1F, 0xF8, 0x1F,
    0xF8, 0x1F, 0xF8, 0x1F, 0xF8, 0x1F, 0xF8, 0x1F, 0xF8, 0x1F, 0xF8, 0x1F, 0xF0, 0x3F, 0x68, 0xF1,
    0x01, 0x24, 0x00, 0xC4, 0x00, 0xE5, 0x01, 0x05, 0x01, 0x25, 0x00, 0xE4, 0x00, 0x21, 0x00, 0x83,
    0x00, 0xA3, 0x00, 0xC5, 0x01, 0x46, 0x01, 0x05, 0x00, 0xE5, 0x01, 0x47, 0x01, 0xEA, 0x01, 0x89,
    0x01, 0x68, 0x01, 0xA9, 0x01, 0xA9, 0x0A, 0x09, 0x01, 0xC9, 0x02, 0x6C, 0x02, 0x8D, 0x02, 0x2C,
    0x01, 0xA9, 0x01, 0x89, 0x01, 0xA9, 0x0A, 0x0B, 0x02, 0x2B, 0x02, 0x0B, 0x02, 0x2B, 0x02, 0x0B,
    0x01, 0xEA, 0x02, 0x4B, 0x02, 0x2A, 0x01, 0x88, 0x01, 0xA8, 0x01, 0x47, 0x01, 0x47, 0x01, 0x67,
    0x01, 0x26, 0x00, 0xE5, 0x01, 0x67, 0x01, 0x67, 0x01, 0xA8, 0x01, 0x26, 0x00, 0xE5, 0x01, 0x06,
    0x01, 0x06, 0x01, 0xC9, 0x02, 0x2A, 0x02, 0x09, 0x0A, 0xAC, 0x0A, 0x4A, 0x0A, 0x2A, 0x0A, 0xAB,
    0x12, 0xEC, 0x02, 0x2A, 0x01, 0xA9, 0x01, 0xE9, 0x01, 0xA9, 0x13, 0x0D, 0x0A, 0xCC, 0x12, 0xCD,
    0x02, 0x4D, 0x02, 0x2D, 0x01, 0xEC, 0x01, 0xCC, 0x02, 0x6E, 0x02, 0xCF, 0x02, 0x4D, 0x01, 0x89,
    0x01, 0x69, 0x01, 0x8A, 0x02, 0x2B, 0x0A, 0xED, 0x1A, 0xCC, 0x12, 0x2A, 0x01, 0xA8, 0x01, 0x67,
    0x01, 0x05, 0x00, 0xE6, 0x01, 0xA9, 0x02, 0x8C, 0x02, 0x2A, 0x09, 0x47, 0x0A, 0x4B, 0x0A, 0x6B,
    0x02, 0xAF, 0x45, 0xD7, 0x76, 0x78, 0x6E, 0xFA, 0x77, 0x5B, 0x35, 0xB6, 0x02, 0xEE, 0x01, 0xC9,
    0x02, 0x0A, 0x02, 0x6B, 0x0A, 0xCC, 0x02, 0x09, 0x01, 0xA8, 0x01, 0x67, 0x00, 0xC5, 0x00, 0x84,
    0x00, 0xA4, 0x00, 0xE4, 0x00, 0xE4, 0x00, 0xE6, 0x01, 0x27, 0x02, 0x4B, 0x02, 0x0A, 0x01, 0x07,
    0x09, 0xC9, 0x5B, 0x4A, 0x32, 0xAA, 0x01, 0x67, 0x01, 0x47, 0x01, 0x68, 0x01, 0xA9, 0x01, 0x28,
    0x09, 0xA9, 0x33, 0x0C, 0x23, 0x0C, 0x09, 0xA7, 0x01, 0x24, 0x01, 0x05, 0x01, 0x26, 0x01, 0x66,
    0x00, 0xC5, 0x00, 0xE5, 0x01, 0xC9, 0x02, 0x4B, 0x01, 0xCA, 0x01, 0xC8, 0x09, 0xA9, 0x70, 0xD3,
    0xE8, 0x3E, 0xF8, 0x1F, 0xF8, 0x1F, 0xF8, 0x1F, 0xF8, 0x1F, 0xF8, 0x1F, 0xF8, 0x1F, 0xF8, 0x1F,
    0xF8, 0x1F, 0xF8, 0x1F, 0xF8, 0x1F, 0xF8, 0x1F, 0xF8, 0x1F, 0xF8, 0x1F, 0xF8, 0x1F, 0xF8, 0x1F,
    0xF8, 0x1F, 0xF8, 0x1F, 0xF8, 0x1F, 0xF8, 0x1F, 0xF8, 0x1F, 0xF8, 0x1F, 0xF8, 0x1F, 0xF8, 0x1F,
    0xF8, 0x1F, 0xF8, 0x1F, 0xF8, 0x1F, 0xF8, 0x1F, 0xF8, 0x1F, 0xF8, 0x1F, 0xF8, 0x1F, 0xF8, 0x1F,
    0xF8, 0x1F, 0xF8, 0x1F, 0xF8, 0x1F, 0xF8, 0x1F, 0xA8, 0x57, 0x10, 0xA5, 0x00, 0xA2, 0x00, 0x84,
    0x00, 0x83, 0x00, 0x84, 0x00, 0x42, 0x19, 0x23, 0x01, 0x04, 0x00, 0xE5, 0x01, 0x05, 0x01, 0x05,
    0x01, 0x26, 0x01, 0xA9, 0x01, 0xEA, 0x01, 0x88, 0x01, 0x89, 0x01, 0xC9, 0x01, 0x88, 0x01, 0xA9,
    0x02, 0xCD, 0x02, 0xEE, 0x02, 0x0B, 0x09, 0xEA, 0x12, 0x0A, 0x01, 0xCA, 0x01, 0xCA, 0x01, 0xA9,
    0x01, 0x68, 0x01, 0x88, 0x01, 0x88, 0x01, 0xA9, 0x01, 0xC9, 0x01, 0xA9, 0x01, 0x88, 0x01, 0x88,
    0x01, 0x26, 0x01, 0x46, 0x01, 0x26, 0x01, 0x67, 0x01, 0x47, 0x01, 0x88, 0x01, 0xE9, 0x01, 0x46,
    0x01, 0x26, 0x01, 0x06, 0x01, 0xC8, 0x01, 0x67, 0x01, 0xE9, 0x0A, 0x4A, 0x0A, 0x6B, 0x02, 0x6B,
    0x09, 0xE9, 0x01, 0xC9, 0x01, 0xC9, 0x01, 0xE9, 0x02, 0x2A, 0x01, 0xEA, 0x01, 0xA9, 0x01, 0xA9,
    0x01, 0xEA, 0x0A, 0x8A, 0x0A, 0x4A, 0x1B, 0x2D, 0x02, 0x4D, 0x02, 0x4D, 0x01, 0xCB, 0x01, 0xCB,
    0x02, 0x2D, 0x02, 0x4D, 0x01, 0xCB, 0x01, 0x69, 0x01, 0xCA, 0x02, 0x0B, 0x0A, 0x4C, 0x3B, 0x0C,
    0x12, 0x8C, 0x01, 0xEA, 0x01, 0x67, 0x01, 0x26, 0x00, 0xE6, 0x09, 0xA9, 0x12, 0xEC, 0x0B, 0x6E,
    0x02, 0x6B, 0x01, 0x89, 0x02, 0x2A, 0x01, 0x89, 0x03, 0x2F, 0x56, 0x17, 0x6E, 0x58, 0x6E, 0xBA,
    0x77, 0x3A, 0x25, 0x14, 0x02, 0x4D, 0x02, 0x0A, 0x01, 0xEA, 0x02, 0x0A, 0x02, 0x6B, 0x02, 0x4A,
    0x02, 0x2A, 0x02, 0x4B, 0x01, 0xC9, 0x01, 0x26, 0x00, 0xC4, 0x09, 0x04, 0x01, 0x04, 0x00, 0xE6,
    0x01, 0x48, 0x02, 0x4B, 0x01, 0xA8, 0x19, 0x45, 0x2A, 0x8A, 0x73, 0xAA, 0x32, 0x89, 0x01, 0x07,
    0x01, 0x48, 0x01, 0xA9, 0x01, 0x89, 0x01, 0x8A, 0x0A, 0x8C, 0x33, 0x4C, 0x11, 0xA7, 0x00, 0xE5,
    0x01, 0x04, 0x00, 0xE4, 0x01, 0xA8, 0x01, 0x26, 0x00, 0xE6, 0x02, 0x0A, 0x02, 0x4C, 0x02, 0x2A,
    0x01, 0xE9, 0x49, 0x30, 0xD0, 0x5B, 0xF8, 0x1F, 0xF8, 0x1F, 0xF8, 0x1F, 0xF8, 0x1F, 0xF8, 0x1F,
    0xF8, 0x1F, 0xF8, 0x1F, 0xF8, 0x1F, 0xF8, 0x1F, 0xF8, 0x1F, 0xF8, 0x1F, 0xF8, 0x1F, 0xF8, 0x1F,
    0xF8, 0x1F, 0xF8, 0x1F, 0xF8, 0x1F, 0xF8, 0x1F, 0xF8, 0x1F, 0xF8, 0x1F, 0xF8, 0x1F, 0xF8, 0x1F,
    0xF8, 0x1F, 0xF8, 0x1F, 0xF8, 0x1F, 0xF8, 0x1F, 0xF8, 0x1F, 0xF8, 0x1F, 0xF8, 0x1F, 0xF8, 0x1F,
    0xF8, 0x1F, 0xF8, 0x1F, 0xF8, 0x1F, 0xF8, 0x1F, 0xF8, 0x1F, 0xF8, 0x1F, 0xF8, 0x1F, 0xF8, 0x1F,
    0xF8, 0x1F, 0xD8, 0x1C, 0x40, 0xAC, 0x00, 0xE3, 0x10, 0xE4, 0x41, 0xC3, 0x09, 0x05, 0x01, 0x05,
    0x01, 0x25, 0x01, 0x46, 0x01, 0xA7, 0x01, 0x88, 0x01, 0xA9, 0x01, 0xCA, 0x01, 0x88, 0x01, 0x68,
    0x01, 0xA9, 0x11, 0xA8, 0x09, 0x67, 0x02, 0x6C, 0x02, 0xCD, 0x01, 0xEB, 0x01, 0x89, 0x0A, 0x0A,
    0x02, 0x0A, 0x01, 0xEA, 0x01, 0xA9, 0x01, 0x67, 0x09, 0x67, 0x01, 0x47, 0x01, 0x47, 0x01, 0xA8,
    0x01, 0x88, 0x01, 0xA8, 0x01, 0x27, 0x09, 0x67, 0x01, 0x26, 0x01, 0x06, 0x01, 0x26, 0x01, 0x87,
    0x01, 0x87, 0x01, 0x88, 0x09, 0xC8, 0x01, 0x06, 0x00, 0xC5, 0x01, 0xC9, 0x02, 0x4A, 0x02, 0x4A,
    0x0A, 0x2A, 0x01, 0xA8, 0x01, 0xA9, 0x01, 0x87, 0x01, 0x26, 0x01, 0x48, 0x01, 0xC9, 0x01, 0xA8,
    0x01, 0xEA, 0x01, 0xE9, 0x01, 0xA9, 0x01, 0xC9, 0x01, 0xEA, 0x01, 0x05, 0x00, 0x01, 0x0A, 0xAB,
    0x0A, 0x2C, 0x01, 0xEB, 0x01, 0xAB, 0x01, 0xAB, 0x01, 0xEC, 0x02, 0x0C, 0x01, 0x69, 0x01, 0x28,
    0x01, 0xEB, 0x02, 0x2C, 0x0A, 0x4C, 0x1A, 0xED, 0x0A, 0xAC, 0x01, 0xC9, 0x01, 0x67, 0x00, 0xE6,
    0x00, 0xC5, 0x01, 0xA9, 0x02, 0xEC, 0x33, 0x0B, 0x2A, 0x69, 0x01, 0x89, 0x01, 0x68, 0x01, 0x89,
    0x03, 0x91, 0x55, 0xF7, 0x6E, 0x99, 0x6E, 0xDA, 0x77, 0x1A, 0x1C, 0x93, 0x01, 0xEB, 0x01, 0xA9,
    0x02, 0x0A, 0x1B, 0xAF, 0x2C, 0x50, 0x02, 0xCC, 0x02, 0x0A, 0x02, 0x6B, 0x02, 0x8B, 0x01, 0xC8,
    0x00, 0xE4, 0x00, 0xC4, 0x08, 0xE4, 0x01, 0x06, 0x01, 0x88, 0x01, 0xE9, 0x01, 0x06, 0x11, 0x66,
    0x2A, 0xCB, 0x12, 0xEC, 0x01, 0xA8, 0x01, 0x06, 0x09, 0xA8, 0x01, 0x68, 0x01, 0xCA, 0x02, 0x4C,
    0x23, 0x0D, 0x12, 0x6A, 0x00, 0xE4, 0x00, 0xE4, 0x00, 0xE4, 0x01, 0x06, 0x01, 0x47, 0x01, 0x48,
    0x02, 0x0B, 0x02, 0xAD, 0x02, 0x4A, 0x29, 0xAE, 0xB0, 0x99, 0xF8, 0x1F, 0xF8, 0x1F, 0xF8, 0x1F,
    0xF8, 0x1F, 0xF8, 0x1F, 0xF8, 0x1F, 0xF8, 0x1F, 0xF8, 0x1F, 0xF8, 0x1F, 0xF8, 0x1F, 0xF8, 0x1F,
    0xF8, 0x1F, 0xF8, 0x1F, 0xF8, 0x1F, 0xF8, 0x1F, 0xF8, 0x1F, 0xF8, 0x1F, 0xF8, 0x1F, 0xF8, 0x1F,
    0xF8, 0x1F, 0xF8, 0x1F, 0xF8, 0x1F, 0xF8, 0x1F, 0xF8, 0x1F, 0xF8, 0x1F, 0xF8, 0x1F, 0xF8, 0x1F,
    0xF8, 0x1F, 0xF8, 0x1F, 0xF8, 0x1F, 0xF8, 0x1F, 0xF8, 0x1F, 0xF8, 0x1F, 0xF8, 0x1F, 0xF8, 0x1F,
    0xF8, 0x1F, 0xF8, 0x1F, 0xF8, 0x1F, 0xF8, 0x1F, 0xF8, 0x1F, 0xF8, 0x1F, 0xF8, 0x1F, 0x70, 0x92,
    0x22, 0x05, 0x62, 0x85, 0x11, 0xC7, 0x01, 0x87, 0x01, 0x67, 0x01, 0x67, 0x01, 0x88, 0x01, 0x88,
    0x01, 0x68, 0x01, 0x68, 0x19, 0xC7, 0x01, 0x88, 0x01, 0xC9, 0x12, 0x09, 0x22, 0x4A, 0x02, 0xAD,
    0x02, 0x6C, 0x01, 0xA9, 0x01, 0xEA, 0x3A, 0x28, 0x12, 0x09, 0x01, 0xA9, 0x01, 0x26, 0x01, 0x06,
    0x01, 0x06, 0x01, 0x26, 0x01, 0x26, 0x01, 0x26, 0x00, 0xC5, 0x09, 0x88, 0x09, 0x87, 0x00, 0xE5,
    0x01, 0x06, 0x00, 0xE5, 0x00, 0xE5, 0x09, 0xC8, 0x01, 0x46, 0x12, 0x09, 0x22, 0xEB, 0x0A, 0x2A,
    0x0A, 0x09, 0x01, 0xA8, 0x01, 0xA8, 0x01, 0xA9, 0x01, 0xA9, 0x01, 0xA9, 0x01, 0x67, 0x01, 0x67,
    0x02, 0x09, 0x01, 0xE9, 0x01, 0xA9, 0x01, 0xC8, 0x01, 0x88, 0x01, 0x88, 0x01, 0xEA, 0x02, 0x4B,
    0x02, 0x6B, 0x01, 0xC8, 0x01, 0x06, 0x02, 0x6B, 0x01, 0xCB, 0x01, 0x8A, 0x01, 0x8B, 0x01, 0xEC,
    0x02, 0x0D, 0x02, 0x2D, 0x01, 0x48, 0x01, 0x48, 0x01, 0xCA, 0x01, 0xCA, 0x02, 0x2C, 0x02, 0xED,
    0x02, 0x8C, 0x01, 0xEA, 0x01, 0x47, 0x00, 0xC6, 0x00, 0xE6, 0x01, 0x28, 0x02, 0x6C, 0x03, 0x6E,
    0x02, 0x0A, 0x01, 0x88, 0x11, 0xC8, 0x02, 0x4C, 0x14, 0x52, 0x5D, 0xF7, 0x66, 0x38, 0x6E, 0xBA,
    0x6E, 0xD9, 0x14, 0x32, 0x01, 0x6A, 0x01, 0x89, 0x01, 0xEA, 0x23, 0x8E, 0x2C, 0x0F, 0x02, 0x6B,
    0x01, 0x48, 0x01, 0x68, 0x01, 0x88, 0x00, 0xC5, 0x00, 0x83, 0x00, 0xE4, 0x00, 0x84, 0x01, 0x06,
    0x01, 0xC9, 0x01, 0xE9, 0x01, 0x06, 0x01, 0x68, 0x02, 0xCD, 0x02, 0x6B, 0x01, 0x48, 0x01, 0x88,
    0x09, 0xA8, 0x01, 0xCA, 0x02, 0x2B, 0x12, 0xED, 0x22, 0xEB, 0x09, 0x66, 0x01, 0x04, 0x01, 0x05,
    0x01, 0x46, 0x01, 0x27, 0x00, 0xC6, 0x02, 0x0B, 0x03, 0x0C, 0x12, 0x4E, 0x90, 0xB6, 0xF8, 0x1F,
    0xF8, 0x1F, 0xF8, 0x1F, 0xF8, 0x1F, 0xF8, 0x1F, 0xF8, 0x1F, 0xF8, 0x1F, 0xF8, 0x1F, 0xF8, 0x1F,
    0xF8, 0x1F, 0xF8, 0x1F, 0xF8, 0x1F, 0xF8, 0x1F, 0xF8, 0x1F, 0xF8, 0x1F, 0xF8, 0x1F, 0xF8, 0x1F,
    0xF8, 0x1F, 0xF8, 0x1F, 0xF8, 0x1F, 0xF8, 0x1F, 0xF8, 0x1F, 0xF8, 0x1F, 0xF8, 0x1F, 0xA0, 0x56,
    0x98, 0x55, 0xF8, 0x1F, 0xF8, 0x1F, 0xF8, 0x1F, 0xF8, 0x1F, 0xF8, 0x1F, 0xF8, 0x1F, 0xF8, 0x1F,
    0xF8, 0x1F, 0xF8, 0x1F, 0xF8, 0x1F, 0xF8, 0x1F, 0xF8, 0x1F, 0xF8, 0x1F, 0xF8, 0x1F, 0xF8, 0x1F,
    0xF8, 0x1F, 0xF8, 0x1F, 0xF8, 0x1F, 0xF8, 0x1F, 0x90, 0x95, 0x01, 0x05, 0x01, 0x05, 0x01, 0x47,
    0x01, 0xA9, 0x01, 0xC9, 0x09, 0x66, 0x4A, 0x25, 0x09, 0xC8, 0x01, 0x88, 0x01, 0x47, 0x01, 0x88,
    0x02, 0x0A, 0x02, 0x0A, 0x02, 0x0B, 0x01, 0xCA, 0x01, 0x89, 0x2A, 0x29, 0x12, 0x2A, 0x01, 0xEA,
    0x01, 0xE9, 0x01, 0x47, 0x01, 0x06, 0x01, 0x26, 0x00, 0xC5, 0x01, 0x06, 0x01, 0x47, 0x01, 0x06,
    0x01, 0x68, 0x02, 0x29, 0x0A, 0x6A, 0x12, 0x6A, 0x01, 0x26, 0x01, 0x26, 0x00, 0xE5, 0x1A, 0xCB,
    0x11, 0xE8, 0x00, 0xC5, 0x01, 0xC8, 0x02, 0x29, 0x02, 0x0A, 0x01, 0xEA, 0x02, 0x4B, 0x02, 0x4B,
    0x02, 0x8C, 0x12, 0xAB, 0x01, 0x88, 0x0A, 0x29, 0x0A, 0x29, 0x02, 0x09, 0x02, 0x09, 0x01, 0xE9,
    0x01, 0xE9, 0x01, 0xC8, 0x02, 0x0A, 0x02, 0x4B, 0x0A, 0x8C, 0x02, 0x4B, 0x02, 0x4A, 0x02, 0x6B,
    0x01, 0xEC, 0x01, 0xAA, 0x01, 0x8A, 0x01, 0xCB, 0x02, 0x2D, 0x02, 0x2C, 0x01, 0x28, 0x01, 0x48,
    0x01, 0xCA, 0x01, 0xCA, 0x12, 0x6B, 0x1A, 0xCC, 0x02, 0x4C, 0x01, 0xC9, 0x01, 0x06, 0x00, 0xE6,
    0x01, 0x07, 0x01, 0x47, 0x02, 0x0A, 0x02, 0x0B, 0x02, 0x0A, 0x01, 0x27, 0x09, 0xA9, 0x13, 0xAF,
    0x14, 0x52, 0x3D, 0x35, 0x5D, 0xF7, 0x6E, 0x79, 0x6E, 0x99, 0x0B, 0xF1, 0x01, 0x8A, 0x01, 0xA9,
    0x01, 0x88, 0x01, 0xA8, 0x12, 0xCC, 0x12, 0xCC, 0x01, 0x47, 0x00, 0xC5, 0x00, 0xA4, 0x00, 0x63,
    0x00, 0x83, 0x00, 0xC4, 0x00, 0xC5, 0x01, 0x27, 0x02, 0x09, 0x01, 0xC8, 0x09, 0x47, 0x22, 0x29,
    0x0B, 0x0D, 0x02, 0x2A, 0x01, 0x48, 0x01, 0x88, 0x01, 0x89, 0x02, 0x8D, 0x13, 0x8F, 0x33, 0x8E,
    0x12, 0x08, 0x01, 0x25, 0x01, 0x45, 0x01, 0x46, 0x01, 0xA8, 0x00, 0xC5, 0x01, 0x45, 0x02, 0x0B,
    0x69, 0x54, 0xE8, 0x3E, 0xF8, 0x1F, 0xF8, 0x1F, 0xF8, 0x1F, 0xF8, 0x1F, 0xF8, 0x1F, 0xF8, 0x1F,
    0xF8, 0x1F, 0xF8, 0x1F, 0xF8, 0x1F, 0xF8, 0x1F, 0xF8, 0x1F, 0xF8, 0x1F, 0xF8, 0x1F, 0xF8, 0x1F,
    0xF8, 0x1F, 0xF8, 0x1F, 0xF8, 0x1F, 0xF8, 0x1F, 0xF8, 0x1F, 0xF8, 0x1F, 0xF8, 0x1F, 0xF8, 0x1F,
    0xF8, 0x1F, 0xC0, 0x39, 0x31, 0x2C, 0x01, 0x45, 0x00, 0xE3, 0x40, 0x6B, 0xE0, 0x1C, 0xF8, 0x1F,
    0xF8, 0x1F, 0xF8, 0x1F, 0xF8, 0x1F, 0xF8, 0x1F, 0xF8, 0x1F, 0xF8, 0x1F, 0xF8, 0x1F, 0xF8, 0x1F,
    0xF8, 0x1F, 0xF8, 0x1F, 0xF8, 0x1F, 0xF8, 0x1F, 0xF8, 0x1F, 0xF8, 0x1F, 0xF8, 0x1F, 0xF8, 0x1F,
    0xF8, 0x1F, 0x88, 0xB3, 0x01, 0x66, 0x01, 0x88, 0x01, 0xE9, 0x01, 0x47, 0x00, 0xC4, 0x93, 0x23,
    0x3A, 0x47, 0x01, 0x89, 0x19, 0xC7, 0x29, 0xC6, 0x01, 0xAA, 0x01, 0xE9, 0x12, 0x09, 0x01, 0x89,
    0x01, 0x69, 0x19, 0xA8, 0x09, 0xEA, 0x01, 0xEA, 0x01, 0x67, 0x00, 0xE5, 0x00, 0xA4, 0x00, 0xC5,
    0x00, 0xA4, 0x01, 0x46, 0x01, 0x68, 0x0A, 0x6B, 0x02, 0x09, 0x01, 0x88, 0x09, 0xC9, 0x0A, 0x2A,
    0x01, 0xC9, 0x01, 0xC8, 0x01, 0x67, 0x01, 0xE9, 0x01, 0x47, 0x01, 0x47, 0x01, 0x67, 0x01, 0x27,
    0x01, 0xEA, 0x02, 0x6C, 0x02, 0xCD, 0x02, 0x4A, 0x02, 0x0A, 0x0A, 0x6A, 0x01, 0x47, 0x01, 0x87,
    0x01, 0xC9, 0x02, 0x09, 0x01, 0xE9, 0x01, 0xEA, 0x02, 0x4B, 0x09, 0xC8, 0x01, 0xC9, 0x0A, 0x6A,
    0x01, 0xA9, 0x02, 0x0A, 0x01, 0xCA, 0x0A, 0x8C, 0x01, 0xEC, 0x01, 0x8B, 0x01, 0x8A, 0x01, 0xCB,
    0x02, 0x0C, 0x01, 0xCB, 0x01, 0x28, 0x01, 0x69, 0x01, 0xEA, 0x01, 0xCA, 0x02, 0x4C, 0x02, 0xCD,
    0x02, 0x4C, 0x01, 0xC9, 0x01, 0x27, 0x01, 0x68, 0x01, 0x06, 0x00, 0xE6, 0x01, 0x27, 0x01, 0x48,
    0x01, 0xA9, 0x01, 0x48, 0x02, 0x0B, 0x0B, 0xAF, 0x2C, 0xB3, 0x24, 0x93, 0x35, 0x15, 0x66, 0x79,
    0x66, 0x78, 0x0B, 0x90, 0x01, 0x69, 0x01, 0x47, 0x01, 0x06, 0x01, 0x26, 0x09, 0xE8, 0x12, 0xCB,
    0x01, 0x68, 0x01, 0x06, 0x01, 0x26, 0x00, 0xA3, 0x00, 0x62, 0x00, 0x63, 0x00, 0xC6, 0x01, 0x68,
    0x32, 0x47, 0x11, 0xA7, 0x01, 0x27, 0x12, 0x4B, 0x0A, 0xED, 0x01, 0xEA, 0x01, 0x68, 0x01, 0x68,
    0x01, 0xEA, 0x13, 0x2D, 0x23, 0x0C, 0x32, 0x89, 0x19, 0x65, 0x01, 0x25, 0x01, 0x46, 0x01, 0x88,
    0x01, 0x26, 0x00, 0xC4, 0x59, 0x4E, 0xC8, 0x5C, 0xF8, 0x1F, 0xF8, 0x1F, 0xF8, 0x1F, 0xF8, 0x1F,
    0xF8, 0x1F, 0xF8, 0x1F, 0xF8, 0x1F, 0xF8, 0x1F, 0xF8, 0x1F, 0xF8, 0x1F, 0xF8, 0x1F, 0xF8, 0x1F,
    0xF8, 0x1F, 0xF8, 0x1F, 0xF8, 0x1F, 0xF8, 0x1F, 0xF8, 0x1F, 0xF8, 0x1F, 0xF8, 0x1F, 0xF8, 0x1F,
    0xF8, 0x1F, 0xF8, 0x1F, 0xF8, 0x1F, 0xE0, 0x1C, 0x60, 0xF0, 0x02, 0x29, 0x02, 0x2A, 0x01, 0xCA,
    0x01, 0x48, 0x00, 0xE4, 0x10, 0xA6, 0xB0, 0x17, 0xF8, 0x1F, 0xF8, 0x1F, 0xF8, 0x1F, 0xF8, 0x1F,
    0xF8, 0x1F, 0xF8, 0x1F, 0xF8, 0x1F, 0xF8, 0x1F, 0xF8, 0x1F, 0xF8, 0x1F, 0xF8, 0x1F, 0xF8, 0x1F,
    0xF8, 0x1F, 0xF8, 0x1F, 0xF8, 0x1F, 0xF8, 0x1F, 0xF8, 0x1F, 0xF8, 0x1F, 0x41, 0x0E, 0x01, 0x66,
    0x01, 0x47, 0x01, 0x46, 0x01, 0x46, 0x19, 0xC7, 0x09, 0xA8, 0x02, 0x0B, 0x1A, 0xAC, 0x11, 0x67,
    0x01, 0x89, 0x01, 0xA9, 0x09, 0xC9, 0x01, 0xAA, 0x01, 0xEA, 0x01, 0xEB, 0x02, 0x4B, 0x01, 0xE9,
    0x01, 0x47, 0x00, 0xC5, 0x00, 0xE5, 0x00, 0xC4, 0x01, 0x06, 0x01, 0xE9, 0x12, 0xCC, 0x09, 0xE8,
    0x00, 0x43, 0x00, 0xE6, 0x01, 0x27, 0x01, 0xA9, 0x02, 0x0A, 0x01, 0x88, 0x01, 0xE9, 0x01, 0x88,
    0x01, 0xA8, 0x01, 0xA8, 0x01, 0xC9, 0x01, 0xE9, 0x02, 0x2A, 0x01, 0xEA, 0x0A, 0x8B, 0x01, 0xE9,
    0x1A, 0xAC, 0x1B, 0x2E, 0x12, 0xAB, 0x01, 0x88, 0x02, 0x6B, 0x02, 0x8B, 0x01, 0xA9, 0x01, 0xE9,
    0x01, 0xE9, 0x02, 0x0A, 0x01, 0xA9, 0x01, 0xA9, 0x01, 0xEA, 0x01, 0xEA, 0x01, 0xEA, 0x02, 0x0A,
    0x01, 0xCB, 0x01, 0x8A, 0x01, 0x8B, 0x01, 0xEC, 0x01, 0xEC, 0x01, 0xAA, 0x01, 0x48, 0x01, 0xCA,
    0x02, 0x0B, 0x01, 0xAA, 0x02, 0x2C, 0x02, 0xAD, 0x02, 0x2B, 0x01, 0x68, 0x01, 0x28, 0x01, 0xA9,
    0x01, 0x06, 0x00, 0x86, 0x01, 0x28, 0x01, 0xE9, 0x01, 0x07, 0x01, 0x89, 0x0A, 0xED, 0x1B, 0xD0,
    0x4C, 0xD3, 0x3C, 0xD4, 0x2C, 0xD4, 0x5E, 0x18, 0x55, 0xD6, 0x02, 0xEE, 0x01, 0x08, 0x01, 0x06,
    0x00, 0xE5, 0x09, 0x66, 0x09, 0x86, 0x01, 0xA8, 0x01, 0xE9, 0x01, 0x26, 0x00, 0xE5, 0x00, 0xC4,
    0x00, 0x22, 0x00, 0x43, 0x00, 0xE6, 0x01, 0xA8, 0x22, 0x08, 0x09, 0x26, 0x01, 0x89, 0x3A, 0xEA,
    0x2A, 0x89, 0x01, 0x27, 0x01, 0x27, 0x01, 0x27, 0x0A, 0x4B, 0x2B, 0x2C, 0x22, 0x49, 0x21, 0x85,
    0x00, 0xE4, 0x01, 0x05, 0x01, 0x67, 0x01, 0x67, 0x09, 0x69, 0xA0, 0x97, 0xF8, 0x1F, 0xF8, 0x1F,
    0xF8, 0x1F, 0xF8, 0x1F, 0xF8, 0x1F, 0xF8, 0x1F, 0xF8, 0x1F, 0xF8, 0x1F, 0xF8, 0x1F, 0xF8, 0x1F,
    0xF8, 0x1F, 0xF8, 0x1F, 0xF8, 0x1F, 0xF8, 0x1F, 0xF8, 0x1F, 0xF8, 0x1F, 0xF8, 0x1F, 0xF8, 0x1F,
    0xF8, 0x1F, 0xF8, 0x1F, 0xF8, 0x1F, 0xF8, 0x1F, 0xF8, 0x1F, 0xF8, 0x1F, 0x90, 0x54, 0x11, 0xEB,
    0x03, 0xEE, 0x03, 0x6F, 0x02, 0x4D, 0x02, 0x0C, 0x01, 0xAA, 0x01, 0x69, 0x01, 0x05, 0x00, 0x41,
    0x78, 0x30, 0xF8, 0x1F, 0xF8, 0x1F, 0xF8, 0x1F, 0xF8, 0x1F, 0xF8, 0x1F, 0xF8, 0x1F, 0xF8, 0x1F,
    0xF8, 0x1F, 0xF8, 0x1F, 0xF8, 0x1F, 0xF8, 0x1F, 0xF8, 0x1F, 0xF8, 0x1F, 0xF8, 0x1F, 0xF8, 0x1F,
    0xF8, 0x1F, 0xF8, 0x1F, 0xC0, 0x59, 0x01, 0x25, 0x01, 0x46, 0x19, 0x65, 0x19, 0xA7, 0x01, 0xA9,
    0x01, 0x89, 0x0A, 0x6C, 0x1B, 0x4E, 0x01, 0xA9, 0x01, 0xA9, 0x01, 0xEA, 0x01, 0xCB, 0x01, 0xCA,
    0x01, 0x68, 0x01, 0x68, 0x01, 0x88, 0x01, 0x67, 0x01, 0x46, 0x01, 0x26, 0x00, 0xA4, 0x00, 0xE6,
    0x02, 0x6B, 0x02, 0x2A, 0x0A, 0x4A, 0x01, 0x48, 0x00, 0xE6, 0x01, 0xC9, 0x01, 0xE9, 0x01, 0xEA,
    0x01, 0x88, 0x01, 0x68, 0x02, 0x0A, 0x01, 0xE9, 0x01, 0x88, 0x01, 0xE9, 0x0A, 0xED, 0x02, 0x8C,
    0x01, 0xC9, 0x01, 0x68, 0x09, 0xA8, 0x01, 0xC9, 0x23, 0x8E, 0x34, 0x30, 0x23, 0xCF, 0x0A, 0x4B,
    0x02, 0x8B, 0x02, 0x4B, 0x02, 0x0A, 0x01, 0xC9, 0x01, 0xCA, 0x02, 0x6C, 0x02, 0x4B, 0x01, 0xA9,
    0x01, 0xEA, 0x01, 0xCA, 0x01, 0x89, 0x01, 0xC9, 0x01, 0x8A, 0x01, 0x6A, 0x01, 0x8B, 0x01, 0xEC,
    0x02, 0x2D, 0x01, 0x8A, 0x01, 0x28, 0x02, 0x0B, 0x02, 0x0B, 0x01, 0xEA, 0x1A, 0x8B, 0x02, 0x8C,
    0x02, 0x2B, 0x01, 0x47, 0x01, 0x08, 0x0A, 0x8B, 0x01, 0x48, 0x01, 0x27, 0x01, 0xA8, 0x01, 0x88,
    0x01, 0x48, 0x02, 0x0B, 0x02, 0xEE, 0x13, 0xAF, 0x2C, 0x52, 0x4D, 0x55, 0x3D, 0x56, 0x55, 0xB7,
    0x34, 0xD3, 0x02, 0x4C, 0x01, 0x07, 0x01, 0x06, 0x01, 0x05, 0x01, 0x05, 0x09, 0x87, 0x01, 0x46,
    0x01, 0x87, 0x01, 0x05, 0x00, 0xC5, 0x00, 0xE5, 0x00, 0x42, 0x00, 0x43, 0x01, 0x06, 0x01, 0xE9,
    0x01, 0xC8, 0x01, 0x28, 0x01, 0xEA, 0x22, 0xAA, 0x11, 0xE8, 0x01, 0x27, 0x01, 0x47, 0x01, 0x07,
    0x0A, 0x8C, 0x1B, 0x0C, 0x01, 0xA8, 0x09, 0x25, 0x01, 0x05, 0x09, 0x66, 0x01, 0xA7, 0x21, 0x6C,
    0xD0, 0x7C, 0xF8, 0x1F, 0xF8, 0x1F, 0xF8, 0x1F, 0xF8, 0x1F, 0xF8, 0x1F, 0xF8, 0x1F, 0xF8, 0x1F,
    0xF8, 0x1F, 0xF8, 0x1F, 0xF8, 0x1F, 0xF8, 0x1F, 0xF8, 0x1F, 0xF8, 0x1F, 0xF8, 0x1F, 0xF8, 0x1F,
    0xF8, 0x1F, 0xF8, 0x1F, 0xF8, 0x1F, 0xF8, 0x1F, 0xF8, 0x1F, 0xF8, 0x1F, 0xF8, 0x1F, 0xF8, 0x1F,
    0xC0, 0x39, 0x31, 0x0B, 0x02, 0xAA, 0x04, 0x93, 0x04, 0x33, 0x02, 0xAD, 0x02, 0x2C, 0x01, 0xEB,
    0x01, 0xEB, 0x01, 0x68, 0x00, 0xA5, 0x00, 0xC4, 0x00, 0xA1, 0x40, 0x4A, 0xE0, 0x1C, 0xF8, 0x1F,
    0xF8, 0x1F, 0xF8, 0x1F, 0xF8, 0x1F, 0xF8, 0x1F, 0xF8, 0x1F, 0xF8, 0x1F, 0xF8, 0x1F, 0xF8, 0x1F,
    0xF8, 0x1F, 0xF8, 0x1F, 0xF8, 0x1F, 0xF8, 0x1F, 0xF8, 0x1F, 0xF8, 0x1F, 0xF8, 0x1F, 0x49, 0x8C,
    0x01, 0xA6, 0x01, 0x26, 0x01, 0x47, 0x09, 0xC9, 0x01, 0xCA, 0x01, 0xEB, 0x01, 0xEA, 0x01, 0x27,
    0x01, 0x48, 0x01, 0xC9, 0x01, 0x48, 0x01, 0x47, 0x01, 0x27, 0x01, 0x47, 0x01, 0x26, 0x00, 0xC5,
    0x00, 0xA5, 0x01, 0x87, 0x01, 0x47, 0x09, 0xE9, 0x01, 0xE9, 0x01, 0x88, 0x01, 0x27, 0x01, 0x88,
    0x02, 0x6B, 0x01, 0x88, 0x01, 0xA9, 0x0A, 0x8B, 0x01, 0xC9, 0x01, 0xC9, 0x02, 0x8B, 0x01, 0xC9,
    0x01, 0xC9, 0x0A, 0x8C, 0x13, 0x2E, 0x12, 0xEC, 0x01, 0xA8, 0x12, 0xAB, 0x1A, 0x8A, 0x0A, 0x6B,
    0x1B, 0x4E, 0x0A, 0xED, 0x13, 0x0D, 0x0A, 0xED, 0x1B, 0x4E, 0x02, 0x6B, 0x02, 0x6B, 0x02, 0xAD,
    0x0A, 0x6B, 0x02, 0x0B, 0x0A, 0x6B, 0x01, 0xE9, 0x02, 0x6C, 0x02, 0xCD, 0x02, 0x2B, 0x01, 0xC9,
    0x01, 0x8A, 0x01, 0x6A, 0x01, 0xCB, 0x02, 0x6D, 0x02, 0x6D, 0x01, 0x89, 0x00, 0xE7, 0x01, 0xA9,
    0x01, 0xCA, 0x02, 0x0B, 0x0A, 0x6B, 0x02, 0x2C, 0x01, 0xC9, 0x01, 0x47, 0x01, 0x89, 0x02, 0x6B,
    0x01, 0x27, 0x01, 0x68, 0x01, 0xA8, 0x01, 0x68, 0x01, 0xEA, 0x02, 0xAD, 0x03, 0x0E, 0x03, 0x70,
    0x24, 0x32, 0x34, 0xF4, 0x45, 0x76, 0x45, 0x35, 0x13, 0x70, 0x01, 0xAA, 0x01, 0x06, 0x01, 0x26,
    0x01, 0x26, 0x00, 0xC4, 0x01, 0x46, 0x01, 0x26, 0x00, 0xC5, 0x00, 0x84, 0x01, 0x25, 0x01, 0x05,
    0x00, 0x63, 0x00, 0x63, 0x01, 0x27, 0x0A, 0x2A, 0x01, 0xC9, 0x01, 0x48, 0x0A, 0x4A, 0x12, 0xEC,
    0x01, 0xEA, 0x01, 0x48, 0x01, 0x68, 0x01, 0xA9, 0x2B, 0x0C, 0x2A, 0xAA, 0x01, 0x26, 0x01, 0x04,
    0x01, 0x46, 0x01, 0x87, 0x11, 0x49, 0xC8, 0x5B, 0xF8, 0x1F, 0xF8, 0x1F, 0xF8, 0x1F, 0xF8, 0x1F,
    0xF8, 0x1F, 0xF8, 0x1F, 0xF8, 0x1F, 0xF8, 0x1F, 0xF8, 0x1F, 0xF8, 0x1F, 0xF8, 0x1F, 0xF8, 0x1F,
    0xF8, 0x1F, 0xF8, 0x1F, 0xF8, 0x1F, 0xF8, 0x1F, 0xF8, 0x1F, 0xF8, 0x1F, 0xF8, 0x1F, 0xF8, 0x1F,
    0xF8, 0x1F, 0xF8, 0x1F, 0xE0, 0x1C, 0x60, 0x8F, 0x01, 0xA7, 0x03, 0x0D, 0x04, 0x94, 0x04, 0x53,
    0x02, 0xEE, 0x02, 0x4C, 0x02, 0x0B, 0x01, 0xAB, 0x01, 0xCC, 0x01, 0xEA, 0x00, 0xC5, 0x00, 0xC5,
    0x01, 0x26, 0x00, 0x81, 0x10, 0x23, 0xB0, 0x17, 0xF8, 0x1F, 0xF8, 0x1F, 0xF8, 0x1F, 0xF8, 0x1F,
    0xF8, 0x1F, 0xF8, 0x1F, 0xF8, 0x1F, 0xF8, 0x1F, 0xF8, 0x1F, 0xF8, 0x1F, 0xF8, 0x1F, 0xF8, 0x1F,
    0xF8, 0x1F, 0xF8, 0x1F, 0xF8, 0x1F, 0x78, 0xB4, 0x01, 0x86, 0x01, 0x88, 0x01, 0x87, 0x11, 0xA8,
    0x01, 0xA8, 0x01, 0xCA, 0x01, 0xA9, 0x01, 0x89, 0x01, 0xCA, 0x09, 0xA8, 0x01, 0x47, 0x01, 0x06,
    0x01, 0x27, 0x01, 0x47, 0x00, 0xE5, 0x01, 0x06, 0x01, 0x27, 0x01, 0xA8, 0x01, 0xC9, 0x01, 0x88,
    0x01, 0x06, 0x01, 0x27, 0x01, 0x67, 0x01, 0x47, 0x01, 0xE9, 0x01, 0x67, 0x01, 0x67, 0x01, 0xC8,
    0x01, 0xE9, 0x02, 0x2A, 0x0B, 0x0D, 0x0A, 0x6B, 0x01, 0x67, 0x01, 0xE9, 0x0A, 0x2A, 0x0A, 0x0A,
    0x0A, 0x6B, 0x12, 0x6A, 0x09, 0xEA, 0x23, 0xF0, 0x3C, 0x92, 0x23, 0xCF, 0x02, 0xAC, 0x0A, 0xAC,
    0x02, 0xCD, 0x01, 0xC9, 0x01, 0x88, 0x02, 0x8C, 0x0A, 0x6C, 0x2B, 0x8E, 0x01, 0x88, 0x01, 0xCA,
    0x02, 0x2C, 0x02, 0xAD, 0x02, 0x8D, 0x02, 0x0B, 0x01, 0x6A, 0x01, 0x6A, 0x01, 0xCB, 0x02, 0x4D,
    0x02, 0x0C, 0x01, 0x69, 0x01, 0x28, 0x01, 0x89, 0x01, 0xAB, 0x02, 0x4C, 0x02, 0x8D, 0x02, 0x4C,
    0x01, 0x88, 0x01, 0x26, 0x01, 0x88, 0x01, 0xC9, 0x01, 0x47, 0x01, 0x27, 0x01, 0x88, 0x01, 0xEA,
    0x02, 0x6C, 0x02, 0xCD, 0x0A, 0xED, 0x03, 0x4F, 0x0B, 0xF1, 0x24, 0xB4, 0x4D, 0x76, 0x3D, 0x13,
    0x02, 0x4C, 0x01, 0x08, 0x01, 0x06, 0x01, 0x06, 0x01, 0x05, 0x00, 0xA4, 0x00, 0x83, 0x01, 0x26,
    0x01, 0x87, 0x00, 0xC5, 0x01, 0x05, 0x00, 0xE4, 0x00, 0x43, 0x00, 0x84, 0x01, 0x47, 0x02, 0x09,
    0x01, 0x47, 0x01, 0x48, 0x0A, 0x6B, 0x23, 0x0D, 0x01, 0xEA, 0x01, 0x48, 0x01, 0x68, 0x1A, 0xCC,
    0x1B, 0x2C, 0x11, 0xA7, 0x01, 0x04, 0x01, 0x05, 0x29, 0xE7, 0x01, 0x45, 0xA8, 0x36, 0xF8, 0x1F,
    0xF8, 0x1F, 0xF8, 0x1F, 0xF8, 0x1F, 0xF8, 0x1F, 0xF8, 0x1F, 0xF8, 0x1F, 0xF8, 0x1F, 0xF8, 0x1F,
    0xF8, 0x1F, 0xF8, 0x1F, 0xF8, 0x1F, 0xF8, 0x1F, 0xF8, 0x1F, 0xF8, 0x1F, 0xF8, 0x1F, 0xF8, 0x1F,
    0xF8, 0x1F, 0xF8, 0x1F, 0xF8, 0x1F, 0xF8, 0x1F, 0xF8, 0x1F, 0x90, 0x74, 0x11, 0xCA, 0x02, 0x29,
    0x02, 0xAE, 0x03, 0xD1, 0x04, 0x32, 0x02, 0xEE, 0x02, 0x4D, 0x02, 0x6D, 0x02, 0x0C, 0x02, 0x4D,
    0x02, 0x2C, 0x01, 0x88, 0x00, 0xE7, 0x02, 0x0A, 0x01, 0x26, 0x00, 0x63, 0x00, 0xA3, 0x00, 0x61,
    0x78, 0x30, 0xF8, 0x1F, 0xF8, 0x1F, 0xF8, 0x1F, 0xF8, 0x1F, 0xF8, 0x1F, 0xF8, 0x1F, 0xF8, 0x1F,
    0xF8, 0x1F, 0xF8, 0x1F, 0xF8, 0x1F, 0xF8, 0x1F, 0xF8, 0x1F, 0xF8, 0x1F, 0xF8, 0x1F, 0x98, 0xB7,
    0x01, 0xA8, 0x01, 0xA9, 0x01, 0xA9, 0x01, 0x68, 0x01, 0x68, 0x02, 0x0B, 0x02, 0xAD, 0x02, 0x0A,
    0x01, 0xA9, 0x01, 0x47, 0x01, 0x47, 0x01, 0x06, 0x01, 0x27, 0x01, 0x26, 0x00, 0x84, 0x01, 0x06,
    0x02, 0x2A, 0x0A, 0x0A, 0x01, 0xE9, 0x01, 0xA8, 0x01, 0xA8, 0x01, 0x67, 0x09, 0xC9, 0x0A, 0x29,
    0x01, 0x47, 0x01, 0x67, 0x01, 0xA7, 0x09, 0xC8, 0x0A, 0x29, 0x0A, 0x4A, 0x0A, 0x8B, 0x0A, 0x09,
    0x01, 0x47, 0x0A, 0x09, 0x0A, 0xAB, 0x0A, 0x4A, 0x09, 0xE9, 0x09, 0xC9, 0x02, 0x2B, 0x13, 0x4E,
    0x1B, 0x8F, 0x0A, 0xEE, 0x02, 0xCD, 0x0B, 0x0D, 0x02, 0x8C, 0x01, 0xA8, 0x00, 0x02, 0x01, 0x07,
    0x1B, 0x2E, 0x12, 0xCC, 0x23, 0x4E, 0x23, 0xAF, 0x2B, 0xF0, 0x0A, 0xED, 0x02, 0x0B, 0x02, 0x2A,
    0x01, 0x8B, 0x01, 0x8A, 0x01, 0x8B, 0x01, 0xEC, 0x01, 0xEB, 0x01, 0xA9, 0x01, 0x48, 0x01, 0x89,
    0x01, 0xCB, 0x02, 0x6D, 0x02, 0x4C, 0x02, 0x0B, 0x01, 0xA9, 0x01, 0x06, 0x01, 0x07, 0x01, 0x07,
    0x01, 0x47, 0x00, 0xE6, 0x01, 0x48, 0x02, 0x2B, 0x02, 0x4B, 0x02, 0x8C, 0x02, 0xED, 0x03, 0x4F,
    0x0C, 0x12, 0x35, 0x15, 0x4D, 0x75, 0x34, 0xD3, 0x02, 0x6D, 0x01, 0x49, 0x01, 0x07, 0x00, 0xE6,
    0x00, 0xC4, 0x00, 0xE4, 0x00, 0x83, 0x00, 0xA4, 0x01, 0x25, 0x00, 0xC4, 0x00, 0x83, 0x00, 0x63,
    0x00, 0x43, 0x00, 0xE6, 0x01, 0x88, 0x01, 0xC9, 0x01, 0x48, 0x01, 0xEA, 0x0A, 0xED, 0x0A, 0x6B,
    0x01, 0x68, 0x01, 0x68, 0x01, 0xA9, 0x23, 0x0D, 0x12, 0x6A, 0x01, 0x25, 0x09, 0x45, 0x01, 0x25,
    0x01, 0xA6, 0x30, 0xCA, 0xF8, 0x1F, 0xF8, 0x1F, 0xF8, 0x1F, 0xF8, 0x1F, 0xF8, 0x1F, 0xF8, 0x1F,
    0xF8, 0x1F, 0xF8, 0x1F, 0xF8, 0x1F, 0xF8, 0x1F, 0xF8, 0x1F, 0xF8, 0x1F, 0xF8, 0x1F, 0xF8, 0x1F,
    0xF8, 0x1F, 0xF8, 0x1F, 0xF8, 0x1F, 0xF8, 0x1F, 0xF8, 0x1F, 0xF8, 0x1F, 0xF8, 0x1F, 0xB8, 0x38,
    0x31, 0x6C, 0x02, 0xCA, 0x03, 0x6F, 0x02, 0xCF, 0x03, 0x70, 0x04, 0x52, 0x03, 0xF1, 0x02, 0x6D,
    0x02, 0x4C, 0x02, 0x4C, 0x01, 0xAB, 0x01, 0xCB, 0x02, 0x0B, 0x00, 0xE6, 0x01, 0x88, 0x01, 0xC9,
    0x00, 0xC5, 0x00, 0x84, 0x01, 0x06, 0x00, 0xA4, 0x00, 0x40, 0x40, 0x49, 0xE0, 0x1C, 0xF8, 0x1F,
    0xF8, 0x1F, 0xF8, 0x1F, 0xF8, 0x1F, 0xF8, 0x1F, 0xF8, 0x1F, 0xF8, 0x1F, 0xF8, 0x1F, 0xF8, 0x1F,
    0xF8, 0x1F, 0xF8, 0x1F, 0xF8, 0x1F, 0xB0, 0x99, 0x01, 0xA9, 0x01, 0xAA, 0x01, 0xCA, 0x01, 0x89,
    0x02, 0x2B, 0x02, 0x0A, 0x01, 0xAA, 0x01, 0x68, 0x01, 0x07, 0x01, 0x26, 0x01, 0x27, 0x00, 0xE6,
    0x01, 0x06, 0x01, 0x06, 0x01, 0x26, 0x01, 0x67, 0x01, 0xA8, 0x01, 0x68, 0x01, 0xE9, 0x01, 0xC9,
    0x01, 0xC9, 0x01, 0x47, 0x01, 0x87, 0x09, 0x87, 0x01, 0x47, 0x01, 0xE8, 0x09, 0xC8, 0x01, 0x67,
    0x01, 0x46, 0x01, 0x67, 0x0A, 0x29, 0x01, 0x67, 0x12, 0x4A, 0x0A, 0x29, 0x0A, 0x09, 0x01, 0xC9,
    0x01, 0xC9, 0x01, 0x69, 0x02, 0x2B, 0x02, 0x4C, 0x02, 0xCE, 0x02, 0x8D, 0x0A, 0xAC, 0x0A, 0x6B,
    0x02, 0x6B, 0x01, 0xE9, 0x00, 0x84, 0x09, 0xCA, 0x12, 0xCC, 0x02, 0x2B, 0x23, 0xAF, 0x0A, 0xCD,
    0x0A, 0x6D, 0x1B, 0x8F, 0x02, 0x0A, 0x01, 0xA9, 0x01, 0x8A, 0x01, 0xAB, 0x01, 0xCC, 0x02, 0x0C,
    0x02, 0x4C, 0x02, 0x0A, 0x01, 0x28, 0x01, 0x49, 0x01, 0xCB, 0x02, 0x6C, 0x02, 0x4C, 0x02, 0x0B,
    0x01, 0x68, 0x01, 0x06, 0x01, 0x06, 0x01, 0x27, 0x01, 0x26, 0x01, 0x06, 0x01, 0x27, 0x02, 0x2B,
    0x02, 0x6B, 0x02, 0x6B, 0x02, 0xEE, 0x13, 0xF1, 0x2C, 0xB3, 0x3C, 0xF4, 0x34, 0xF4, 0x1C, 0x52,
    0x02, 0xCE, 0x01, 0xEA, 0x01, 0x27, 0x00, 0xC5, 0x00, 0x43, 0x00, 0x83, 0x00, 0x83, 0x00, 0x63,
    0x00, 0x63, 0x00, 0xC3, 0x00, 0x42, 0x00, 0x43, 0x01, 0x27, 0x01, 0xA9, 0x01, 0xC9, 0x01, 0xA8,
    0x09, 0xA9, 0x2A, 0xAB, 0x2B, 0x4D, 0x12, 0x09, 0x00, 0xE6, 0x01, 0x47, 0x02, 0x0A, 0x22, 0xCB,
    0x11, 0xA7, 0x09, 0x65, 0x11, 0x24, 0x01, 0x25, 0x01, 0x45, 0x90, 0x54, 0xF8, 0x1F, 0xF8, 0x1F,
    0xF8, 0x1F, 0xF8, 0x1F, 0xF8, 0x1F, 0xF8, 0x1F, 0xF8, 0x1F, 0xF8, 0x1F, 0xF8, 0x1F, 0xF8, 0x1F,
    0xF8, 0x1F, 0xF8, 0x1F, 0xF8, 0x1F, 0xF8, 0x1F, 0xF8, 0x1F, 0xF8, 0x1F, 0xF8, 0x1F, 0xF8, 0x1F,
    0xF8, 0x1F, 0xE0, 0x1C, 0x58, 0x8E, 0x02, 0x69, 0x03, 0x6E, 0x03, 0x71, 0x03, 0x0F, 0x03, 0x0F,
    0x03, 0xD1, 0x04, 0x93, 0x03, 0xD1, 0x02, 0x2C, 0x02, 0x4C, 0x02, 0x2C, 0x01, 0xCB, 0x01, 0xCB,
    0x01, 0x48, 0x01, 0x27, 0x01, 0xA8, 0x01, 0x05, 0x00, 0x84, 0x01, 0x26, 0x01, 0x67, 0x00, 0xC5,
    0x00, 0xA4, 0x00, 0xA2, 0x10, 0x44, 0xB0, 0x17, 0xF8, 0x1F, 0xF8, 0x1F, 0xF8, 0x1F, 0xF8, 0x1F,
    0xF8, 0x1F, 0xF8, 0x1F, 0xF8, 0x1F, 0xF8, 0x1F, 0xF8, 0x1F, 0xF8, 0x1F, 0xF8, 0x1F, 0xB8, 0x79,
    0x01, 0xC9, 0x32, 0x8A, 0x12, 0x2A, 0x01, 0xEA, 0x01, 0xCA, 0x01, 0x89, 0x01, 0x07, 0x01, 0x68,
    0x01, 0x67, 0x00, 0xE6, 0x01, 0x06, 0x01, 0x06, 0x00, 0x42, 0x00, 0x84, 0x01, 0x88, 0x01, 0xE9,
    0x01, 0x88, 0x01, 0xE9, 0x01, 0xC8, 0x01, 0xA8, 0x01, 0xC8, 0x01, 0xA8, 0x12, 0x4A, 0x01, 0x47,
    0x09, 0x88, 0x01, 0x47, 0x09, 0x87, 0x0A, 0x09, 0x09, 0xE9, 0x12, 0x8B, 0x1A, 0xCB, 0x0A, 0x6B,
    0x1A, 0xEB, 0x01, 0x67, 0x01, 0x68, 0x02, 0x0B, 0x02, 0x2C, 0x23, 0xB0, 0x34, 0x92, 0x23, 0xD0,
    0x1B, 0x2E, 0x0A, 0xAD, 0x02, 0x0A, 0x01, 0xA9, 0x02, 0x2B, 0x02, 0x2B, 0x12, 0xCC, 0x1B, 0x2E,
    0x02, 0x0B, 0x02, 0x6D, 0x02, 0xCE, 0x02, 0x6E, 0x02, 0x6E, 0x2C, 0x31, 0x1B, 0xB0, 0x02, 0x6D,
    0x01, 0x8A, 0x01, 0xCC, 0x02, 0x0C, 0x02, 0x4D, 0x02, 0x0C, 0x01, 0xCA, 0x01, 0x48, 0x01, 0x69,
    0x01, 0xEA, 0x02, 0x2B, 0x02, 0x0B, 0x01, 0xA9, 0x01, 0x27, 0x00, 0xE6, 0x00, 0xE6, 0x01, 0x68,
    0x01, 0x88, 0x01, 0x27, 0x01, 0x06, 0x01, 0x89, 0x02, 0x0A, 0x02, 0x4B, 0x02, 0xEE, 0x0B, 0x90,
    0x1C, 0x12, 0x3C, 0xD4, 0x14, 0x12, 0x02, 0xCE, 0x02, 0x4C, 0x01, 0xC9, 0x00, 0xE6, 0x00, 0x84,
    0x00, 0x63, 0x00, 0x22, 0x00, 0x42, 0x00, 0xA4, 0x00, 0x84, 0x00, 0x83, 0x00, 0x44, 0x00, 0xE6,
    0x01, 0xC9, 0x01, 0xE9, 0x01, 0xC8, 0x01, 0x68, 0x02, 0x0A, 0x0A, 0x8C, 0x0A, 0xAD, 0x01, 0x88,
    0x01, 0x07, 0x01, 0x47, 0x02, 0x6C, 0x0A, 0x8B, 0x01, 0x26, 0x09, 0x65, 0x01, 0x04, 0x01, 0x25,
    0x01, 0x46, 0xC8, 0x1A, 0xF8, 0x1F, 0xF8, 0x1F, 0xF8, 0x1F, 0xF8, 0x1F, 0xF8, 0x1F, 0xF8, 0x1F,
    0xF8, 0x1F, 0xF8, 0x1F, 0xF8, 0x1F, 0xF8, 0x1F, 0xF8, 0x1F, 0xF8, 0x1F, 0xF8, 0x1F, 0xF8, 0x1F,
    0xF8, 0x1F, 0xF8, 0x1F, 0xF8, 0x1F, 0xF8, 0x1F, 0x88, 0x12, 0x10, 0xE7, 0x02, 0xCB, 0x03, 0xD1,
    0x03, 0x70, 0x03, 0x0F, 0x03, 0x4F, 0x03, 0xD0, 0x04, 0x32, 0x04, 0x93, 0x03, 0x4F, 0x02, 0x4C,
    0x01, 0xEB, 0x01, 0xCB, 0x01, 0xEC, 0x01, 0xAA, 0x09, 0x05, 0x09, 0xA8, 0x01, 0x47, 0x00, 0x84,
    0x00, 0xC4, 0x01, 0x67, 0x01, 0x47, 0x01, 0x27, 0x01, 0x26, 0x00, 0xC5, 0x00, 0xC3, 0x00, 0x82,
    0x78, 0x30, 0xF8, 0x1F, 0xF8, 0x1F, 0xF8, 0x1F, 0xF8, 0x1F, 0xF8, 0x1F, 0xF8, 0x1F, 0xF8, 0x1F,
    0xF8, 0x1F, 0xF8, 0x1F, 0xF8, 0x1F, 0xB8, 0x9A, 0x02, 0x4B, 0x22, 0x6A, 0x09, 0xC9, 0x01, 0xA9,
    0x01, 0xA9, 0x01, 0x07, 0x01, 0x27, 0x01, 0xEA, 0x01, 0xA8, 0x01, 0x27, 0x01, 0x27, 0x01, 0x06,
    0x00, 0xA4, 0x00, 0xA4, 0x01, 0xC9, 0x02, 0x4B, 0x01, 0xA8, 0x01, 0xC9, 0x01, 0xC9, 0x01, 0x26,
    0x01, 0xA8, 0x1A, 0x8A, 0x11, 0xE9, 0x0A, 0x29, 0x0A, 0x09, 0x01, 0xC8, 0x09, 0xC8, 0x12, 0x29,
    0x01, 0x67, 0x01, 0xA8, 0x09, 0xE9, 0x0A, 0x6B, 0x01, 0xC8, 0x01, 0xA9, 0x02, 0x4C, 0x02, 0x4C,
    0x1B, 0xF1, 0x1B, 0x6F, 0x02, 0x4C, 0x0A, 0x6C, 0x02, 0x2B, 0x02, 0x0A, 0x02, 0x4B, 0x02, 0x2C,
    0x02, 0x4B, 0x12, 0xED, 0x23, 0x6F, 0x02, 0xCE, 0x02, 0x8E, 0x13, 0x70, 0x0B, 0x4F, 0x03, 0x50,
    0x03, 0x30, 0x02, 0xEE, 0x0B, 0xB0, 0x0B, 0x90, 0x01, 0x6A, 0x01, 0xAB, 0x01, 0xED, 0x02, 0x4E,
    0x01, 0xCC, 0x01, 0x69, 0x01, 0x49, 0x01, 0xCB, 0x02, 0x4B, 0x02, 0x2B, 0x01, 0xEA, 0x01, 0x68,
    0x00, 0xE6, 0x00, 0xE6, 0x01, 0x27, 0x01, 0x07, 0x01, 0x07, 0x01, 0x27, 0x01, 0x27, 0x01, 0x88,
    0x01, 0xA9, 0x01, 0xC9, 0x02, 0x6C, 0x03, 0x2F, 0x0B, 0xB0, 0x34, 0x93, 0x0B, 0x90, 0x02, 0x6D,
    0x02, 0x0B, 0x00, 0xE6, 0x00, 0x85, 0x00, 0x83, 0x00, 0x63, 0x00, 0x22, 0x00, 0x43, 0x00, 0xA4,
    0x00, 0xC5, 0x00, 0xA4, 0x01, 0x06, 0x01, 0x88, 0x01, 0xC9, 0x01, 0xA8, 0x01, 0x47, 0x01, 0x27,
    0x11, 0xE9, 0x22, 0xAB, 0x02, 0x4B, 0x01, 0x68, 0x01, 0x68, 0x01, 0x69, 0x43, 0x2C, 0x3A, 0x88,
    0x09, 0x25, 0x11, 0x65, 0x00, 0xE4, 0x01, 0x05, 0x09, 0x06, 0xD8, 0x1C, 0xF8, 0x1F, 0xF8, 0x1F,
    0xF8, 0x1F, 0xF8, 0x1F, 0xF8, 0x1F, 0xF8, 0x1F, 0xF8, 0x1F, 0xF8, 0x1F, 0xF8, 0x1F, 0xF8, 0x1F,
    0xF8, 0x1F, 0xF8, 0x1F, 0xF8, 0x1F, 0xF8, 0x1F, 0xF8, 0x1F, 0xF8, 0x1F, 0xB8, 0x17, 0x30, 0x47,
    0x01, 0x86, 0x03, 0x6F, 0x04, 0x12, 0x03, 0xD1, 0x03, 0x70, 0x03, 0x70, 0x03, 0xB1, 0x03, 0xF2,
    0x04, 0x94, 0x04, 0x12, 0x02, 0xAE, 0x02, 0x4C, 0x01, 0xCB, 0x01, 0xAB, 0x02, 0x2C, 0x01, 0x07,
    0x11, 0x25, 0x11, 0xA8, 0x00, 0xE5, 0x00, 0x83, 0x00, 0xE5, 0x01, 0x27, 0x01, 0x26, 0x01, 0x67,
    0x01, 0x88, 0x01, 0x47, 0x01, 0x06, 0x00, 0xC4, 0x00, 0xA1, 0x40, 0x4A, 0xE0, 0x1C, 0xF8, 0x1F,
    0xF8, 0x1F, 0xF8, 0x1F, 0xF8, 0x1F, 0xF8, 0x1F, 0xF8, 0x1F, 0xF8, 0x1F, 0xF8, 0x1F, 0xB0, 0xBA,
    0x02, 0x4C, 0x02, 0x2C, 0x01, 0x69, 0x00, 0xE6, 0x01, 0x27, 0x01, 0x67, 0x01, 0xA8, 0x01, 0xA8,
    0x01, 0x47, 0x01, 0x06, 0x01, 0x47, 0x01, 0x06, 0x11, 0x24, 0x09, 0x66, 0x01, 0xA8, 0x01, 0x26,
    0x01, 0x47, 0x01, 0xE9, 0x01, 0xA8, 0x01, 0xA8, 0x12, 0xEC, 0x09, 0xC8, 0x00, 0xA5, 0x09, 0xE9,
    0x0A, 0x8B, 0x01, 0xE8, 0x01, 0x47, 0x01, 0x26, 0x09, 0xC9, 0x09, 0xE9, 0x01, 0xA8, 0x01, 0xC8,
    0x01, 0x68, 0x0A, 0x8B, 0x02, 0xAD, 0x03, 0x2F, 0x13, 0xD0, 0x02, 0x0B, 0x01, 0xEA, 0x0A, 0xCD,
    0x01, 0xE9, 0x01, 0xA9, 0x0B, 0x2E, 0x1B, 0x6F, 0x02, 0x8D, 0x02, 0x0C, 0x02, 0x4D, 0x0B, 0x91,
    0x0B, 0x2F, 0x0B, 0x0E, 0x0A, 0xEE, 0x02, 0xEE, 0x03, 0x2E, 0x02, 0x0A, 0x02, 0x8C, 0x1A, 0xED,
    0x01, 0x8B, 0x01, 0x8B, 0x02, 0x2D, 0x02, 0x8E, 0x01, 0xEC, 0x01, 0x28, 0x01, 0x69, 0x01, 0xEB,
    0x02, 0x2B, 0x02, 0x0A, 0x01, 0xA8, 0x01, 0x26, 0x00, 0xE6, 0x01, 0x07, 0x01, 0xA8, 0x01, 0x46,
    0x00, 0xC6, 0x01, 0x06, 0x01, 0x88, 0x01, 0x47, 0x11, 0xC8, 0x02, 0x4B, 0x03, 0x2F, 0x03, 0xB0,
    0x14, 0x12, 0x1C, 0x32, 0x03, 0xB0, 0x02, 0x4D, 0x01, 0x69, 0x00, 0xE6, 0x00, 0xC5, 0x00, 0xA3,
    0x00, 0x42, 0x00, 0x22, 0x00, 0x83, 0x00, 0x84, 0x00, 0xC5, 0x01, 0x07, 0x01, 0x47, 0x01, 0x68,
    0x01, 0xE9, 0x01, 0xA8, 0x01, 0x06, 0x01, 0x28, 0x1A, 0x2A, 0x32, 0xCB, 0x01, 0xE9, 0x01, 0x48,
    0x01, 0x68, 0x02, 0x0B, 0x2B, 0x6D, 0x32, 0x07, 0x11, 0x24, 0x09, 0x25, 0x00, 0xC4, 0x01, 0x25,
    0x08, 0xC6, 0xE8, 0x1D, 0xF8, 0x1F, 0xF8, 0x1F, 0xF8, 0x1F, 0xF8, 0x1F, 0xF8, 0x1F, 0xF8, 0x1F,
    0xF8, 0x1F, 0xF8, 0x1F, 0xF8, 0x1F, 0xF8, 0x1F, 0xF8, 0x1F, 0xF8, 0x1F, 0xF8, 0x1F, 0xF8, 0x1F,
    0xE0, 0x1C, 0x58, 0x2C, 0x00, 0xA3, 0x01, 0xA8, 0x03, 0x70, 0x03, 0xF2, 0x03, 0xD1, 0x03, 0xB1,
    0x03, 0xD1, 0x03, 0xB0, 0x03, 0x91, 0x04, 0x53, 0x04, 0x93, 0x02, 0xCE, 0x02, 0x4C, 0x02, 0x0B,
    0x01, 0xAB, 0x01, 0xEC, 0x02, 0x0B, 0x00, 0xE6, 0x01, 0x89, 0x01, 0x66, 0x00, 0x83, 0x00, 0xC4,
    0x01, 0x46, 0x01, 0x26, 0x01, 0x06, 0x01, 0x27, 0x01, 0x88, 0x01, 0xA9, 0x01, 0x26, 0x01, 0x06,
    0x01, 0x06, 0x00, 0xA2, 0x10, 0x45, 0xB0, 0x37, 0xF8, 0x1F, 0xF8, 0x1F, 0xF8, 0x1F, 0xF8, 0x1F,
    0xF8, 0x1F, 0xF8, 0x1F, 0xF8, 0x1F, 0xA0, 0xB8, 0x01, 0xC9, 0x01, 0x69, 0x01, 0x06, 0x01, 0x06,
    0x01, 0x47, 0x01, 0x88, 0x01, 0x27, 0x01, 0x06, 0x01, 0x88, 0x01, 0x46, 0x00, 0xA4, 0x08, 0xE4,
    0x59, 0xC1, 0x21, 0xE6, 0x01, 0x47, 0x00, 0x01, 0x01, 0x06, 0x01, 0xE9, 0x01, 0x87, 0x01, 0xA8,
    0x09, 0xC8, 0x01, 0x68, 0x01, 0xC9, 0x02, 0x8C, 0x13, 0x2E, 0x0A, 0xAC, 0x0A, 0x4A, 0x12, 0x6B,
    0x12, 0xAC, 0x02, 0x0A, 0x01, 0xE9, 0x01, 0xC9, 0x02, 0x2B, 0x02, 0x4B, 0x01, 0x89, 0x2C, 0x10,
    0x02, 0xCD, 0x01, 0x89, 0x02, 0x4C, 0x0B, 0x0E, 0x0A, 0xED, 0x1B, 0x8F, 0x13, 0x2E, 0x0A, 0x6D,
    0x02, 0xCF, 0x02, 0xEF, 0x02, 0xEE, 0x03, 0x4F, 0x03, 0x2F, 0x02, 0x6B, 0x01, 0xEA, 0x02, 0x4B,
    0x02, 0x2B, 0x0A, 0x4B, 0x02, 0x2A, 0x02, 0x0A, 0x01, 0xCB, 0x01, 0xCB, 0x02, 0x0D, 0x02, 0xAE,
    0x02, 0x0B, 0x01, 0x49, 0x01, 0x88, 0x09, 0xEA, 0x12, 0x4A, 0x02, 0x2A, 0x01, 0x27, 0x00, 0xE7,
    0x01, 0xA9, 0x01, 0x48, 0x01, 0x47, 0x00, 0xE5, 0x00, 0xC5, 0x00, 0xE6, 0x01, 0x26, 0x00, 0xE5,
    0x19, 0x66, 0x02, 0x8C, 0x03, 0x4F, 0x03, 0x50, 0x1C, 0x72, 0x1C, 0x73, 0x13, 0xB1, 0x02, 0x0B,
    0x01, 0x48, 0x01, 0x06, 0x00, 0x83, 0x00, 0x21, 0x00, 0x22, 0x00, 0x63, 0x01, 0x05, 0x00, 0xC5,
    0x01, 0x07, 0x01, 0x28, 0x01, 0x89, 0x01, 0xE9, 0x01, 0xA8, 0x01, 0x27, 0x01, 0x27, 0x01, 0xCA,
    0x02, 0x4C, 0x02, 0xAD, 0x01, 0xEA, 0x01, 0x48, 0x01, 0xA9, 0x02, 0xCD, 0x0A, 0xED, 0x09, 0xA6,
    0x09, 0x45, 0x09, 0x03, 0x09, 0x05, 0x01, 0x45, 0x08, 0x85, 0xF0, 0x1E, 0xF8, 0x1F, 0xF8, 0x1F,
    0xF8, 0x1F, 0xF8, 0x1F, 0xF8, 0x1F, 0xF8, 0x1F, 0xF8, 0x1F, 0xF8, 0x1F, 0xF8, 0x1F, 0xF8, 0x1F,
    0xF8, 0x1F, 0xF8, 0x1F, 0xF0, 0x1E, 0x88, 0x32, 0x10, 0x84, 0x01, 0x03, 0x02, 0x0A, 0x03, 0xB0,
    0x03, 0xD1, 0x03, 0x91, 0x04, 0x93, 0x04, 0x53, 0x04, 0x12, 0x03, 0xD1, 0x04, 0x12, 0x04, 0xD4,
    0x03, 0x90, 0x02, 0x4D, 0x02, 0x0B, 0x01, 0xEB, 0x01, 0xEC, 0x01, 0xEB, 0x01, 0x47, 0x00, 0xE6,
    0x01, 0xE9, 0x00, 0xC5, 0x00, 0xC4, 0x01, 0x46, 0x01, 0x67, 0x01, 0x06, 0x00, 0xA4, 0x01, 0x06,
    0x01, 0x88, 0x01, 0x47, 0x19, 0xC6, 0x21, 0xE6, 0x01, 0x68, 0x01, 0x27, 0x01, 0x05, 0x00, 0xA2,
    0x78, 0x51, 0xF8, 0x1F, 0xF8, 0x1F, 0xF8, 0x1F, 0xF8, 0x1F, 0xF8, 0x1F, 0xF8, 0x1F, 0x78, 0xD4,
    0x01, 0xA7, 0x01, 0x48, 0x01, 0x06, 0x01, 0x26, 0x01, 0x47, 0x01, 0x47, 0x01, 0x06, 0x00, 0xE6,
    0x00, 0xE6, 0x01, 0x06, 0x01, 0x06, 0x01, 0x46, 0x09, 0x25, 0x01, 0x88, 0x0A, 0x09, 0x01, 0xA8,
    0x01, 0x67, 0x01, 0x26, 0x01, 0x27, 0x02, 0x0A, 0x02, 0x2A, 0x02, 0xCD, 0x0B, 0xD1, 0x2C, 0x92,
    0x3D, 0x34, 0x3C, 0xB2, 0x12, 0xED, 0x23, 0x8F, 0x23, 0x8F, 0x13, 0x0E, 0x02, 0x8C, 0x02, 0xAD,
    0x02, 0x6C, 0x02, 0x2B, 0x00, 0xA6, 0x0A, 0x4B, 0x0A, 0xCD, 0x0A, 0x8C, 0x0B, 0xB0, 0x0B, 0x90,
    0x02, 0xCE, 0x02, 0xCE, 0x02, 0x4D, 0x02, 0x4D, 0x03, 0x10, 0x0B, 0x90, 0x0A, 0x8D, 0x02, 0x6C,
    0x0A, 0xED, 0x02, 0x8C, 0x0A, 0xCD, 0x03, 0x0E, 0x0B, 0x0E, 0x0B, 0x0E, 0x0B, 0x2E, 0x03, 0x0E,
    0x01, 0xEB, 0x01, 0xCB, 0x01, 0xCC, 0x01, 0xEC, 0x01, 0x89, 0x01, 0x48, 0x01, 0x89, 0x01, 0xEA,
    0x02, 0x2B, 0x01, 0xEA, 0x01, 0x07, 0x01, 0x07, 0x01, 0x88, 0x01, 0x07, 0x00, 0xE6, 0x00, 0xC5,
    0x00, 0xC6, 0x01, 0x88, 0x01, 0x47, 0x01, 0x06, 0x01, 0x48, 0x02, 0x6C, 0x03, 0x0F, 0x03, 0x0F,
    0x14, 0x12, 0x2C, 0xD3, 0x13, 0x70, 0x01, 0x89, 0x01, 0x27, 0x00, 0xA4, 0x00, 0x22, 0x00, 0x22,
    0x00, 0x43, 0x01, 0x05, 0x01, 0x05, 0x01, 0x06, 0x01, 0x69, 0x01, 0xAA, 0x01, 0xEA, 0x01, 0x88,
    0x01, 0x69, 0x01, 0x69, 0x01, 0xA9, 0x02, 0x8C, 0x0A, 0xCD, 0x0A, 0x8C, 0x01, 0xA9, 0x01, 0x68,
    0x02, 0x4B, 0x13, 0x8F, 0x0A, 0xAB, 0x21, 0x84, 0x19, 0x64, 0x01, 0x04, 0x01, 0x67, 0x01, 0x66,
    0x08, 0xA5, 0xF0, 0x1E, 0xF8, 0x1F, 0xF8, 0x1F, 0xF8, 0x1F, 0xF8, 0x1F, 0xF8, 0x1F, 0xF8, 0x1F,
    0xF8, 0x1F, 0xF8, 0x1F, 0xF8, 0x1F, 0xF8, 0x1F, 0xF8, 0x1F, 0xB8, 0x17, 0x30, 0x68, 0x01, 0x03,
    0x01, 0x67, 0x01, 0xEA, 0x03, 0x6F, 0x04, 0x31, 0x03, 0xB0, 0x03, 0xD2, 0x05, 0x35, 0x04, 0x93,
    0x03, 0xB1, 0x04, 0x32, 0x04, 0xD4, 0x04, 0x32, 0x02, 0xEE, 0x02, 0x8D, 0x02, 0x0B, 0x01, 0xEC,
    0x02, 0x4D, 0x01, 0xA9, 0x08, 0xA4, 0x01, 0xA9, 0x01, 0x88, 0x00, 0xA4, 0x00, 0xE5, 0x01, 0x26,
    0x01, 0x26, 0x00, 0xE5, 0x00, 0xA4, 0x01, 0x26, 0x01, 0x67, 0x01, 0x47, 0x32, 0x07, 0x19, 0xE8,
    0x01, 0xEA, 0x01, 0x88, 0x01, 0xA9, 0x01, 0x06, 0x00, 0x81, 0x38, 0x6A, 0xD0, 0x3B, 0xF8, 0x1F,
    0xF8, 0x1F, 0xF8, 0x1F, 0xF0, 0x1E, 0x29, 0x0C, 0x19, 0xA5, 0x09, 0x25, 0x00, 0xE6, 0x01, 0x26,
    0x00, 0xC5, 0x01, 0x06, 0x00, 0xE5, 0x01, 0x06, 0x01, 0x26, 0x01, 0x67, 0x01, 0xC8, 0x01, 0x88,
    0x01, 0x88, 0x01, 0x87, 0x0A, 0x09, 0x01, 0x87, 0x01, 0x27, 0x01, 0x88, 0x01, 0xA9, 0x01, 0xCA,
    0x02, 0x8D, 0x02, 0xCE, 0x02, 0xCF, 0x0A, 0x8E, 0x23, 0x6F, 0x23, 0x6F, 0x0A, 0x4C, 0x01, 0xEA,
    0x02, 0x4C, 0x0A, 0xEE, 0x02, 0x8E, 0x02, 0xAF, 0x02, 0x6E, 0x01, 0xEB, 0x02, 0x2B, 0x0A, 0xAD,
    0x0B, 0x0E, 0x13, 0x2F, 0x02, 0xCE, 0x02, 0xEF, 0x0B, 0x50, 0x0B, 0x50, 0x02, 0xCE, 0x02, 0xEF,
    0x0B, 0x70, 0x1B, 0xD0, 0x02, 0x6C, 0x02, 0x8C, 0x02, 0xAD, 0x1B, 0x8F, 0x12, 0xED, 0x0A, 0xCC,
    0x12, 0xEC, 0x02, 0x0A, 0x0A, 0x8B, 0x0A, 0x8B, 0x01, 0x8A, 0x01, 0xCB, 0x02, 0x2D, 0x02, 0x0C,
    0x01, 0x69, 0x01, 0x48, 0x01, 0x8A, 0x01, 0xEB, 0x02, 0x0B, 0x01, 0x89, 0x00, 0xE6, 0x00, 0xC5,
    0x01, 0x07, 0x01, 0x07, 0x00, 0xC6, 0x00, 0xC5, 0x00, 0xC5, 0x01, 0x67, 0x01, 0x47, 0x01, 0xA9,
    0x02, 0x4C, 0x02, 0x8D, 0x02, 0xCD, 0x03, 0x0F, 0x0B, 0xB1, 0x2C, 0xB3, 0x1C, 0x32, 0x01, 0xEA,
    0x00, 0xC6, 0x00, 0x64, 0x00, 0x42, 0x00, 0x84, 0x01, 0x06, 0x01, 0x05, 0x00, 0xC5, 0x01, 0x07,
    0x01, 0x89, 0x01, 0xC9, 0x01, 0xA9, 0x02, 0x4C, 0x02, 0x8C, 0x02, 0x0B, 0x0A, 0x2B, 0x0A, 0xED,
    0x0B, 0x0D, 0x0A, 0x8C, 0x01, 0x68, 0x01, 0x07, 0x01, 0xEB, 0x1B, 0x4E, 0x12, 0x28, 0x09, 0x25,
    0x09, 0x44, 0x01, 0x45, 0x01, 0xE9, 0x01, 0x87, 0x08, 0xC5, 0xE0, 0x1C, 0xF8, 0x1F, 0xF8, 0x1F,
    0xF8, 0x1F, 0xF8, 0x1F, 0xF8, 0x1F, 0xF8, 0x1F, 0xF8, 0x1F, 0xF8, 0x1F, 0xF8, 0x1F, 0xD8, 0x1C,
    0x58, 0x4C, 0x00, 0xE3, 0x09, 0x85, 0x09, 0x87, 0x01, 0xC9, 0x02, 0xEE, 0x03, 0xF1, 0x03, 0xD1,
    0x03, 0xB0, 0x03, 0xD1, 0x04, 0x32, 0x03, 0x91, 0x03, 0x50, 0x04, 0x13, 0x04, 0xB4, 0x03, 0x50,
    0x02, 0x2C, 0x02, 0x4C, 0x01, 0xEB, 0x01, 0xCC, 0x02, 0x0C, 0x01, 0x88, 0x01, 0x68, 0x02, 0x4B,
    0x01, 0x26, 0x00, 0xE5, 0x01, 0x26, 0x01, 0x67, 0x01, 0x26, 0x01, 0x06, 0x01, 0x47, 0x01, 0x88,
    0x01, 0x47, 0x09, 0xC9, 0x09, 0xC9, 0x01, 0xEA, 0x01, 0x47, 0x00, 0x85, 0x01, 0xA9, 0x01, 0x27,
    0x01, 0x47, 0x01, 0x03, 0x08, 0x84, 0x70, 0x50, 0xD0, 0x1B, 0xE0, 0x3D, 0x60, 0xD0, 0x01, 0x26,
    0x09, 0x25, 0x01, 0x05, 0x01, 0x06, 0x00, 0xC5, 0x00, 0xC5, 0x00, 0xC5, 0x00, 0xC5, 0x01, 0x27,
    0x01, 0x88, 0x01, 0x88, 0x01, 0x67, 0x01, 0x47, 0x01, 0x47, 0x01, 0x67, 0x01, 0x67, 0x01, 0x27,
    0x01, 0xEB, 0x02, 0x2B, 0x02, 0x2B, 0x02, 0x2B, 0x02, 0x6C, 0x02, 0x2C, 0x02, 0x4D, 0x02, 0xAF,
    0x02, 0x4D, 0x02, 0x2C, 0x02, 0x8D, 0x02, 0x6D, 0x02, 0x4D, 0x02, 0xEF, 0x03, 0x10, 0x03, 0xB2,
    0x03, 0x91, 0x02, 0xAE, 0x02, 0x8E, 0x02, 0x8E, 0x02, 0xAE, 0x02, 0xCE, 0x13, 0x70, 0x02, 0xEE,
    0x1B, 0xF1, 0x1C, 0x11, 0x02, 0x8C, 0x0A, 0xAC, 0x0A, 0x6C, 0x0A, 0x6C, 0x02, 0xAD, 0x03, 0x0E,
    0x0B, 0x0E, 0x12, 0xCB, 0x0A, 0x6B, 0x02, 0x09, 0x02, 0x0A, 0x02, 0x0A, 0x01, 0xC8, 0x02, 0x09,
    0x01, 0x29, 0x01, 0xAB, 0x02, 0x4D, 0x02, 0x0C, 0x01, 0x49, 0x01, 0x48, 0x01, 0xAA, 0x01, 0xEB,
    0x01, 0xEA, 0x01, 0x88, 0x01, 0x07, 0x01, 0x47, 0x01, 0x48, 0x00, 0xE6, 0x00, 0xA5, 0x01, 0x06,
    0x01, 0x48, 0x01, 0x27, 0x00, 0xA5, 0x01, 0x89, 0x02, 0xCD, 0x02, 0xCD, 0x02, 0xCD, 0x03, 0x0E,
    0x13, 0xB0, 0x13, 0xD0, 0x03, 0x0E, 0x01, 0xEA, 0x01, 0x27, 0x00, 0xC4, 0x00, 0x43, 0x00, 0xC4,
    0x01, 0x87, 0x00, 0xA5, 0x00, 0xA5, 0x01, 0x48, 0x01, 0xEA, 0x01, 0xC9, 0x02, 0x2C, 0x23, 0x8E,
    0x0A, 0xCC, 0x02, 0xAD, 0x12, 0xED, 0x23, 0x0D, 0x2A, 0xEC, 0x1A, 0x8B, 0x01, 0x68, 0x01, 0x07,
    0x01, 0xA9, 0x22, 0x8A, 0x09, 0x86, 0x01, 0x45, 0x01, 0x25, 0x09, 0x87, 0x01, 0xC8, 0x01, 0x47,
    0x00, 0xE5, 0xD0, 0x1A, 0xF8, 0x1F, 0xF8, 0x1F, 0xF8, 0x1F, 0xF8, 0x1F, 0xF8, 0x1F, 0xF8, 0x1F,
    0xF8, 0x1F, 0xF0, 0x1E, 0x88, 0x31, 0x08, 0x43, 0x01, 0x02, 0x19, 0x86, 0x19, 0xA7, 0x11, 0xA7,
    0x02, 0x0A, 0x03, 0x8F, 0x03, 0x70, 0x03, 0x30, 0x03, 0x50, 0x03, 0xB1, 0x04, 0x32, 0x03, 0x91,
    0x03, 0xF1, 0x04, 0x73, 0x04, 0x12, 0x02, 0x6D, 0x02, 0x2B, 0x02, 0x6C, 0x01, 0xCB, 0x01, 0xAA,
    0x09, 0xEA, 0x01, 0x27, 0x01, 0xCA, 0x02, 0x0A, 0x00, 0xC5, 0x00, 0xE5, 0x00, 0xE5, 0x00, 0xE5,
    0x01, 0x47, 0x01, 0x88, 0x01, 0x68, 0x01, 0x26, 0x09, 0x46, 0x09, 0xC8, 0x01, 0xCA, 0x01, 0xE9,
    0x01, 0xA9, 0x01, 0x88, 0x01, 0xA9, 0x01, 0x89, 0x01, 0xA8, 0x09, 0x05, 0x00, 0x83, 0x00, 0x81,
    0x00, 0x63, 0x08, 0xE5, 0x01, 0x46, 0x01, 0x47, 0x01, 0x47, 0x01, 0x67, 0x01, 0x26, 0x00, 0x84,
    0x00, 0x84, 0x01, 0x47, 0x01, 0x67, 0x01, 0x88, 0x01, 0x47, 0x01, 0x88, 0x01, 0x68, 0x01, 0x88,
    0x01, 0xE9, 0x01, 0xEA, 0x01, 0x89, 0x01, 0xEB, 0x02, 0x4C, 0x02, 0x2B, 0x02, 0x0A, 0x01, 0xC9,
    0x02, 0x0A, 0x01, 0xEA, 0x02, 0x0B, 0x02, 0x6C, 0x02, 0x4D, 0x02, 0xCD, 0x01, 0xA9, 0x02, 0x8D,
    0x02, 0x8D, 0x02, 0xAD, 0x02, 0xAE, 0x03, 0x50, 0x03, 0x30, 0x02, 0xAE, 0x02, 0x8E, 0x03, 0x2F,
    0x02, 0xED, 0x02, 0x8C, 0x02, 0x4B, 0x02, 0x8C, 0x02, 0xCD, 0x02, 0x4B, 0x02, 0x2A, 0x02, 0x0A,
    0x02, 0x4B, 0x02, 0x8C, 0x13, 0x70, 0x2B, 0xD0, 0x13, 0x0D, 0x12, 0x8B, 0x0A, 0x0A, 0x0A, 0x8B,
    0x1A, 0xEC, 0x0A, 0x8B, 0x12, 0x6A, 0x02, 0x4A, 0x01, 0x6A, 0x01, 0x8B, 0x02, 0x6E, 0x02, 0x6D,
    0x01, 0x8A, 0x01, 0x49, 0x09, 0xC9, 0x12, 0x0A, 0x01, 0xEA, 0x01, 0xA9, 0x01, 0x07, 0x01, 0x07,
    0x01, 0x27, 0x00, 0xC5, 0x00, 0xC6, 0x01, 0xC9, 0x02, 0x8D, 0x02, 0x4B, 0x01, 0xA9, 0x01, 0xA9,
    0x02, 0x4C, 0x02, 0x6C, 0x02, 0xAC, 0x02, 0x6C, 0x02, 0xEE, 0x13, 0xD1, 0x02, 0xCE, 0x01, 0xAA,
    0x01, 0x27, 0x00, 0xA4, 0x00, 0x63, 0x01, 0x05, 0x01, 0x47, 0x00, 0xA5, 0x00, 0xC6, 0x01, 0x68,
    0x02, 0x2A, 0x01, 0xA9, 0x02, 0x8D, 0x2A, 0xCA, 0x09, 0xA8, 0x03, 0x0E, 0x13, 0x4E, 0x1A, 0xCC,
    0x32, 0xCB, 0x0A, 0x2A, 0x01, 0x48, 0x01, 0x07, 0x09, 0xC9, 0x1A, 0x49, 0x09, 0x45, 0x01, 0x04,
    0x01, 0x05, 0x09, 0xA8, 0x01, 0x88, 0x01, 0x88, 0x01, 0x24, 0x98, 0x54, 0xF8, 0x1F, 0xF0, 0x1F,
    0xF8, 0x1F, 0xF8, 0x1F, 0xF8, 0x1F, 0xF8, 0x1F, 0xB8, 0x17, 0x28, 0x47, 0x00, 0xA0, 0x00, 0xC3,
    0x00, 0xE5, 0x01, 0x25, 0x19, 0xA6, 0x19, 0xA6, 0x02, 0x0A, 0x03, 0x6F, 0x03, 0x70, 0x03, 0x90,
    0x03, 0x50, 0x03, 0xF1, 0x04, 0x93, 0x03, 0xB1, 0x03, 0x71, 0x03, 0xD1, 0x02, 0xAD, 0x01, 0xAA,
    0x02, 0x8C, 0x02, 0x4C, 0x01, 0x8B, 0x09, 0xEA, 0x42, 0x46, 0x01, 0x06, 0x02, 0x2B, 0x01, 0x88,
    0x00, 0xC4, 0x00, 0x84, 0x00, 0xE6, 0x01, 0x07, 0x01, 0x47, 0x01, 0x26, 0x00, 0xE5, 0x01, 0x06,
    0x01, 0x88, 0x01, 0xC9, 0x01, 0xA9, 0x01, 0xA9, 0x01, 0xA9, 0x01, 0x48, 0x01, 0xEA, 0x01, 0xA9,
    0x01, 0xE9, 0x01, 0x06, 0x00, 0xC4, 0x00, 0x84, 0x00, 0xA3, 0x00, 0xA4, 0x00, 0xE6, 0x01, 0x06,
    0x01, 0x46, 0x00, 0xE5, 0x00, 0x43, 0x00, 0xA4, 0x09, 0xA8, 0x0A, 0x2A, 0x01, 0xC9, 0x0A, 0x09,
    0x01, 0x68, 0x01, 0xA8, 0x01, 0xA8, 0x01, 0x67, 0x01, 0xE9, 0x02, 0x2B, 0x02, 0x2C, 0x02, 0x4C,
    0x02, 0x2B, 0x02, 0x0A, 0x01, 0x27, 0x01, 0x27, 0x0A, 0x6B, 0x0A, 0x0A, 0x01, 0x89, 0x02, 0x6C,
    0x02, 0x4C, 0x02, 0x8C, 0x02, 0x0A, 0x02, 0x09, 0x01, 0x27, 0x01, 0xC9, 0x02, 0x6C, 0x02, 0xEE,
    0x03, 0x0E, 0x02, 0xAD, 0x03, 0x0E, 0x02, 0xCE, 0x02, 0xAC, 0x01, 0xEA, 0x01, 0xEA, 0x02, 0x4C,
    0x02, 0x2A, 0x02, 0x8C, 0x02, 0x8C, 0x0A, 0xED, 0x02, 0xED, 0x0B, 0x2E, 0x23, 0x4F, 0x23, 0x4E,
    0x0A, 0x4A, 0x12, 0xAB, 0x1A, 0xEC, 0x12, 0xED, 0x0B, 0x90, 0x03, 0xD1, 0x03, 0xF2, 0x13, 0x6F,
    0x01, 0xAA, 0x01, 0xCB, 0x02, 0x2D, 0x02, 0x0C, 0x01, 0xAA, 0x01, 0x8A, 0x01, 0xEB, 0x02, 0x0B,
    0x01, 0xEB, 0x01, 0x89, 0x01, 0x27, 0x00, 0xE7, 0x01, 0x89, 0x01, 0x06, 0x01, 0x27, 0x02, 0x0A,
    0x02, 0xCD, 0x02, 0xCD, 0x02, 0x2B, 0x01, 0xA9, 0x01, 0xCA, 0x02, 0x6C, 0x02, 0xAD, 0x0A, 0xCD,
    0x03, 0x0E, 0x1B, 0xD0, 0x0A, 0xCD, 0x01, 0x89, 0x00, 0xA5, 0x00, 0x22, 0x00, 0x83, 0x00, 0xA4,
    0x00, 0xC5, 0x01, 0x07, 0x01, 0x27, 0x01, 0x88, 0x02, 0x09, 0x01, 0x69, 0x0A, 0x6B, 0x5B, 0x09,
    0x2B, 0x0C, 0x1B, 0x6E, 0x53, 0x4B, 0x3A, 0xEB, 0x02, 0xAC, 0x01, 0xE9, 0x01, 0x48, 0x01, 0x28,
    0x12, 0xCD, 0x22, 0x69, 0x00, 0xE4, 0x01, 0x04, 0x01, 0x46, 0x01, 0xC9, 0x01, 0x89, 0x02, 0x0A,
    0x02, 0x27, 0x40, 0xEA, 0xF0, 0x1E, 0xF8, 0x1F, 0xF8, 0x1F, 0xF8, 0x1F, 0xC8, 0x19, 0x50, 0x4B,
    0x00, 0xC2, 0x00, 0xE2, 0x08, 0xC4, 0x09, 0x04, 0x09, 0x25, 0x01, 0x45, 0x21, 0xA5, 0x29, 0xA5,
    0x01, 0xE9, 0x03, 0x8F, 0x03, 0x90, 0x03, 0x0E, 0x03, 0x4F, 0x04, 0x12, 0x04, 0x73, 0x04, 0x32,
    0x04, 0x12, 0x03, 0x91, 0x02, 0x4C, 0x01, 0xCA, 0x02, 0x6C, 0x01, 0xCB, 0x01, 0xAB, 0x01, 0x89,
    0x09, 0x26, 0x01, 0x68, 0x02, 0x2A, 0x01, 0x06, 0x01, 0x05, 0x00, 0xA4, 0x01, 0x27, 0x01, 0x88,
    0x01, 0x06, 0x00, 0xC5, 0x01, 0x26, 0x01, 0xA9, 0x01, 0xCA, 0x01, 0x88, 0x01, 0xCA, 0x01, 0xA9,
    0x01, 0x89, 0x01, 0x88, 0x01, 0x68, 0x01, 0xA8, 0x01, 0x67, 0x00, 0xE6, 0x00, 0x63, 0x00, 0x63,
    0x01, 0x06, 0x00, 0xE5, 0x01, 0x06, 0x01, 0x06, 0x00, 0xE6, 0x00, 0xA4, 0x00, 0x84, 0x01, 0x47,
    0x0A, 0x09, 0x01, 0xA9, 0x01, 0x88, 0x01, 0x47, 0x01, 0xA8, 0x01, 0xA8, 0x01, 0x87, 0x01, 0xA8,
    0x01, 0xC9, 0x02, 0x6C, 0x0A, 0xAD, 0x02, 0x2B, 0x01, 0xC9, 0x01, 0x68, 0x01, 0x88, 0x01, 0xC9,
    0x01, 0xC9, 0x01, 0xE9, 0x01, 0xC9, 0x02, 0x6B, 0x02, 0x2A, 0x12, 0xAC, 0x02, 0x6B, 0x02, 0x0A,
    0x01, 0x06, 0x01, 0xC9, 0x02, 0xAC, 0x02, 0x8C, 0x0A, 0xCD, 0x02, 0x8C, 0x02, 0x2B, 0x02, 0x6B,
    0x02, 0x4B, 0x01, 0xCA, 0x02, 0xAD, 0x0B, 0x2E, 0x0A, 0x6B, 0x02, 0xED, 0x0B, 0x2D, 0x0A, 0xEC,
    0x23, 0x8F, 0x1B, 0x6E, 0x1B, 0x4E, 0x1A, 0xEC, 0x12, 0xCC, 0x13, 0x2D, 0x23, 0xD0, 0x14, 0x74,
    0x05, 0x58, 0x05, 0x99, 0x05, 0x99, 0x15, 0x98, 0x01, 0x49, 0x01, 0x8B, 0x01, 0xAB, 0x01, 0x8A,
    0x01, 0x49, 0x01, 0x8A, 0x01, 0xEB, 0x01, 0xEA, 0x01, 0xAA, 0x01, 0x68, 0x01, 0x26, 0x00, 0xE6,
    0x01, 0x47, 0x00, 0xE6, 0x01, 0x48, 0x01, 0xEA, 0x02, 0x0B, 0x02, 0x6C, 0x02, 0x6C, 0x01, 0xA9,
    0x01, 0x89, 0x02, 0x2B, 0x02, 0xED, 0x0B, 0x2E, 0x0B, 0x4F, 0x02, 0xCD, 0x0A, 0x8C, 0x01, 0x47,
    0x00, 0x43, 0x00, 0x22, 0x00, 0xA3, 0x00, 0x84, 0x00, 0xC6, 0x01, 0x48, 0x01, 0x48, 0x09, 0xA9,
    0x09, 0xC8, 0x01, 0x48, 0x11, 0xE9, 0x3A, 0xA9, 0x53, 0x4B, 0x1A, 0xED, 0x0A, 0xED, 0x0A, 0xCD,
    0x02, 0x8C, 0x01, 0xC9, 0x01, 0x47, 0x01, 0x89, 0x1B, 0x2D, 0x12, 0x09, 0x01, 0x25, 0x09, 0x04,
    0x01, 0x67, 0x01, 0xA9, 0x01, 0xC9, 0x02, 0xAC, 0x2B, 0x4D, 0x11, 0xC5, 0x38, 0x69, 0x90, 0x33,
    0x90, 0x33, 0x50, 0x4B, 0x00, 0xC3, 0x01, 0x23, 0x01, 0x25, 0x00, 0xC4, 0x00, 0xA3, 0x00, 0xC4,
    0x11, 0x25, 0x19, 0x45, 0x11, 0x45, 0x09, 0x46, 0x02, 0x0A, 0x03, 0xB0, 0x03, 0xF1, 0x03, 0x0E,
    0x02, 0xEE, 0x03, 0x90, 0x04, 0x11, 0x04, 0x93, 0x04, 0x73, 0x03, 0x6F, 0x02, 0x2C, 0x02, 0x6C,
    0x02, 0x6C, 0x01, 0xAA, 0x01, 0xCB, 0x01, 0x89, 0x00, 0xC6, 0x01, 0xC9, 0x01, 0x47, 0x01, 0x06,
    0x01, 0x67, 0x01, 0x27, 0x01, 0x67, 0x01, 0x06, 0x01, 0x06, 0x01, 0x68, 0x01, 0xA9, 0x01, 0xC9,
    0x01, 0xA9, 0x01, 0xCA, 0x02, 0x4B, 0x01, 0xA9, 0x01, 0x47, 0x00, 0xE6, 0x01, 0x27, 0x01, 0x47,
    0x00, 0xE6, 0x01, 0x47, 0x00, 0xC5, 0x00, 0xE5, 0x00, 0xE5, 0x00, 0xE5, 0x00, 0xE5, 0x00, 0xE5,
    0x00, 0xC5, 0x00, 0x63, 0x00, 0xC5, 0x0A, 0x6A, 0x01, 0x67, 0x01, 0x47, 0x00, 0xA5, 0x00, 0xE6,
    0x02, 0x09, 0x09, 0xE8, 0x01, 0x27, 0x0A, 0x4B, 0x02, 0x2B, 0x0B, 0x0F, 0x0A, 0xEE, 0x02, 0x0A,
    0x01, 0x47, 0x01, 0x68, 0x01, 0xC9, 0x02, 0x0A, 0x01, 0x47, 0x01, 0xA9, 0x02, 0x8C, 0x02, 0x4B,
    0x01, 0xEA, 0x19, 0x66, 0x01, 0x68, 0x02, 0x2A, 0x02, 0x4B, 0x01, 0xA9, 0x01, 0xC9, 0x01, 0xEA,
    0x01, 0xC9, 0x02, 0x2B, 0x0A, 0x8C, 0x02, 0x6C, 0x02, 0x8C, 0x02, 0x6B, 0x0A, 0xCD, 0x13, 0x4E,
    0x13, 0x2E, 0x1B, 0x6E, 0x1B, 0x0D, 0x12, 0x4A, 0x1A, 0xEC, 0x12, 0xCC, 0x1A, 0xEC, 0x1A, 0xCC,
    0x13, 0x90, 0x0C, 0x94, 0x05, 0x58, 0x05, 0xDA, 0x05, 0x9A, 0x05, 0x9A, 0x05, 0xDA, 0x05, 0xDA,
    0x01, 0x69, 0x01, 0x8A, 0x01, 0xEC, 0x01, 0x8A, 0x01, 0x49, 0x01, 0xAA, 0x02, 0x0B, 0x01, 0xEB,
    0x01, 0xAA, 0x01, 0x67, 0x01, 0x06, 0x00, 0xC6, 0x00, 0xC6, 0x01, 0x07, 0x01, 0x68, 0x01, 0xCA,
    0x02, 0x2B, 0x02, 0x2B, 0x02, 0x4C, 0x02, 0x4B, 0x01, 0xEA, 0x02, 0x2B, 0x02, 0x8C, 0x02, 0xCE,
    0x02, 0xEE, 0x02, 0x8C, 0x01, 0xA9, 0x01, 0x06, 0x00, 0x42, 0x00, 0xA3, 0x00, 0xC4, 0x00, 0x63,
    0x00, 0xC5, 0x01, 0x07, 0x09, 0xA8, 0x01, 0xE9, 0x01, 0x88, 0x01, 0x27, 0x01, 0xCA, 0x02, 0x6C,
    0x1A, 0xAC, 0x12, 0xAC, 0x2B, 0x4E, 0x0A, 0xCD, 0x02, 0x0A, 0x01, 0x47, 0x01, 0x27, 0x02, 0x0B,
    0x1B, 0x2D, 0x09, 0x87, 0x01, 0x05, 0x00, 0xE4, 0x01, 0x88, 0x01, 0xA9, 0x01, 0x88, 0x23, 0xD0,
    0x44, 0x2E, 0x01, 0xA7, 0x00, 0xE3, 0x00, 0xC2, 0x00, 0xC2, 0x01, 0x03, 0x11, 0x45, 0x09, 0x05,
    0x01, 0x05, 0x01, 0x04, 0x00, 0x83, 0x00, 0x83, 0x08, 0xE4, 0x11, 0x45, 0x11, 0x45, 0x11, 0x45,
    0x09, 0xE8, 0x03, 0x8F, 0x03, 0xD1, 0x03, 0x4F, 0x03, 0x2E, 0x03, 0x4F, 0x03, 0xF1, 0x0C, 0x93,
    0x04, 0xD4, 0x03, 0x90, 0x02, 0x2C, 0x02, 0x8D, 0x02, 0x0C, 0x02, 0x0C, 0x01, 0xCB, 0x01, 0x48,
    0x01, 0x68, 0x01, 0x88, 0x00, 0xC4, 0x01, 0x05, 0x01, 0x26, 0x01, 0x47, 0x01, 0x47, 0x09, 0x46,
    0x09, 0xC7, 0x01, 0xA8, 0x01, 0xA9, 0x01, 0x68, 0x01, 0xA9, 0x02, 0x0B, 0x02, 0x6B, 0x01, 0x67,
    0x00, 0xA4, 0x00, 0xA4, 0x01, 0x46, 0x01, 0x88, 0x01, 0x26, 0x00, 0xC5, 0x01, 0x06, 0x00, 0xC5,
    0x01, 0x26, 0x01, 0x05, 0x00, 0xA4, 0x00, 0x63, 0x00, 0x83, 0x01, 0x26, 0x01, 0x88, 0x0A, 0x2A,
    0x01, 0x47, 0x00, 0xC5, 0x00, 0xE5, 0x01, 0x88, 0x02, 0x09, 0x01, 0xA8, 0x01, 0xA9, 0x02, 0x0B,
    0x01, 0xEA, 0x01, 0xEB, 0x02, 0x8D, 0x02, 0x4B, 0x01, 0xE9, 0x0A, 0x4A, 0x02, 0x2A, 0x02, 0x2A,
    0x01, 0xA9, 0x0A, 0x8C, 0x0B, 0x0D, 0x02, 0x6C, 0x13, 0x0D, 0x09, 0xC8, 0x01, 0x06, 0x0A, 0xAC,
    0x02, 0x2A, 0x02, 0x2B, 0x02, 0xAC, 0x02, 0x8C, 0x02, 0x6C, 0x0B, 0x6F, 0x1B, 0x4E, 0x02, 0x2B,
    0x02, 0x4B, 0x0A, 0x8B, 0x1A, 0xED, 0x1B, 0x4E, 0x1B, 0x2E, 0x23, 0x6E, 0x1A, 0xEC, 0x1A, 0xCC,
    0x12, 0xAB, 0x12, 0xCD, 0x13, 0x6F, 0x0C, 0x74, 0x05, 0x58, 0x05, 0xB9, 0x05, 0x59, 0x04, 0xD7,
    0x04, 0x76, 0x04, 0xB8, 0x05, 0x9A, 0x05, 0xDA, 0x01, 0xAA, 0x01, 0x8A, 0x01, 0xAB, 0x01, 0x49,
    0x01, 0x48, 0x01, 0x89, 0x01, 0xEB, 0x02, 0x0B, 0x01, 0xCA, 0x01, 0x48, 0x01, 0x68, 0x01, 0x27,
    0x00, 0xE6, 0x00, 0xE6, 0x01, 0x68, 0x01, 0xEA, 0x02, 0xAC, 0x02, 0x4C, 0x02, 0x4C, 0x02, 0xCD,
    0x02, 0x6C, 0x02, 0x6C, 0x02, 0x6C, 0x03, 0x4F, 0x02, 0xAD, 0x01, 0xEA, 0x01, 0x47, 0x01, 0x06,
    0x00, 0xC4, 0x00, 0xC4, 0x00, 0x84, 0x00, 0xA6, 0x01, 0x07, 0x01, 0x07, 0x01, 0xA8, 0x0A, 0x2A,
    0x01, 0xC9, 0x01, 0xCA, 0x02, 0x4B, 0x02, 0xAD, 0x03, 0x0E, 0x0B, 0x0E, 0x1B, 0x0E, 0x0A, 0x6B,
    0x01, 0x88, 0x01, 0x89, 0x0A, 0x4B, 0x02, 0xED, 0x12, 0xEC, 0x01, 0x46, 0x01, 0x45, 0x00, 0xC4,
    0x01, 0x67, 0x01, 0x68, 0x01, 0x49, 0x34, 0x51, 0x23, 0x6D, 0x01, 0x88, 0x01, 0x06, 0x01, 0x47,
    0x01, 0x47, 0x11, 0x46, 0x11, 0x25, 0x00, 0xC4, 0x01, 0x05, 0x01, 0x25, 0x01, 0x04, 0x09, 0x25,
    0x09, 0x04, 0x11, 0x24, 0x11, 0x45, 0x09, 0x25, 0x01, 0x46, 0x02, 0xAC, 0x1B, 0xAE, 0x02, 0xED,
    0x02, 0xCD, 0x03, 0x2F, 0x0C, 0x52, 0x0C, 0x93, 0x04, 0x94, 0x03, 0x70, 0x02, 0x8D, 0x02, 0x8D,
    0x01, 0xEC, 0x02, 0x2D, 0x02, 0x2C, 0x01, 0x27, 0x01, 0xA8, 0x00, 0xE5, 0x00, 0xA4, 0x00, 0xC5,
    0x01, 0x27, 0x01, 0x67, 0x01, 0x47, 0x01, 0x47, 0x01, 0xA8, 0x01, 0xC9, 0x01, 0x68, 0x01, 0x88,
    0x01, 0xA9, 0x01, 0x68, 0x01, 0x27, 0x00, 0xC5, 0x00, 0xC5, 0x00, 0xA4, 0x00, 0xC5, 0x01, 0x67,
    0x00, 0xE5, 0x00, 0x84, 0x01, 0x06, 0x00, 0x43, 0x01, 0x68, 0x12, 0xCB, 0x09, 0xE8, 0x01, 0x46,
    0x01, 0x05, 0x01, 0x06, 0x01, 0x47, 0x09, 0xE9, 0x01, 0x67, 0x01, 0x26, 0x01, 0x47, 0x01, 0xC8,
    0x01, 0xC8, 0x01, 0x88, 0x01, 0xEA, 0x02, 0x2B, 0x01, 0xEA, 0x01, 0xA9, 0x02, 0x2B, 0x02, 0x0A,
    0x02, 0x4A, 0x02, 0x09, 0x01, 0xE9, 0x02, 0x0A, 0x02, 0x6C, 0x02, 0x8C, 0x13, 0x8F, 0x12, 0xAC,
    0x0A, 0x2A, 0x0A, 0xAB, 0x02, 0x2A, 0x12, 0x6A, 0x01, 0xE9, 0x02, 0x6B, 0x02, 0xCD, 0x0A, 0xAC,
    0x02, 0x6B, 0x0A, 0xCD, 0x0A, 0xAC, 0x12, 0xCD, 0x1B, 0x2E, 0x13, 0x0D, 0x23, 0x4D, 0x2B, 0x8E,
    0x23, 0x4D, 0x12, 0xAC, 0x12, 0xED, 0x1B, 0x8F, 0x24, 0x73, 0x14, 0xB5, 0x05, 0x57, 0x05, 0xB9,
    0x05, 0x58, 0x04, 0x96, 0x03, 0xD4, 0x03, 0xD4, 0x04, 0x56, 0x05, 0x39, 0x05, 0xBA, 0x15, 0x78,
    0x01, 0xCA, 0x01, 0xAA, 0x01, 0xAB, 0x01, 0x69, 0x01, 0x48, 0x01, 0x89, 0x01, 0xEB, 0x01, 0xEB,
    0x01, 0xCA, 0x01, 0x48, 0x01, 0xC9, 0x01, 0x47, 0x00, 0xC6, 0x01, 0x07, 0x01, 0x88, 0x01, 0xCA,
    0x02, 0x6C, 0x02, 0xAD, 0x02, 0x8C, 0x02, 0x0B, 0x02, 0x6C, 0x02, 0xCD, 0x02, 0x8D, 0x03, 0x0E,
    0x02, 0x8C, 0x01, 0xA9, 0x00, 0xC6, 0x00, 0xC4, 0x00, 0xE5, 0x00, 0xE5, 0x00, 0xA6, 0x01, 0x27,
    0x01, 0x27, 0x01, 0x68, 0x01, 0x88, 0x01, 0x88, 0x01, 0x88, 0x02, 0x0A, 0x02, 0xAC, 0x02, 0xCD,
    0x1A, 0xCD, 0x0A, 0xAC, 0x02, 0x4B, 0x01, 0x68, 0x01, 0x07, 0x12, 0x2A, 0x12, 0xEC, 0x12, 0xCC,
    0x09, 0xE8, 0x01, 0x25, 0x01, 0x04, 0x01, 0x25, 0x01, 0x67, 0x01, 0x27, 0x0A, 0x6C, 0x3C, 0x70,
    0x0A, 0x6C, 0x01, 0x68, 0x01, 0x47, 0x01, 0x88, 0x01, 0x46, 0x11, 0x45, 0x09, 0x04, 0x00, 0xE4,
    0x09, 0xC7, 0x01, 0x66, 0x09, 0x46, 0x11, 0x65, 0x11, 0x04, 0x11, 0x45, 0x11, 0x45, 0x09, 0x25,
    0x19, 0xA7, 0x02, 0xED, 0x2B, 0x2C, 0x0A, 0xAD, 0x02, 0x8D, 0x03, 0x2F, 0x04, 0x12, 0x04, 0x53,
    0x0C, 0x52, 0x02, 0x4D, 0x02, 0x8D, 0x02, 0x4D, 0x02, 0x0C, 0x02, 0x6D, 0x01, 0xEA, 0x01, 0x47,
    0x01, 0x87, 0x00, 0xA4, 0x00, 0xE5, 0x01, 0x06, 0x01, 0x88, 0x01, 0x47, 0x01, 0x27, 0x01, 0x68,
    0x01, 0xEA, 0x02, 0x0B, 0x01, 0xA9, 0x01, 0x47, 0x01, 0x27, 0x01, 0x06, 0x00, 0xA4, 0x00, 0xE5,
    0x01, 0x26, 0x00, 0xC5, 0x01, 0x06, 0x01, 0x06, 0x01, 0x26, 0x01, 0x67, 0x01, 0x67, 0x01, 0x47,
    0x12, 0x6A, 0x11, 0xC8, 0x01, 0x26, 0x01, 0x88, 0x0A, 0x09, 0x01, 0xA8, 0x01, 0x27, 0x0A, 0x09,
    0x01, 0x47, 0x01, 0x67, 0x01, 0x87, 0x01, 0xC8, 0x01, 0xA8, 0x01, 0xA8, 0x02, 0x2A, 0x02, 0x0A,
    0x01, 0xA9, 0x01, 0xEA, 0x02, 0x4B, 0x02, 0x0A, 0x01, 0xE9, 0x01, 0x68, 0x02, 0xAC, 0x0B, 0x0E,
    0x0B, 0x6F, 0x0B, 0x4E, 0x12, 0xCD, 0x12, 0xAC, 0x12, 0x2A, 0x12, 0x8B, 0x12, 0xAC, 0x0A, 0x6A,
    0x0A, 0x8B, 0x0A, 0x2A, 0x0A, 0x8C, 0x13, 0x0D, 0x13, 0x0D, 0x2B, 0xAE, 0x0A, 0x8B, 0x1A, 0xEC,
    0x23, 0x0C, 0x1A, 0xCC, 0x0A, 0xED, 0x13, 0x2E, 0x2B, 0xD0, 0x1B, 0xD0, 0x0C, 0x12, 0x15, 0x16,
    0x05, 0x78, 0x05, 0x37, 0x04, 0xB6, 0x04, 0x14, 0x03, 0xD3, 0x03, 0xB3, 0x04, 0x35, 0x04, 0xD8,
    0x05, 0x99, 0x05, 0xD9, 0x15, 0x36, 0x24, 0x32, 0x01, 0xAA, 0x01, 0xAA, 0x01, 0xCB, 0x01, 0x89,
    0x01, 0x28, 0x01, 0x8A, 0x01, 0xEA, 0x0A, 0x0A, 0x22, 0x29, 0x01, 0xA8, 0x01, 0xC8, 0x00, 0xE6,
    0x00, 0xC6, 0x01, 0x48, 0x01, 0xC9, 0x02, 0x0B, 0x02, 0x0A, 0x02, 0x4B, 0x02, 0x2B, 0x01, 0xCA,
    0x02, 0x4C, 0x13, 0x0D, 0x0B, 0x0E, 0x0B, 0x0E, 0x02, 0x0B, 0x01, 0x67, 0x00, 0xE5, 0x00, 0xA4,
    0x00, 0xA4, 0x00, 0xE5, 0x01, 0x07, 0x01, 0x68, 0x09, 0xE9, 0x01, 0xC8, 0x01, 0x47, 0x01, 0x27,
    0x01, 0xA9, 0x02, 0x2B, 0x02, 0x8C, 0x02, 0x6C, 0x0A, 0x4B, 0x01, 0xC9, 0x01, 0x47, 0x01, 0x07,
    0x00, 0xE6, 0x1A, 0x4A, 0x12, 0xED, 0x2A, 0x8A, 0x01, 0x25, 0x00, 0xC4, 0x01, 0x04, 0x01, 0x46,
    0x01, 0x26, 0x01, 0xEA, 0x2B, 0xCF, 0x12, 0xCC, 0x01, 0x89, 0x01, 0x68, 0x01, 0x88, 0x01, 0x47,
    0x01, 0x46, 0x09, 0x25, 0x00, 0xE4, 0x01, 0x04, 0x09, 0x66, 0x01, 0x25, 0x01, 0x66, 0x11, 0x46,
    0x11, 0x45, 0x11, 0x86, 0x01, 0x46, 0x0A, 0x09, 0x4B, 0xCE, 0x0B, 0x4F, 0x02, 0xEE, 0x03, 0x0E,
    0x02, 0xED, 0x03, 0x90, 0x03, 0xB1, 0x04, 0x12, 0x0C, 0x32, 0x02, 0x8E, 0x02, 0xCE, 0x02, 0x4D,
    0x01, 0xEC, 0x02, 0x0B, 0x01, 0x89, 0x01, 0x89, 0x01, 0x06, 0x00, 0xE5, 0x00, 0xE5, 0x01, 0x26,
    0x01, 0x26, 0x01, 0x27, 0x01, 0x88, 0x01, 0x89, 0x01, 0xCA, 0x01, 0xCA, 0x01, 0x89, 0x01, 0x47,
    0x01, 0x47, 0x00, 0xE5, 0x00, 0xA4, 0x00, 0xE5, 0x01, 0x06, 0x00, 0xC5, 0x00, 0xC5, 0x00, 0xC5,
    0x01, 0x67, 0x01, 0x46, 0x00, 0xE6, 0x09, 0xE9, 0x09, 0xC8, 0x00, 0x84, 0x00, 0x63, 0x01, 0x68,
    0x01, 0xE9, 0x09, 0xC9, 0x02, 0x2A, 0x01, 0x47, 0x01, 0x47, 0x01, 0xC9, 0x01, 0x88, 0x0A, 0x09,
    0x01, 0xC9, 0x01, 0x06, 0x00, 0x84, 0x01, 0xA9, 0x01, 0x88, 0x02, 0x0A, 0x01, 0xE9, 0x01, 0xE9,
    0x01, 0xCA, 0x0A, 0xCE, 0x13, 0x4F, 0x02, 0x8C, 0x02, 0xAD, 0x02, 0x4B, 0x0A, 0x4B, 0x2B, 0x4D,
    0x12, 0x6A, 0x23, 0x0C, 0x1A, 0xCB, 0x12, 0x6B, 0x1A, 0xEC, 0x1A, 0xEC, 0x23, 0x2D, 0x12, 0xEC,
    0x1A, 0xCC, 0x1A, 0xCC, 0x23, 0x0D, 0x02, 0x8C, 0x33, 0x2C, 0x33, 0xF0, 0x04, 0xB5, 0x04, 0x95,
    0x04, 0x74, 0x04, 0x95, 0x04, 0xD6, 0x04, 0x75, 0x03, 0xB2, 0x03, 0x10, 0x03, 0x51, 0x03, 0xB3,
    0x04, 0x76, 0x05, 0x38, 0x05, 0x78, 0x35, 0xB8, 0x25, 0xB8, 0x35, 0x15, 0x2B, 0xF0, 0x23, 0x8F,
    0x01, 0x8A, 0x01, 0xAB, 0x01, 0xAB, 0x01, 0x8A, 0x01, 0x49, 0x01, 0xAA, 0x02, 0x0B, 0x0A, 0x0A,
    0x2A, 0x08, 0x01, 0x67, 0x01, 0x47, 0x00, 0xE6, 0x01, 0x06, 0x01, 0x89, 0x01, 0xEA, 0x02, 0x0A,
    0x02, 0x2B, 0x02, 0x6B, 0x02, 0x2B, 0x02, 0x2B, 0x02, 0x2B, 0x02, 0x2B, 0x0A, 0xCC, 0x0A, 0xCC,
    0x01, 0xEA, 0x00, 0xE6, 0x00, 0xA4, 0x00, 0x83, 0x00, 0xE5, 0x01, 0x06, 0x01, 0x27, 0x01, 0xC9,
    0x12, 0x49, 0x01, 0xA8, 0x01, 0x27, 0x01, 0xA9, 0x02, 0x4B, 0x02, 0x6C, 0x1A, 0x8B, 0x0A, 0x4B,
    0x01, 0x88, 0x01, 0x68, 0x01, 0x27, 0x19, 0x87, 0x11, 0xE9, 0x03, 0x0E, 0x13, 0x4D, 0x09, 0xA7,
    0x00, 0xE4, 0x00, 0xE4, 0x01, 0x26, 0x01, 0x47, 0x01, 0x07, 0x0A, 0x4B, 0x12, 0xCC, 0x01, 0x89,
    0x01, 0x06, 0x01, 0xC8, 0x01, 0x88, 0x09, 0x46, 0x08, 0xE4, 0x00, 0xC4, 0x01, 0x04, 0x01, 0x25,
    0x00, 0xE4, 0x00, 0xE4, 0x09, 0x25, 0x09, 0x26, 0x01, 0x67, 0x01, 0xA8, 0x02, 0x2B, 0x03, 0x0E,
    0x03, 0x6E, 0x03, 0x0E, 0x03, 0x4F, 0x03, 0x0E, 0x0B, 0x8F, 0x03, 0xAF, 0x03, 0xB0, 0x04, 0x73,
    0x03, 0x90, 0x02, 0xCF, 0x02, 0xCE, 0x01, 0xEC, 0x02, 0x2C, 0x01, 0xA9, 0x09, 0xC8, 0x01, 0x87,
    0x00, 0xC5, 0x01, 0x05, 0x01, 0x26, 0x01, 0x67, 0x01, 0x47, 0x01, 0x89, 0x01, 0x89, 0x01, 0xC9,
    0x01, 0xC9, 0x01, 0x88, 0x01, 0x68, 0x01, 0x88, 0x00, 0xE5, 0x00, 0xC4, 0x01, 0x05, 0x00, 0xE6,
    0x01, 0x06, 0x01, 0x06, 0x01, 0x26, 0x01, 0x27, 0x02, 0x2A, 0x01, 0xE9, 0x12, 0x6A, 0x09, 0xC8,
    0x01, 0x06, 0x01, 0x05, 0x01, 0x67, 0x0A, 0x09, 0x01, 0xA8, 0x0A, 0x09, 0x01, 0xA8, 0x01, 0x27,
    0x01, 0x47, 0x01, 0xEA, 0x01, 0xE9, 0x01, 0x48, 0x02, 0x4B, 0x01, 0xC9, 0x00, 0xE6, 0x01, 0xA8,
    0x01, 0xA8, 0x01, 0x68, 0x01, 0x89, 0x02, 0x8C, 0x0B, 0x4F, 0x0B, 0x6F, 0x0B, 0x0D, 0x02, 0x0A,
    0x02, 0x2A, 0x0A, 0x2A, 0x1A, 0xCC, 0x23, 0x0C, 0x0A, 0x09, 0x12, 0xAB, 0x12, 0x4B, 0x22, 0xCC,
    0x0A, 0x09, 0x12, 0x4A, 0x09, 0xE9, 0x01, 0xE9, 0x23, 0x4E, 0x1B, 0x0D, 0x13, 0xB1, 0x04, 0xD5,
    0x15, 0x36, 0x0C, 0xB5, 0x04, 0x34, 0x03, 0xF3, 0x03, 0xD3, 0x03, 0xD3, 0x03, 0x91, 0x03, 0x30,
    0x03, 0x51, 0x03, 0xB3, 0x04, 0xD6, 0x0D, 0x79, 0x05, 0x99, 0x2D, 0x14, 0x5C, 0x91, 0x4C, 0xD3,
    0x33, 0xD0, 0x33, 0x8F, 0x34, 0x10, 0x1B, 0x6F, 0x01, 0x8A, 0x01, 0x8A, 0x01, 0x6A, 0x01, 0x8A,
    0x01, 0x8A, 0x01, 0xAA, 0x01, 0xC9, 0x09, 0xCA, 0x01, 0xCA, 0x01, 0x68, 0x01, 0x27, 0x00, 0xC6,
    0x01, 0x48, 0x01, 0xEB, 0x02, 0x2B, 0x02, 0x4B, 0x02, 0x2B, 0x01, 0xEA, 0x02, 0x2A, 0x02, 0x2B,
    0x02, 0x4B, 0x01, 0x89, 0x01, 0xCA, 0x01, 0xEA, 0x02, 0x4A, 0x01, 0x26, 0x00, 0xA5, 0x01, 0x87,
    0x01, 0x46, 0x00, 0xE6, 0x01, 0x68, 0x0A, 0x4A, 0x0A, 0x0A, 0x01, 0x68, 0x21, 0xC8, 0x02, 0x6B,
    0x02, 0x4B, 0x02, 0x2B, 0x09, 0xE9, 0x01, 0x68, 0x01, 0x68, 0x01, 0x88, 0x01, 0xCA, 0x32, 0xEB,
    0x3B, 0x6D, 0x12, 0xEC, 0x0A, 0x09, 0x00, 0xE4, 0x00, 0xE4, 0x00, 0xE4, 0x09, 0x66, 0x01, 0xC9,
    0x01, 0x88, 0x01, 0xC9, 0x1A, 0xED, 0x01, 0xC9, 0x00, 0xA5, 0x01, 0x47, 0x01, 0x67, 0x01, 0x05,
    0x00, 0xE4, 0x01, 0x04, 0x00, 0xC4, 0x01, 0x04, 0x01, 0x05, 0x01, 0x67, 0x02, 0x2B, 0x02, 0xAC,
    0x0B, 0x0D, 0x03, 0x6F, 0x03, 0x6F, 0x02, 0x2B, 0x01, 0xEA, 0x02, 0xCD, 0x03, 0x90, 0x03, 0x4F,
    0x03, 0x6F, 0x03, 0x2F, 0x03, 0x4F, 0x0B, 0xD0, 0x03, 0x0E, 0x02, 0xCE, 0x02, 0x4C, 0x01, 0x4A,
    0x01, 0xEA, 0x01, 0xA9, 0x19, 0xA7, 0x00, 0xA4, 0x00, 0xA4, 0x01, 0x06, 0x01, 0x06, 0x01, 0x68,
    0x01, 0xA9, 0x01, 0xCA, 0x01, 0xEA, 0x1B, 0x0D, 0x01, 0xC9, 0x01, 0x27, 0x01, 0x67, 0x01, 0x06,
    0x00, 0xA4, 0x00, 0x84, 0x00, 0xE5, 0x01, 0x26, 0x01, 0x26, 0x01, 0x47, 0x01, 0x47, 0x01, 0x27,
    0x01, 0x67, 0x01, 0x47, 0x00, 0xE5, 0x01, 0x67, 0x01, 0x67, 0x01, 0x47, 0x01, 0x88, 0x01, 0x67,
    0x01, 0x88, 0x01, 0x88, 0x01, 0x26, 0x01, 0x68, 0x0A, 0x4B, 0x0A, 0x8B, 0x02, 0x4B, 0x01, 0xEA,
    0x02, 0x8C, 0x02, 0x2B, 0x01, 0x48, 0x01, 0x88, 0x01, 0xA9, 0x01, 0x89, 0x0A, 0xAC, 0x1B, 0x8F,
    0x53, 0x4B, 0x19, 0xE8, 0x01, 0xEA, 0x0A, 0xAC, 0x1B, 0x0C, 0x1A, 0xEC, 0x1A, 0xCC, 0x12, 0x4A,
    0x0A, 0x4A, 0x02, 0x2A, 0x1B, 0x2E, 0x2C, 0x11, 0x03, 0x6F, 0x0B, 0xF1, 0x04, 0x12, 0x03, 0xF2,
    0x14, 0x73, 0x04, 0xB5, 0x04, 0xF7, 0x04, 0xF6, 0x03, 0xB2, 0x03, 0x71, 0x03, 0xF3, 0x04, 0x13,
    0x03, 0xD2, 0x03, 0xD2, 0x03, 0x30, 0x03, 0x72, 0x04, 0xD7, 0x05, 0xBA, 0x15, 0x98, 0x6C, 0xB1,
    0x2C, 0x51, 0x43, 0xCF, 0x4B, 0xAE, 0x33, 0xAF, 0x2B, 0xD0, 0x2B, 0xAF, 0x3C, 0x72, 0x34, 0x51,
    0x01, 0x6A, 0x01, 0x4A, 0x01, 0x6A, 0x01, 0x69, 0x01, 0x8A, 0x01, 0xCA, 0x09, 0xA9, 0x01, 0xA9,
    0x01, 0xAA, 0x01, 0x89, 0x01, 0x27, 0x00, 0xE6, 0x01, 0x48, 0x01, 0xEA, 0x02, 0x2B, 0x02, 0x4B,
    0x02, 0x2B, 0x02, 0x0A, 0x02, 0x6B, 0x02, 0x8C, 0x02, 0x2B, 0x01, 0xCA, 0x01, 0x89, 0x01, 0x48,
    0x01, 0x47, 0x01, 0x06, 0x01, 0x87, 0x01, 0xC7, 0x01, 0x06, 0x01, 0x27, 0x01, 0xEA, 0x0A, 0x2A,
    0x01, 0x89, 0x01, 0xEA, 0x0A, 0x8C, 0x02, 0x8C, 0x01, 0x88, 0x01, 0x27, 0x01, 0x68, 0x01, 0x68,
    0x01, 0x07, 0x02, 0x0B, 0x12, 0xEC, 0x3A, 0x87, 0x11, 0xC6, 0x01, 0x25, 0x00, 0xC4, 0x00, 0xE4,
    0x01, 0x45, 0x01, 0x46, 0x01, 0x46, 0x01, 0xA8, 0x01, 0x27, 0x01, 0x48, 0x1B, 0x4E, 0x34, 0x71,
    0x01, 0xA9, 0x01, 0x07, 0x01, 0x67, 0x08, 0xE5, 0x12, 0x08, 0x1A, 0x49, 0x00, 0xA4, 0x00, 0x84,
    0x01, 0xA9, 0x03, 0x6F, 0x04, 0x11, 0x04, 0x32, 0x34, 0x71, 0x1C, 0x31, 0x03, 0x6F, 0x03, 0x2F,
    0x03, 0xD0, 0x03, 0x4F, 0x03, 0xB0, 0x03, 0x90, 0x03, 0x70, 0x03, 0x90, 0x02, 0xAD, 0x02, 0x0B,
    0x02, 0xCE, 0x03, 0x2F, 0x02, 0xAE, 0x01, 0xCB, 0x01, 0x69, 0x01, 0x88, 0x01, 0x06, 0x00, 0xA4,
    0x00, 0xE6, 0x01, 0x27, 0x01, 0x68, 0x01, 0x48, 0x01, 0xA9, 0x01, 0xCB, 0x0A, 0x2B, 0x12, 0x4A,
    0x01, 0x69, 0x01, 0x47, 0x00, 0xE6, 0x00, 0xC5, 0x00, 0xA5, 0x00, 0xE6, 0x00, 0xE6, 0x01, 0x06,
    0x00, 0xE6, 0x01, 0x07, 0x01, 0x67, 0x01, 0x47, 0x01, 0x67, 0x01, 0x68, 0x00, 0x64, 0x00, 0xA5,
    0x01, 0xC9, 0x01, 0xA9, 0x01, 0x68, 0x01, 0x68, 0x01, 0x88, 0x01, 0x48, 0x01, 0xA9, 0x02, 0x2B,
    0x12, 0xCC, 0x0A, 0x6B, 0x01, 0xE9, 0x02, 0x2B, 0x0A, 0xCD, 0x02, 0x2A, 0x01, 0xE9, 0x01, 0x88,
    0x02, 0x0B, 0x0A, 0xCC, 0x02, 0x8C, 0x02, 0x4B, 0x12, 0x6A, 0x12, 0x8B, 0x1A, 0x8A, 0x1B, 0x0C,
    0x23, 0x0C, 0x1A, 0x6A, 0x0A, 0x09, 0x0A, 0x4B, 0x0B, 0x70, 0x04, 0xB5, 0x05, 0x16, 0x04, 0xF7,
    0x05, 0x58, 0x05, 0x17, 0x04, 0xD7, 0x04, 0xD6, 0x04, 0xD6, 0x04, 0xF7, 0x04, 0x55, 0x03, 0xB2,
    0x02, 0xEE, 0x02, 0x6D, 0x02, 0xEF, 0x03, 0x50, 0x03, 0xB1, 0x03, 0x31, 0x03, 0xD4, 0x05, 0x59,
    0x05, 0xDA, 0x05, 0x57, 0x24, 0x73, 0x54, 0x0F, 0x5C, 0x0E, 0x8C, 0x2B, 0x2C, 0x52, 0x34, 0x52,
    0x64, 0x2F, 0x1C, 0x32, 0x1C, 0xB4, 0x25, 0x15, 0x01, 0x29, 0x01, 0xAB, 0x01, 0xAB, 0x01, 0x69,
    0x01, 0x6A, 0x01, 0xAA, 0x01, 0xCA, 0x01, 0xEB, 0x01, 0xAA, 0x01, 0x49, 0x01, 0x27, 0x00, 0xC6,
    0x01, 0x68, 0x01, 0x89, 0x01, 0x27, 0x01, 0xE9, 0x01, 0xC9, 0x01, 0xEA, 0x02, 0x4B, 0x02, 0x4B,
    0x02, 0x2B, 0x02, 0x4B, 0x01, 0x89, 0x01, 0x07, 0x01, 0x47, 0x01, 0x26, 0x01, 0xA8, 0x01, 0x06,
    0x00, 0xA5, 0x01, 0x88, 0x02, 0x0A, 0x01, 0xA9, 0x01, 0x48, 0x02, 0x4B, 0x0A, 0x4B, 0x01, 0x48,
    0x01, 0x47, 0x01, 0x67, 0x01, 0x68, 0x01, 0x47, 0x0A, 0x0A, 0x12, 0xEC, 0x11, 0xE8, 0x19, 0x24,
    0x00, 0xC3, 0x00, 0xC4, 0x01, 0x05, 0x00, 0xA4, 0x19, 0xA6, 0x19, 0xA7, 0x00, 0xE6, 0x00, 0xC4,
    0x00, 0xC6, 0x01, 0x48, 0x12, 0xEE, 0x45, 0x33, 0x02, 0xCC, 0x01, 0xA9, 0x01, 0x88, 0x01, 0x47,
    0x02, 0xA9, 0x02, 0x26, 0x01, 0x64, 0x02, 0x09, 0x03, 0x8E, 0x04, 0x10, 0x04, 0x10, 0x04, 0x71,
    0x04, 0x71, 0x04, 0x30, 0x04, 0x50, 0x04, 0x10, 0x03, 0xCF, 0x03, 0x2D, 0x03, 0x2D, 0x03, 0x6E,
    0x03, 0xCF, 0x03, 0xCF, 0x03, 0x6E, 0x02, 0xEC, 0x02, 0xED, 0x03, 0xAF, 0x02, 0xAD, 0x01, 0xCA,
    0x01, 0x26, 0x01, 0x46, 0x00, 0xE4, 0x01, 0x04, 0x01, 0x25, 0x01, 0x66, 0x01, 0x66, 0x01, 0x46,
    0x01, 0xE9, 0x02, 0x8C, 0x01, 0xA8, 0x01, 0x46, 0x01, 0x46, 0x00, 0xE5, 0x00, 0xE4, 0x00, 0x82,
    0x00, 0xC3, 0x01, 0x25, 0x01, 0x24, 0x00, 0xC4, 0x00, 0xE4, 0x01, 0x46, 0x01, 0x45, 0x01, 0x45,
    0x01, 0x46, 0x01, 0x66, 0x01, 0x86, 0x01, 0xA7, 0x01, 0xA8, 0x01, 0xA9, 0x01, 0x89, 0x01, 0x88,
    0x01, 0x68, 0x01, 0xC9, 0x02, 0x4A, 0x01, 0xA9, 0x01, 0xAA, 0x01, 0xCA, 0x01, 0xEA, 0x02, 0x0A,
    0x01, 0xC9, 0x01, 0xE9, 0x01, 0xEA, 0x0A, 0xAC, 0x02, 0xCD, 0x02, 0x8B, 0x02, 0x0A, 0x1A, 0x8B,
    0x0A, 0x8B, 0x12, 0x8B, 0x12, 0x4A, 0x0A, 0x4A, 0x12, 0x4A, 0x0A, 0x0A, 0x02, 0xCD, 0x0C, 0x74,
    0x05, 0x58, 0x04, 0xF7, 0x04, 0x76, 0x04, 0x15, 0x03, 0xB3, 0x03, 0x92, 0x03, 0x92, 0x03, 0xD3,
    0x03, 0xD3, 0x03, 0xF3, 0x03, 0x91, 0x02, 0x6D, 0x02, 0x8D, 0x03, 0x50, 0x03, 0x70, 0x03, 0x50,
    0x03, 0x92, 0x04, 0xB7, 0x0D, 0xB9, 0x05, 0xB9, 0x0C, 0xD5, 0x1C, 0x32, 0x2C, 0x73, 0x25, 0x16,
    0x1D, 0x57, 0x2D, 0x77, 0x05, 0x99, 0x15, 0x98, 0x3D, 0x15, 0x05, 0x38, 0x05, 0x79, 0x05, 0x99,
    0x01, 0x8A, 0x01, 0xCB, 0x01, 0x69, 0x01, 0x49, 0x01, 0xAA, 0x01, 0xEB, 0x01, 0xEB, 0x01, 0xAA,
    0x01, 0x48, 0x01, 0x48, 0x01, 0x27, 0x00, 0xE6, 0x01, 0x48, 0x01, 0x47, 0x00, 0x43, 0x00, 0xA4,
    0x01, 0x05, 0x01, 0x26, 0x01, 0xEA, 0x02, 0x6C, 0x02, 0xCD, 0x0A, 0xED, 0x01, 0xE9, 0x01, 0x89,
    0x01, 0x47, 0x00, 0xC5, 0x01, 0x47, 0x01, 0x06, 0x00, 0xC6, 0x01, 0xA8, 0x01, 0xA8, 0x01, 0x48,
    0x01, 0xEA, 0x02, 0xAC, 0x02, 0x0A, 0x00, 0xC6, 0x01, 0x47, 0x01, 0x68, 0x01, 0x28, 0x02, 0x0A,
    0x22, 0x89, 0x21, 0xA6, 0x00, 0xC4, 0x00, 0xE4, 0x00, 0xE4, 0x01, 0x46, 0x01, 0x67, 0x01, 0x26,
    0x01, 0xC8, 0x01, 0x26, 0x09, 0x47, 0x01, 0x88, 0x01, 0x27, 0x01, 0xEA, 0x13, 0x4E, 0x1B, 0x0D,
    0x02, 0x0A, 0x01, 0xA8, 0x01, 0x67, 0x02, 0x08, 0x42, 0xAF, 0x69, 0x11, 0x80, 0xD5, 0x99, 0x79,
    0x99, 0xBA, 0x99, 0x7A, 0x99, 0x9A, 0xA1, 0x9A, 0x99, 0x7A, 0xA1, 0xBA, 0xA1, 0xBA, 0x99, 0x59,
    0x99, 0x39, 0x98, 0xF8, 0x99, 0x18, 0x99, 0x19, 0x99, 0x59, 0x99, 0x5A, 0xA1, 0x7A, 0xA1, 0x39,
    0x99, 0x19, 0x99, 0x59, 0x98, 0xD8, 0x98, 0xB7, 0x98, 0x97, 0x98, 0x76, 0x98, 0x55, 0x98, 0x55,
    0x98, 0x55, 0x98, 0x96, 0x98, 0x96, 0x98, 0x96, 0x98, 0xF8, 0x98, 0xF8, 0x98, 0x97, 0x98, 0x96,
    0x98, 0x76, 0x98, 0x76, 0x98, 0x76, 0x98, 0x35, 0x98, 0x55, 0x98, 0x55, 0x98, 0x96, 0x98, 0x76,
    0x98, 0x96, 0x98, 0x76, 0x98, 0x55, 0x98, 0x55, 0x98, 0x56, 0x90, 0x96, 0x80, 0xF5, 0x61, 0x32,
    0x19, 0x6B, 0x01, 0xE8, 0x01, 0x88, 0x01, 0x88, 0x01, 0xA8, 0x0A, 0x8B, 0x23, 0x6E, 0x0A, 0x2A,
    0x02, 0x0A, 0x01, 0xEA, 0x01, 0xA9, 0x01, 0x27, 0x01, 0xC9, 0x01, 0xC9, 0x02, 0xAC, 0x0A, 0xED,
    0x02, 0x4A, 0x01, 0xE9, 0x0A, 0x6B, 0x1B, 0x0C, 0x0A, 0x4A, 0x12, 0x6A, 0x0A, 0x4A, 0x0A, 0x8B,
    0x02, 0xAD, 0x04, 0x33, 0x05, 0x17, 0x04, 0xD7, 0x04, 0x35, 0x03, 0xD3, 0x03, 0x71, 0x03, 0x0F,
    0x03, 0x2F, 0x03, 0x2F, 0x03, 0x70, 0x03, 0x0F, 0x03, 0x0F, 0x02, 0xEE, 0x02, 0xEF, 0x0B, 0x91,
    0x14, 0x33, 0x03, 0xB2, 0x03, 0x93, 0x04, 0x56, 0x05, 0x59, 0x15, 0xD9, 0x2C, 0xF4, 0x1C, 0x12,
    0x44, 0x52, 0x1D, 0x16, 0x0D, 0x99, 0x05, 0xB9, 0x05, 0xBA, 0x05, 0xDB, 0x06, 0x1A, 0x05, 0xDA,
    0x05, 0xFB, 0x05, 0xDA, 0x05, 0xFB, 0x05, 0xFB, 0x01, 0x8A, 0x01, 0x69, 0x01, 0x28, 0x01, 0x49,
    0x01, 0xAA, 0x01, 0xEB, 0x01, 0xCA, 0x01, 0x89, 0x01, 0x08, 0x01, 0x48, 0x01, 0x26, 0x00, 0xC5,
    0x00, 0xA4, 0x00, 0x84, 0x00, 0x22, 0x00, 0x01, 0x00, 0x01, 0x00, 0x43, 0x01, 0x26, 0x02, 0x4A,
    0x0A, 0xAB, 0x12, 0x4A, 0x01, 0x88, 0x02, 0x2A, 0x01, 0xA8, 0x01, 0x27, 0x01, 0x46, 0x00, 0xC5,
    0x01, 0x07, 0x01, 0xA9, 0x01, 0x68, 0x01, 0xA9, 0x0A, 0x8C, 0x02, 0x8C, 0x01, 0x89, 0x01, 0x27,
    0x01, 0x47, 0x09, 0xA8, 0x2A, 0xCB, 0x12, 0x6A, 0x19, 0x85, 0x11, 0x24, 0x01, 0x67, 0x01, 0x66,
    0x01, 0x26, 0x01, 0x26, 0x01, 0x47, 0x01, 0x27, 0x01, 0x27, 0x00, 0xE6, 0x09, 0x47, 0x02, 0x2A,
    0x01, 0xCA, 0x13, 0x4E, 0x0A, 0x6B, 0x01, 0xA9, 0x01, 0xC9, 0x01, 0x06, 0x09, 0x89, 0xA0, 0x97,
    0xF8, 0x1F, 0xF8, 0x1F, 0xF8, 0x1F, 0xF8, 0x1F, 0xF8, 0x1F, 0xF8, 0x1F, 0xF8, 0x1F, 0xF8, 0x1F,
    0xF8, 0x1F, 0xF8, 0x1F, 0xF8, 0x1F, 0xF8, 0x1F, 0xF8, 0x1F, 0xF8, 0x1F, 0xF8, 0x1F, 0xF8, 0x1F,
    0xF8, 0x1F, 0xF8, 0x1F, 0xF8, 0x1F, 0xF8, 0x1F, 0xF8, 0x1F, 0xF8, 0x1F, 0xF8, 0x1F, 0xF8, 0x1F,
    0xF8, 0x1F, 0xF8, 0x1F, 0xF8, 0x1F, 0xF8, 0x1F, 0xF8, 0x1F, 0xF8, 0x1F, 0xF8, 0x1F, 0xF8, 0x1F,
    0xF8, 0x1F, 0xF8, 0x1F, 0xF8, 0x1F, 0xF8, 0x1F, 0xF8, 0x1F, 0xF8, 0x1F, 0xF8, 0x1F, 0xF8, 0x1F,
    0xF8, 0x1F, 0xF8, 0x1F, 0xF8, 0x1F, 0xF8, 0x1F, 0xF8, 0x1F, 0xF8, 0x1F, 0xF8, 0x1F, 0xF8, 0x1F,
    0xF8, 0x1F, 0xF8, 0x1F, 0xF8, 0x1F, 0xF8, 0x1F, 0xF0, 0x3F, 0x70, 0xF4, 0x01, 0xC8, 0x01, 0xE9,
    0x02, 0x4A, 0x02, 0x09, 0x0A, 0x0A, 0x02, 0x4B, 0x02, 0x0A, 0x02, 0x0A, 0x01, 0xA9, 0x13, 0x4E,
    0x12, 0x8B, 0x01, 0x69, 0x02, 0xAD, 0x0A, 0x8C, 0x01, 0xA8, 0x0A, 0x4A, 0x1B, 0x0C, 0x12, 0x6A,
    0x0A, 0x29, 0x22, 0xEC, 0x13, 0xD2, 0x04, 0x54, 0x04, 0x96, 0x04, 0xD7, 0x04, 0x75, 0x03, 0xD3,
    0x03, 0x0F, 0x03, 0x50, 0x13, 0x6F, 0x0A, 0xED, 0x02, 0xCD, 0x02, 0xAC, 0x0B, 0x2E, 0x13, 0x2F,
    0x03, 0x50, 0x0C, 0x12, 0x1C, 0xB4, 0x14, 0x74, 0x04, 0x55, 0x04, 0x96, 0x05, 0x38, 0x05, 0xDA,
    0x55, 0x34, 0x54, 0x91, 0x0C, 0x94, 0x15, 0x16, 0x15, 0x98, 0x05, 0xDA, 0x05, 0xDA, 0x05, 0xFB,
    0x05, 0xDA, 0x05, 0xFA, 0x05, 0xFB, 0x05, 0xFA, 0x05, 0xDA, 0x05, 0xFA, 0x05, 0xDA, 0x05, 0xDB,
    0x01, 0x6A, 0x01, 0x69, 0x01, 0x48, 0x01, 0x69, 0x01, 0xCA, 0x01, 0xCB, 0x01, 0xCA, 0x01, 0xAA,
    0x01, 0x69, 0x01, 0xA8, 0x01, 0x06, 0x00, 0x63, 0x00, 0x43, 0x00, 0x64, 0x00, 0xA5, 0x00, 0x84,
    0x01, 0x27, 0x12, 0xAB, 0x01, 0xE9, 0x01, 0x47, 0x00, 0xE6, 0x00, 0xC5, 0x00, 0xE6, 0x01, 0xC8,
    0x01, 0xE8, 0x01, 0x46, 0x00, 0xE6, 0x01, 0x07, 0x01, 0x88, 0x02, 0x2B, 0x02, 0x4B, 0x02, 0x4B,
    0x12, 0xCD, 0x01, 0xC9, 0x01, 0x27, 0x01, 0x27, 0x01, 0x89, 0x12, 0x8B, 0x3A, 0x68, 0x01, 0x25,
    0x19, 0x24, 0x11, 0x86, 0x01, 0x06, 0x01, 0x06, 0x01, 0x47, 0x01, 0x47, 0x01, 0x88, 0x01, 0xC9,
    0x19, 0x87, 0x12, 0x09, 0x02, 0x4C, 0x02, 0x0A, 0x01, 0xAA, 0x23, 0xCF, 0x01, 0xA9, 0x0A, 0x2A,
    0x02, 0x2A, 0x01, 0x68, 0xA8, 0x78, 0xF8, 0x1F, 0xF8, 0x1F, 0xF8, 0x1F, 0xF8, 0x1F, 0xF8, 0x1F,
    0xF8, 0x1F, 0xF8, 0x1F, 0xF8, 0x1F, 0xF8, 0x1F, 0xF8, 0x1F, 0xF8, 0x1F, 0xF8, 0x1F, 0xF8, 0x1F,
    0xF8, 0x1F, 0xF8, 0x1F, 0xF8, 0x1F, 0xF8, 0x1F, 0xF8, 0x1F, 0xF8, 0x1F, 0xF8, 0x1F, 0xF8, 0x1F,
    0xF8, 0x1F, 0xF8, 0x1F, 0xF8, 0x1F, 0xF8, 0x1F, 0xF8, 0x1F, 0xF8, 0x1F, 0xF8, 0x1F, 0xF8, 0x1F,
    0xF8, 0x1F, 0xF8, 0x1F, 0xF8, 0x1F, 0xF8, 0x1F, 0xF8, 0x1F, 0xF8, 0x1F, 0xF8, 0x1F, 0xF8, 0x1F,
    0xF8, 0x1F, 0xF8, 0x1F, 0xF8, 0x1F, 0xF8, 0x1F, 0xF8, 0x1F, 0xF8, 0x1F, 0xF8, 0x1F, 0xF8, 0x1F,
    0xF8, 0x1F, 0xF8, 0x1F, 0xF8, 0x1F, 0xF8, 0x1F, 0xF8, 0x1F, 0xF8, 0x1F, 0xF8, 0x1F, 0xF8, 0x1F,
    0xF8, 0x1F, 0xF8, 0x1F, 0x70, 0xD3, 0x01, 0xA7, 0x01, 0xA9, 0x01, 0x89, 0x01, 0xCA, 0x02, 0x6C,
    0x0A, 0xCD, 0x0A, 0x4A, 0x02, 0x6C, 0x2C, 0xB1, 0x0A, 0x2B, 0x02, 0x4C, 0x12, 0xEC, 0x2A, 0x6A,
    0x0A, 0xAB, 0x0A, 0x8B, 0x0A, 0x09, 0x02, 0x2A, 0x03, 0x50, 0x04, 0x95, 0x04, 0x75, 0x03, 0xF4,
    0x03, 0xD3, 0x03, 0x30, 0x03, 0x30, 0x02, 0xEE, 0x0B, 0x0E, 0x2B, 0xF0, 0x1A, 0xCC, 0x02, 0x0A,
    0x0A, 0xCD, 0x0B, 0x6F, 0x13, 0xB0, 0x0B, 0xF2, 0x0C, 0x54, 0x14, 0x54, 0x04, 0x35, 0x04, 0x96,
    0x05, 0x99, 0x05, 0xDA, 0x0D, 0xDA, 0x0D, 0xB9, 0x5C, 0xF3, 0x2D, 0x36, 0x05, 0xBA, 0x05, 0xFA,
    0x06, 0x1B, 0x0D, 0xFB, 0x0D, 0xFB, 0x0D, 0xFB, 0x05, 0xDA, 0x05, 0xBA, 0x05, 0xB9, 0x05, 0xB9,
    0x05, 0xB9, 0x05, 0x99, 0x05, 0x99, 0x05, 0x9A, 0x01, 0x69, 0x01, 0x68, 0x01, 0x28, 0x01, 0x69,
    0x01, 0xAA, 0x01, 0xAA, 0x01, 0xAA, 0x01, 0xCA, 0x01, 0x88, 0x01, 0x27, 0x00, 0xE6, 0x00, 0xE6,
    0x01, 0x88, 0x01, 0x68, 0x01, 0x88, 0x01, 0x88, 0x01, 0xEA, 0x02, 0x2A, 0x02, 0x6B, 0x01, 0xE9,
    0x00, 0xA5, 0x00, 0x84, 0x00, 0xC4, 0x00, 0xE6, 0x00, 0xE5, 0x00, 0xC4, 0x00, 0xA5, 0x01, 0x27,
    0x02, 0x2A, 0x0A, 0x09, 0x22, 0x6A, 0x12, 0xCD, 0x12, 0xCC, 0x01, 0x27, 0x01, 0x27, 0x01, 0xA9,
    0x02, 0x6B, 0x22, 0x28, 0x09, 0x25, 0x01, 0x05, 0x01, 0x47, 0x01, 0x06, 0x00, 0xC6, 0x01, 0x88,
    0x01, 0xE9, 0x01, 0xC9, 0x01, 0xA9, 0x01, 0xEA, 0x1A, 0x4A, 0x12, 0x6B, 0x02, 0x4B, 0x01, 0xC9,
    0x0A, 0x4B, 0x12, 0xCC, 0x01, 0x68, 0x01, 0xC9, 0x01, 0xE8, 0x50, 0xF0, 0xF8, 0x1F, 0xF8, 0x1F,
    0xF8, 0x1F, 0xF8, 0x1F, 0xF8, 0x1F, 0xF8, 0x1F, 0xF8, 0x1F, 0xF8, 0x1F, 0xF8, 0x1F, 0xF8, 0x1F,
    0xF8, 0x1F, 0xF8, 0x1F, 0xF8, 0x1F, 0xF8, 0x1F, 0xF8, 0x1F, 0xF8, 0x1F, 0xF8, 0x1F, 0xF8, 0x1F,
    0xF8, 0x1F, 0xF8, 0x1F, 0xF8, 0x1F, 0xF8, 0x1F, 0xF8, 0x1F, 0xF8, 0x1F, 0xF8, 0x1F, 0xF8, 0x1F,
    0xF8, 0x1F, 0xF8, 0x1F, 0xF8, 0x1F, 0xF8, 0x1F, 0xF8, 0x1F, 0xF8, 0x1F, 0xF8, 0x1F, 0xF8, 0x1F,
    0xF8, 0x1F, 0xF8, 0x1F, 0xF8, 0x1F, 0xF8, 0x1F, 0xF8, 0x1F, 0xF8, 0x1F, 0xF8, 0x1F, 0xF8, 0x1F,
    0xF8, 0x1F, 0xF8, 0x1F, 0xF8, 0x1F, 0xF8, 0x1F, 0xF8, 0x1F, 0xF8, 0x1F, 0xF8, 0x1F, 0xF8, 0x1F,
    0xF8, 0x1F, 0xF8, 0x1F, 0xF8, 0x1F, 0xF8, 0x1F, 0xF8, 0x1F, 0xF8, 0x1F, 0xE8, 0x3E, 0x22, 0x2E,
    0x02, 0x2B, 0x02, 0x2B, 0x02, 0x6C, 0x02, 0x8C, 0x0A, 0x09, 0x01, 0x48, 0x0A, 0x2B, 0x0A, 0xCD,
    0x0A, 0xEE, 0x13, 0x0D, 0x0A, 0x6B, 0x33, 0x4D, 0x1A, 0xAB, 0x02, 0x4B, 0x03, 0x2F, 0x03, 0xD2,
    0x04, 0xB6, 0x04, 0x13, 0x02, 0x8E, 0x02, 0xAE, 0x0B, 0x2E, 0x0A, 0xAE, 0x13, 0x2F, 0x1B, 0x2E,
    0x12, 0xAB, 0x01, 0xE9, 0x02, 0x0B, 0x03, 0x0F, 0x03, 0x71, 0x03, 0xB2, 0x03, 0xD3, 0x03, 0x93,
    0x03, 0xF4, 0x04, 0xB7, 0x05, 0x79, 0x05, 0xBA, 0x0D, 0x99, 0x15, 0x99, 0x05, 0x99, 0x05, 0x99,
    0x05, 0xBA, 0x05, 0xFA, 0x05, 0xDA, 0x05, 0xFB, 0x0E, 0x1B, 0x15, 0xFA, 0x0D, 0xDA, 0x05, 0x99,
    0x05, 0x79, 0x05, 0x38, 0x05, 0x18, 0x04, 0xF7, 0x04, 0xD6, 0x04, 0xD6, 0x05, 0x38, 0x05, 0x38,
    0x01, 0x8A, 0x01, 0x48, 0x01, 0x28, 0x01, 0x89, 0x22, 0x29, 0x01, 0xA9, 0x01, 0x69, 0x01, 0xAA,
    0x01, 0x68, 0x01, 0x27, 0x01, 0x06, 0x00, 0xC5, 0x01, 0x26, 0x01, 0xA9, 0x01, 0x48, 0x01, 0x68,
    0x01, 0x68, 0x01, 0x48, 0x01, 0x27, 0x01, 0x07, 0x01, 0x07, 0x00, 0xC5, 0x00, 0xA4, 0x00, 0xC4,
    0x00, 0xA4, 0x00, 0xE5, 0x00, 0xE6, 0x01, 0x27, 0x01, 0xC9, 0x22, 0x6A, 0x2A, 0xCB, 0x0B, 0x4E,
    0x0A, 0x8C, 0x01, 0x48, 0x01, 0x68, 0x02, 0x4B, 0x0A, 0x29, 0x11, 0x65, 0x00, 0xE4, 0x01, 0x46,
    0x01, 0x06, 0x01, 0x48, 0x01, 0x88, 0x01, 0x67, 0x01, 0x67, 0x01, 0xA8, 0x01, 0xE9, 0x01, 0xA8,
    0x01, 0xE9, 0x01, 0xE9, 0x01, 0x67, 0x01, 0x26, 0x01, 0x68, 0x01, 0xA9, 0x01, 0xCA, 0x01, 0xC9,
    0x01, 0x66, 0xA0, 0x36, 0xF8, 0x1F, 0xF8, 0x1F, 0xF8, 0x1F, 0xF8, 0x1F, 0xF8, 0x1F, 0xF8, 0x1F,
    0xF8, 0x1F, 0xF8, 0x1F, 0xF8, 0x1F, 0xF8, 0x1F, 0xF8, 0x1F, 0xF8, 0x1F, 0xF8, 0x1F, 0xF8, 0x1F,
    0xF8, 0x1F, 0xF8, 0x1F, 0xF8, 0x1F, 0xF8, 0x1F, 0xF8, 0x1F, 0xF8, 0x1F, 0xF8, 0x1F, 0xF8, 0x1F,
    0xF8, 0x1F, 0xF8, 0x1F, 0xF8, 0x1F, 0xF8, 0x1F, 0xF8, 0x1F, 0xF8, 0x1F, 0xF8, 0x1F, 0xF8, 0x1F,
    0xF8, 0x1F, 0xF8, 0x1F, 0xF8, 0x1F, 0xF8, 0x1F, 0xF8, 0x1F, 0xF8, 0x1F, 0xF8, 0x1F, 0xF8, 0x1F,
    0xF8, 0x1F, 0xF8, 0x1F, 0xF8, 0x1F, 0xF8, 0x1F, 0xF8, 0x1F, 0xF8, 0x1F, 0xF8, 0x1F, 0xF8, 0x1F,
    0xF8, 0x1F, 0xF8, 0x1F, 0xF8, 0x1F, 0xF8, 0x1F, 0xF8, 0x1F, 0xF8, 0x1F, 0xF8, 0x1F, 0xF8, 0x1F,
    0xF8, 0x1F, 0xF8, 0x1F, 0xF8, 0x1F, 0x69, 0x34, 0x02, 0xCB, 0x0A, 0xCE, 0x02, 0x8C, 0x02, 0x2A,
    0x01, 0x27, 0x01, 0xCA, 0x0A, 0xAD, 0x0B, 0x0E, 0x0A, 0xCC, 0x01, 0xC9, 0x1A, 0xAB, 0x1B, 0x0D,
    0x02, 0xEE, 0x04, 0x13, 0x05, 0x17, 0x04, 0x34, 0x03, 0x71, 0x02, 0xAD, 0x02, 0x8C, 0x13, 0x4E,
    0x23, 0x0D, 0x1B, 0x2D, 0x1A, 0xAB, 0x01, 0xC9, 0x01, 0xEA, 0x02, 0xAD, 0x03, 0xD2, 0x03, 0xB2,
    0x03, 0x92, 0x03, 0xD3, 0x04, 0x55, 0x04, 0xF7, 0x05, 0x79, 0x05, 0xDA, 0x05, 0xDA, 0x05, 0xBA,
    0x05, 0x99, 0x05, 0x99, 0x05, 0xBA, 0x05, 0xDA, 0x05, 0xFB, 0x0D, 0xFB, 0x0D, 0xFB, 0x05, 0xFA,
    0x05, 0xDA, 0x05, 0x79, 0x05, 0x58, 0x05, 0x17, 0x04, 0x96, 0x04, 0x35, 0x03, 0xB3, 0x03, 0xB2,
    0x04, 0x13, 0x03, 0xB2, 0x03, 0xF3, 0x04, 0x55, 0x01, 0x69, 0x01, 0x28, 0x01, 0x28, 0x01, 0xAA,
    0x1A, 0x2A, 0x01, 0xEA, 0x01, 0xEB, 0x01, 0xCA, 0x01, 0x48, 0x01, 0x27, 0x00, 0xC5, 0x00, 0x84,
    0x01, 0x27, 0x01, 0x88, 0x01, 0x68, 0x01, 0x89, 0x01, 0x89, 0x01, 0xAA, 0x01, 0xEB, 0x01, 0xAA,
    0x01, 0x89, 0x01, 0x88, 0x01, 0x27, 0x00, 0xA4, 0x00, 0x43, 0x00, 0xA5, 0x01, 0x27, 0x01, 0x68,
    0x01, 0x68, 0x02, 0x2B, 0x02, 0xED, 0x23, 0x0C, 0x01, 0xC9, 0x01, 0x27, 0x21, 0xE8, 0x1A, 0x49,
    0x01, 0xA7, 0x09, 0x24, 0x00, 0xE5, 0x00, 0xC5, 0x00, 0xE6, 0x01, 0x88, 0x09, 0xC8, 0x29, 0xC6,
    0x01, 0x26, 0x00, 0xE5, 0x01, 0x06, 0x00, 0xE6, 0x00, 0xE5, 0x00, 0xC5, 0x01, 0x06, 0x01, 0x68,
    0x02, 0x4A, 0x01, 0xE9, 0x01, 0xA9, 0x01, 0xA8, 0x09, 0x06, 0xD8, 0x1B, 0xF8, 0x1F, 0xF8, 0x1F,
    0xF8, 0x1F, 0xF8, 0x1F, 0xF8, 0x1F, 0xF8, 0x1F, 0xF8, 0x1F, 0xF8, 0x1F, 0xF8, 0x1F, 0xF8, 0x1F,
    0xF8, 0x1F, 0xF8, 0x1F, 0xF8, 0x1F, 0xF8, 0x1F, 0xF8, 0x1F, 0xF8, 0x1F, 0xF8, 0x1F, 0xF8, 0x1F,
    0xF8, 0x1F, 0xF8, 0x1F, 0xF8, 0x1F, 0xF8, 0x1F, 0xF8, 0x1F, 0xF8, 0x1F, 0xF8, 0x1F, 0xF8, 0x1F,
    0xF8, 0x1F, 0xF8, 0x1F, 0xF8, 0x1F, 0xF8, 0x1F, 0xF8, 0x1F, 0xF8, 0x1F, 0xF8, 0x1F, 0xF8, 0x1F,
    0xF8, 0x1F, 0xF8, 0x1F, 0xF8, 0x1F, 0xF8, 0x1F, 0xF8, 0x1F, 0xF8, 0x1F, 0xF8, 0x1F, 0xF8, 0x1F,
    0xF8, 0x1F, 0xF8, 0x1F, 0xF8, 0x1F, 0xF8, 0x1F, 0xF8, 0x1F, 0xF8, 0x1F, 0xF8, 0x1F, 0xF8, 0x1F,
    0xF8, 0x1F, 0xF8, 0x1F, 0xF8, 0x1F, 0xF8, 0x1F, 0xF8, 0x1F, 0xF8, 0x1F, 0xF8, 0x1F, 0x98, 0xF8,
    0x02, 0x8B, 0x0A, 0x8C, 0x12, 0xAC, 0x01, 0x88, 0x01, 0xA9, 0x13, 0x2E, 0x1B, 0x8F, 0x0A, 0x4B,
    0x09, 0xE9, 0x0A, 0x4A, 0x0A, 0x6B, 0x03, 0x2F, 0x04, 0x95, 0x04, 0x34, 0x03, 0xD2, 0x03, 0x30,
    0x02, 0xAD, 0x02, 0x8C, 0x1B, 0x8E, 0x0A, 0x2A, 0x01, 0x88, 0x01, 0xA9, 0x02, 0x2C, 0x03, 0x2F,
    0x03, 0x71, 0x03, 0x92, 0x03, 0xD3, 0x04, 0x55, 0x04, 0xD7, 0x04, 0xF7, 0x05, 0x99, 0x05, 0xDA,
    0x05, 0xBA, 0x05, 0xDA, 0x05, 0x9A, 0x05, 0xBA, 0x05, 0xFA, 0x05, 0xFB, 0x05, 0xFB, 0x0D, 0xFB,
    0x05, 0xFA, 0x0D, 0xFA, 0x05, 0xB9, 0x05, 0x99, 0x05, 0x38, 0x04, 0xD7, 0x04, 0xF6, 0x04, 0x14,
    0x03, 0xB3, 0x03, 0x71, 0x03, 0x30, 0x03, 0x51, 0x03, 0x72, 0x03, 0x92, 0x03, 0x51, 0x03, 0x51,
    0x01, 0x69, 0x01, 0x68, 0x01, 0x49, 0x01, 0xAB, 0x01, 0xEB, 0x01, 0x8A, 0x01, 0x89, 0x01, 0x68,
    0x01, 0x07, 0x00, 0xC5, 0x00, 0x23, 0x00, 0x84, 0x01, 0x47, 0x01, 0x07, 0x01, 0x48, 0x01, 0xCA,
    0x02, 0x0B, 0x01, 0xCA, 0x01, 0xEA, 0x01, 0xE9, 0x01, 0x88, 0x01, 0xA8, 0x01, 0x87, 0x01, 0x26,
    0x01, 0x06, 0x01, 0x88, 0x01, 0x88, 0x01, 0x88, 0x01, 0x88, 0x02, 0x0B, 0x0B, 0x0D, 0x1A, 0x4A,
    0x01, 0x67, 0x01, 0x27, 0x0A, 0x2A, 0x12, 0x08, 0x01, 0x04, 0x01, 0x05, 0x00, 0xE5, 0x01, 0x26,
    0x01, 0x87, 0x01, 0xC9, 0x11, 0xA7, 0x41, 0xE6, 0x01, 0x26, 0x00, 0xE6, 0x01, 0x47, 0x01, 0x67,
    0x01, 0x47, 0x01, 0x06, 0x01, 0x27, 0x02, 0x2A, 0x02, 0x6A, 0x01, 0x68, 0x01, 0x48, 0x01, 0x66,
    0x10, 0xC5, 0xE8, 0x1D, 0xF8, 0x1F, 0xF8, 0x1F, 0xF8, 0x1F, 0xF8, 0x1F, 0xF8, 0x1F, 0xF8, 0x1F,
    0xF8, 0x1F, 0xF8, 0x1F, 0xF8, 0x1F, 0xF8, 0x1F, 0xF8, 0x1F, 0xF8, 0x1F, 0xF8, 0x1F, 0xF8, 0x1F,
    0xF8, 0x1F, 0xF8, 0x1F, 0xF8, 0x1F, 0xF8, 0x1F, 0xF8, 0x1F, 0xF8, 0x1F, 0xF8, 0x1F, 0xF8, 0x1F,
    0xF8, 0x1F, 0xF8, 0x1F, 0xF8, 0x1F, 0xF8, 0x1F, 0xF8, 0x1F, 0xF8, 0x1F, 0xF8, 0x1F, 0xF8, 0x1F,
    0xF8, 0x1F, 0xF8, 0x1F, 0xF8, 0x1F, 0xF8, 0x1F, 0xF8, 0x1F, 0xF8, 0x1F, 0xF8, 0x1F, 0xF8, 0x1F,
    0xF8, 0x1F, 0xF8, 0x1F, 0xF8, 0x1F, 0xF8, 0x1F, 0xF8, 0x1F, 0xF8, 0x1F, 0xF8, 0x1F, 0xF8, 0x1F,
    0xF8, 0x1F, 0xF8, 0x1F, 0xF8, 0x1F, 0xF8, 0x1F, 0xF8, 0x1F, 0xF8, 0x1F, 0xF8, 0x1F, 0xF8, 0x1F,
    0xF8, 0x1F, 0xF8, 0x1F, 0xF8, 0x1F, 0xB0, 0xDA, 0x02, 0x2A, 0x01, 0xC9, 0x01, 0x88, 0x02, 0x0A,
    0x0A, 0xEE, 0x0B, 0x2E, 0x12, 0xAC, 0x0A, 0x09, 0x09, 0xE9, 0x02, 0xAD, 0x04, 0x34, 0x04, 0x54,
    0x04, 0x14, 0x03, 0x30, 0x02, 0x8D, 0x03, 0x0E, 0x02, 0x8C, 0x13, 0x8F, 0x1A, 0xEC, 0x01, 0xA8,
    0x02, 0x4B, 0x03, 0x30, 0x03, 0xB2, 0x03, 0x92, 0x03, 0xD3, 0x04, 0xB6, 0x04, 0xD7, 0x05, 0x79,
    0x05, 0xBA, 0x05, 0xBA, 0x05, 0xDB, 0x05, 0xFA, 0x05, 0xDB, 0x05, 0xFB, 0x05, 0xFB, 0x05, 0xFB,
    0x0E, 0x1B, 0x16, 0x1B, 0x16, 0x1B, 0x05, 0xB9, 0x05, 0x99, 0x05, 0x78, 0x05, 0x18, 0x04, 0xD7,
    0x04, 0xB7, 0x04, 0xD7, 0x03, 0xB3, 0x03, 0x92, 0x03, 0xD3, 0x03, 0xB2, 0x0C, 0x13, 0x24, 0xD5,
    0x0C, 0x74, 0x0C, 0x74, 0x14, 0x95, 0x04, 0x13, 0x01, 0x69, 0x01, 0x89, 0x01, 0x8A, 0x01, 0xEA,
    0x01, 0xEA, 0x01, 0xAA, 0x01, 0x28, 0x01, 0x06, 0x00, 0xC6, 0x00, 0xA5, 0x00, 0x02, 0x00, 0xA5,
    0x01, 0x27, 0x01, 0x27, 0x01, 0xC9, 0x01, 0xEA, 0x01, 0xEA, 0x01, 0xC9, 0x01, 0xC9, 0x01, 0xC9,
    0x09, 0xE8, 0x09, 0xC8, 0x09, 0xC8, 0x01, 0xA7, 0x01, 0x87, 0x01, 0x67, 0x01, 0x88, 0x01, 0xC8,
    0x01, 0xA9, 0x02, 0x2B, 0x02, 0xED, 0x02, 0x2B, 0x01, 0x07, 0x01, 0x89, 0x02, 0xAB, 0x01, 0xA7,
    0x00, 0xE4, 0x00, 0xE5, 0x00, 0xE6, 0x01, 0x68, 0x02, 0x29, 0x09, 0xC8, 0x01, 0x06, 0x00, 0xC5,
    0x00, 0xE6, 0x01, 0x26, 0x01, 0x27, 0x01, 0x06, 0x01, 0x26, 0x01, 0x47, 0x00, 0xC5, 0x01, 0x27,
    0x01, 0x68, 0x01, 0x27, 0x01, 0x47, 0x09, 0x65, 0x10, 0x84, 0xF0, 0x1E, 0xF8, 0x1F, 0xF8, 0x1F,
    0xF8, 0x1F, 0xF8, 0x1F, 0xF8, 0x1F, 0xF8, 0x1F, 0xF8, 0x1F, 0xF8, 0x1F, 0xF8, 0x1F, 0xF8, 0x1F,
    0xF8, 0x1F, 0xF8, 0x1F, 0xF8, 0x1F, 0xF8, 0x1F, 0xF8, 0x1F, 0xF8, 0x1F, 0xF8, 0x1F, 0xF8, 0x1F,
    0xF8, 0x1F, 0xF8, 0x1F, 0xF8, 0x1F, 0xF8, 0x1F, 0xF8, 0x1F, 0xF8, 0x1F, 0xF8, 0x1F, 0xF8, 0x1F,
    0xF8, 0x1F, 0xF8, 0x1F, 0xF8, 0x1F, 0xF8, 0x1F, 0xF8, 0x1F, 0xF8, 0x1F, 0xF8, 0x1F, 0xF8, 0x1F,
    0xF8, 0x1F, 0xF8, 0x1F, 0xF8, 0x1F, 0xF8, 0x1F, 0xF8, 0x1F, 0xF8, 0x1F, 0xF8, 0x1F, 0xF8, 0x1F,
    0xF8, 0x1F, 0xF8, 0x1F, 0xF8, 0x1F, 0xF8, 0x1F, 0xF8, 0x1F, 0xF8, 0x1F, 0xF8, 0x1F, 0xF8, 0x1F,
    0xF8, 0x1F, 0xF8, 0x1F, 0xF8, 0x1F, 0xF8, 0x1F, 0xF8, 0x1F, 0xF8, 0x1F, 0xF8, 0x1F, 0xB8, 0x59,
    0x01, 0x88, 0x01, 0xA8, 0x01, 0x68, 0x12, 0x8C, 0x12, 0xED, 0x0A, 0x2A, 0x0A, 0x09, 0x11, 0xE8,
    0x02, 0x6C, 0x04, 0xB5, 0x04, 0x14, 0x03, 0xB1, 0x13, 0xD1, 0x0B, 0x50, 0x0B, 0x2E, 0x13, 0x0C,
    0x0A, 0x8B, 0x02, 0xCC, 0x01, 0xA8, 0x01, 0xAA, 0x03, 0xD2, 0x0C, 0x74, 0x04, 0x14, 0x04, 0x55,
    0x04, 0xB7, 0x05, 0x79, 0x05, 0x7A, 0x05, 0xBA, 0x05, 0xDA, 0x05, 0xDA, 0x05, 0xFB, 0x05, 0xFB,
    0x05, 0xFB, 0x05, 0xDB, 0x0D, 0xFB, 0x0D, 0xFA, 0x05, 0xFA, 0x0D, 0xBA, 0x0D, 0x79, 0x05, 0x18,
    0x04, 0xF7, 0x04, 0xD7, 0x04, 0xD7, 0x04, 0xD7, 0x04, 0xB7, 0x03, 0xF3, 0x03, 0x71, 0x03, 0xD2,
    0x04, 0x13, 0x45, 0x56, 0x66, 0x18, 0x5D, 0xD7, 0x4D, 0x76, 0x4D, 0x96, 0x45, 0x56, 0x4D, 0xB7,
    0x01, 0x49, 0x01, 0x69, 0x01, 0xEB, 0x01, 0xEB, 0x01, 0xAA, 0x01, 0x89, 0x01, 0x27, 0x01, 0x07,
    0x01, 0x27, 0x00, 0xA5, 0x00, 0x22, 0x01, 0x06, 0x01, 0x27, 0x01, 0x27, 0x01, 0x68, 0x09, 0xE9,
    0x22, 0x49, 0x01, 0x47, 0x00, 0xE6, 0x01, 0x27, 0x01, 0x27, 0x01, 0x47, 0x01, 0x68, 0x01, 0x47,
    0x01, 0x27, 0x01, 0x27, 0x01, 0x07, 0x01, 0x68, 0x02, 0x2B, 0x02, 0xCD, 0x02, 0xCD, 0x02, 0x0A,
    0x01, 0x68, 0x02, 0x2A, 0x0A, 0x4A, 0x01, 0x45, 0x01, 0x05, 0x01, 0x47, 0x01, 0x67, 0x01, 0x88,
    0x01, 0xA8, 0x01, 0x27, 0x00, 0xE5, 0x01, 0x05, 0x01, 0x26, 0x01, 0x26, 0x01, 0x06, 0x00, 0xE5,
    0x00, 0xE5, 0x09, 0x26, 0x01, 0x25, 0x09, 0x87, 0x09, 0xC8, 0x01, 0x67, 0x11, 0xA7, 0x11, 0x85,
    0x08, 0x84, 0xF0, 0x1E, 0xF8, 0x1F, 0xF8, 0x1F, 0xF8, 0x1F, 0xF8, 0x1F, 0xF8, 0x1F, 0xF8, 0x1F,
    0xF8, 0x1F, 0xF8, 0x1F, 0xF8, 0x1F, 0xF8, 0x1F, 0xF8, 0x1F, 0xF8, 0x1F, 0xF8, 0x1F, 0xF8, 0x1F,
    0xF8, 0x1F, 0xF8, 0x1F, 0xF8, 0x1F, 0xF8, 0x1F, 0xF8, 0x1F, 0xF8, 0x1F, 0xF8, 0x1F, 0xF8, 0x1F,
    0xF8, 0x1F, 0xF8, 0x1F, 0xF8, 0x1F, 0xF8, 0x1F, 0xF8, 0x1F, 0xF8, 0x1F, 0xF8, 0x1F, 0xF8, 0x1F,
    0xF8, 0x1F, 0xF8, 0x1F, 0xF8, 0x1F, 0xF8, 0x1F, 0xF8, 0x1F, 0xF8, 0x1F, 0xF8, 0x1F, 0xF8, 0x1F,
    0xF8, 0x1F, 0xF8, 0x1F, 0xF8, 0x1F, 0xF8, 0x1F, 0xF8, 0x1F, 0xF8, 0x1F, 0xF8, 0x1F, 0xF8, 0x1F,
    0xF8, 0x1F, 0xF8, 0x1F, 0xF8, 0x1F, 0xF8, 0x1F, 0xF8, 0x1F, 0xF8, 0x1F, 0xF8, 0x1F, 0xF8, 0x1F,
    0xF8, 0x1F, 0xF8, 0x1F, 0xF8, 0x1F, 0xB8, 0x39, 0x01, 0xA9, 0x02, 0x0A, 0x01, 0xCA, 0x0A, 0xAC,
    0x01, 0xE9, 0x12, 0x2B, 0x1A, 0xAB, 0x09, 0xE9, 0x03, 0xF2, 0x04, 0x95, 0x03, 0x0F, 0x0A, 0xAD,
    0x13, 0x0E, 0x13, 0x2E, 0x12, 0x8B, 0x01, 0xC8, 0x01, 0xC8, 0x01, 0xC8, 0x01, 0xCA, 0x03, 0x70,
    0x04, 0x34, 0x0C, 0x95, 0x04, 0xD7, 0x05, 0x38, 0x05, 0x79, 0x05, 0xB9, 0x05, 0xBA, 0x05, 0x9A,
    0x05, 0xDA, 0x05, 0xDA, 0x05, 0xBA, 0x05, 0x9A, 0x05, 0x9A, 0x05, 0xB9, 0x0D, 0xDA, 0x0D, 0x99,
    0x05, 0x99, 0x05, 0x38, 0x04, 0xD7, 0x04, 0xD7, 0x04, 0xB7, 0x04, 0x96, 0x04, 0x55, 0x04, 0x54,
    0x03, 0xD2, 0x03, 0x71, 0x03, 0x91, 0x0C, 0x33, 0x45, 0x76, 0x6D, 0xF7, 0x44, 0x93, 0x13, 0x91,
    0x0C, 0x13, 0x14, 0x53, 0x13, 0xD2, 0x24, 0x53, 0x01, 0x48, 0x01, 0x69, 0x01, 0xEB, 0x02, 0x0B,
    0x01, 0xCA, 0x01, 0x68, 0x00, 0xE7, 0x01, 0x27, 0x00, 0xC6, 0x00, 0x83, 0x00, 0x22, 0x01, 0x06,
    0x01, 0x26, 0x01, 0x07, 0x09, 0xC8, 0x0A, 0x08, 0x01, 0x26, 0x19, 0x25, 0x09, 0x67, 0x02, 0x0A,
    0x02, 0x2B, 0x02, 0x2B, 0x0A, 0x0A, 0x01, 0x68, 0x01, 0x47, 0x01, 0xA8, 0x19, 0xC7, 0x02, 0x2B,
    0x02, 0xED, 0x13, 0x0D, 0x02, 0x6B, 0x01, 0xA9, 0x02, 0x4C, 0x02, 0xCC, 0x01, 0x67, 0x00, 0xE5,
    0x00, 0xE6, 0x01, 0x88, 0x01, 0xA8, 0x01, 0x88, 0x01, 0x07, 0x00, 0xE6, 0x01, 0x05, 0x00, 0xE5,
    0x01, 0x26, 0x01, 0x26, 0x01, 0x05, 0x00, 0xC4, 0x00, 0xA3, 0x00, 0xC4, 0x09, 0xA7, 0x43, 0xAD,
    0x4B, 0xED, 0x11, 0xC7, 0x09, 0x05, 0x08, 0xE3, 0x10, 0xA4, 0xF0, 0x1E, 0xF8, 0x1F, 0xF8, 0x1F,
    0xF8, 0x1F, 0xF8, 0x1F, 0xF8, 0x1F, 0xF8, 0x1F, 0xF8, 0x1F, 0xF8, 0x1F, 0xF8, 0x1F, 0xF8, 0x1F,
    0xF8, 0x1F, 0xF8, 0x1F, 0xF8, 0x1F, 0xF8, 0x1F, 0xF8, 0x1F, 0xF8, 0x1F, 0xF8, 0x1F, 0xF8, 0x1F,
    0xF8, 0x1F, 0xF8, 0x1F, 0xF8, 0x1F, 0xF8, 0x1F, 0xF8, 0x1F, 0xF8, 0x1F, 0xF8, 0x1F, 0xF8, 0x1F,
    0xF8, 0x1F, 0xF8, 0x1F, 0xF8, 0x1F, 0xF8, 0x1F, 0xF8, 0x1F, 0xF8, 0x1F, 0xF8, 0x1F, 0xF8, 0x1F,
    0xF8, 0x1F, 0xF8, 0x1F, 0xF8, 0x1F, 0xF8, 0x1F, 0xF8, 0x1F, 0xF8, 0x1F, 0xF8, 0x1F, 0xF8, 0x1F,
    0xF8, 0x1F, 0xF8, 0x1F, 0xF8, 0x1F, 0xF8, 0x1F, 0xF8, 0x1F, 0xF8, 0x1F, 0xF8, 0x1F, 0xF8, 0x1F,
    0xF8, 0x1F, 0xF8, 0x1F, 0xF8, 0x1F, 0xF8, 0x1F, 0xF8, 0x1F, 0xF8, 0x1F, 0xF8, 0x1F, 0xB8, 0x79,
    0x02, 0x2A, 0x02, 0x4B, 0x02, 0xAC, 0x02, 0x8C, 0x0A, 0x6B, 0x23, 0x0C, 0x0A, 0x2A, 0x03, 0xB1,
    0x04, 0x75, 0x03, 0x92, 0x02, 0x8D, 0x02, 0x8C, 0x0A, 0xAC, 0x0A, 0x8B, 0x01, 0xC8, 0x01, 0xC9,
    0x02, 0x0B, 0x02, 0x0B, 0x02, 0xCF, 0x03, 0xB3, 0x04, 0x15, 0x04, 0xF7, 0x05, 0x79, 0x05, 0x99,
    0x05, 0x99, 0x05, 0x58, 0x25, 0xB9, 0x25, 0xB8, 0x05, 0x78, 0x05, 0x58, 0x05, 0x58, 0x05, 0x58,
    0x05, 0x58, 0x05, 0x58, 0x05, 0x38, 0x04, 0xD7, 0x04, 0xF7, 0x04, 0xD7, 0x04, 0xB6, 0x04, 0x14,
    0x03, 0xB2, 0x03, 0x91, 0x03, 0x70, 0x03, 0x71, 0x03, 0x92, 0x03, 0xF3, 0x1C, 0xB5, 0x55, 0xB7,
    0x7E, 0x78, 0x3C, 0x93, 0x03, 0x70, 0x03, 0xB1, 0x04, 0x13, 0x04, 0x74, 0x04, 0x34, 0x03, 0xF3,
    0x01, 0x68, 0x01, 0x69, 0x01, 0xCA, 0x01, 0xCB, 0x01, 0xA9, 0x01, 0x27, 0x00, 0xE6, 0x00, 0xA6,
    0x00, 0x85, 0x00, 0x63, 0x00, 0x63, 0x00, 0xE5, 0x01, 0x06, 0x01, 0xA7, 0x09, 0xE8, 0x01, 0x06,
    0x00, 0xC7, 0x32, 0x07, 0x2A, 0x28, 0x02, 0x4B, 0x02, 0x8C, 0x2A, 0xCA, 0x63, 0x09, 0x1A, 0x6B,
    0x12, 0x4A, 0x12, 0x09, 0x2A, 0xAA, 0x32, 0xAA, 0x32, 0x89, 0x12, 0x2A, 0x09, 0xC9, 0x01, 0x88,
    0x02, 0x6C, 0x0A, 0x8A, 0x01, 0x05, 0x00, 0xE5, 0x00, 0xC6, 0x01, 0x88, 0x02, 0x4A, 0x02, 0x0A,
    0x01, 0x27, 0x00, 0xE6, 0x01, 0x26, 0x00, 0xE5, 0x00, 0xA4, 0x00, 0x83, 0x00, 0xE5, 0x00, 0xE4,
    0x00, 0x63, 0x09, 0x46, 0x3B, 0x8D, 0x32, 0xEA, 0x11, 0xA7, 0x01, 0x25, 0x00, 0xE4, 0x00, 0xE4,
    0x10, 0xA4, 0xF0, 0x1E, 0xF8, 0x1F, 0xF8, 0x1F, 0xF8, 0x1F, 0xF8, 0x1F, 0xF8, 0x1F, 0xF8, 0x1F,
    0xF8, 0x1F, 0xF8, 0x1F, 0xF8, 0x1F, 0xF8, 0x1F, 0xF8, 0x1F, 0xF8, 0x1F, 0xF8, 0x1F, 0xF8, 0x1F,
    0xF8, 0x1F, 0xF8, 0x1F, 0xF8, 0x1F, 0xF8, 0x1F, 0xF8, 0x1F, 0xF8, 0x1F, 0xF8, 0x1F, 0xF8, 0x1F,
    0xF8, 0x1F, 0xF8, 0x1F, 0xF8, 0x1F, 0xF8, 0x1F, 0xF8, 0x1F, 0xF8, 0x1F, 0xF8, 0x1F, 0xF8, 0x1F,
    0xF8, 0x1F, 0xF8, 0x1F, 0xF8, 0x1F, 0xF8, 0x1F, 0xF8, 0x1F, 0xF8, 0x1F, 0xF8, 0x1F, 0xF8, 0x1F,
    0xF8, 0x1F, 0xF8, 0x1F, 0xF8, 0x1F, 0xF8, 0x1F, 0xF8, 0x1F, 0xF8, 0x1F, 0xF8, 0x1F, 0xF8, 0x1F,
    0xF8, 0x1F, 0xF8, 0x1F, 0xF8, 0x1F, 0xF8, 0x1F, 0xF8, 0x1F, 0xF8, 0x1F, 0xF8, 0x1F, 0xF8, 0x1F,
    0xF8, 0x1F, 0xF8, 0x1F, 0xF8, 0x1F, 0xB8, 0xBA, 0x02, 0x8B, 0x0A, 0x8C, 0x0A, 0x8C, 0x02, 0x4A,
    0x0A, 0x09, 0x01, 0x68, 0x03, 0x50, 0x04, 0x95, 0x03, 0xF3, 0x03, 0x0F, 0x02, 0x6B, 0x0A, 0x4A,
    0x01, 0xE9, 0x0A, 0x4A, 0x01, 0xC8, 0x02, 0x8D, 0x03, 0xB1, 0x03, 0x31, 0x03, 0xB3, 0x04, 0x97,
    0x04, 0xD7, 0x04, 0xF7, 0x05, 0x79, 0x05, 0x98, 0x05, 0x17, 0x04, 0xD7, 0x0D, 0x37, 0x0D, 0x37,
    0x05, 0x17, 0x05, 0x37, 0x05, 0x17, 0x04, 0xF7, 0x04, 0xD7, 0x04, 0xF8, 0x04, 0xF8, 0x05, 0x18,
    0x04, 0xB6, 0x04, 0x55, 0x03, 0xB2, 0x03, 0x30, 0x03, 0x70, 0x03, 0x70, 0x03, 0x50, 0x04, 0x13,
    0x1C, 0xF6, 0x2C, 0xF5, 0x55, 0xB7, 0x86, 0x99, 0x5D, 0x75, 0x0B, 0x70, 0x04, 0x12, 0x0C, 0xB4,
    0x14, 0x73, 0x1C, 0x93, 0x03, 0xF2, 0x0C, 0x12, 0x01, 0xC9, 0x01, 0x69, 0x01, 0xCB, 0x01, 0xCA,
    0x01, 0x69, 0x01, 0x07, 0x00, 0xC6, 0x00, 0xC6, 0x08, 0xE5, 0x00, 0x43, 0x00, 0x84, 0x00, 0xC5,
    0x00, 0xE6, 0x09, 0xA7, 0x01, 0x46, 0x00, 0xC6, 0x01, 0xE9, 0x02, 0x4B, 0x02, 0x4B, 0x02, 0x6C,
    0x1A, 0x8B, 0x42, 0xA9, 0x3A, 0xA9, 0x12, 0x6B, 0x02, 0x4B, 0x02, 0x0A, 0x02, 0x6B, 0x22, 0xCB,
    0x1A, 0x08, 0x01, 0x88, 0x01, 0xA8, 0x01, 0xC9, 0x02, 0x8C, 0x01, 0x87, 0x01, 0x05, 0x01, 0x05,
    0x01, 0x27, 0x01, 0xC9, 0x02, 0x4A, 0x01, 0xA9, 0x00, 0xC6, 0x01, 0x27, 0x01, 0x26, 0x00, 0xC4,
    0x00, 0x83, 0x00, 0x83, 0x00, 0xE4, 0x01, 0x05, 0x11, 0xE8, 0x43, 0xCE, 0x53, 0xED, 0x09, 0x86,
    0x00, 0x83, 0x00, 0x83, 0x00, 0xE4, 0x01, 0x04, 0x08, 0xC6, 0xF0, 0x1E, 0xF8, 0x1F, 0xF8, 0x1F,
    0xF8, 0x1F, 0xF8, 0x1F, 0xF8, 0x1F, 0xF8, 0x1F, 0xF8, 0x1F, 0xF8, 0x1F, 0xF8, 0x1F, 0xF8, 0x1F,
    0xF8, 0x1F, 0xF8, 0x1F, 0xF8, 0x1F, 0xF8, 0x1F, 0xF8, 0x1F, 0xF8, 0x1F, 0xF8, 0x1F, 0xF8, 0x1F,
    0xF8, 0x1F, 0xF8, 0x1F, 0xF8, 0x1F, 0xF8, 0x1F, 0xF8, 0x1F, 0xF8, 0x1F, 0xF8, 0x1F, 0xF8, 0x1F,
    0xF8, 0x1F, 0xF8, 0x1F, 0xF8, 0x1F, 0xF8, 0x1F, 0xF8, 0x1F, 0xF8, 0x1F, 0xF8, 0x1F, 0xF8, 0x1F,
    0xF8, 0x1F, 0xF8, 0x1F, 0xF8, 0x1F, 0xF8, 0x1F, 0xF8, 0x1F, 0xF8, 0x1F, 0xF8, 0x1F, 0xF8, 0x1F,
    0xF8, 0x1F, 0xF8, 0x1F, 0xF8, 0x1F, 0xF8, 0x1F, 0xF8, 0x1F, 0xF8, 0x1F, 0xF8, 0x1F, 0xF8, 0x1F,
    0xF8, 0x1F, 0xF8, 0x1F, 0xF8, 0x1F, 0xF8, 0x1F, 0xF8, 0x1F, 0xF8, 0x1F, 0xF8, 0x1F, 0xB8, 0x79,
    0x02, 0x0A, 0x0A, 0xAB, 0x0A, 0x4A, 0x0A, 0x8B, 0x23, 0x0D, 0x03, 0x50, 0x04, 0x54, 0x03, 0x30,
    0x02, 0x6C, 0x02, 0x6C, 0x0A, 0x8B, 0x09, 0xA8, 0x01, 0xC8, 0x02, 0x0A, 0x02, 0xEF, 0x03, 0xF2,
    0x03, 0xF3, 0x03, 0xD4, 0x0C, 0xD6, 0x04, 0xF7, 0x04, 0xD7, 0x04, 0xF7, 0x05, 0x37, 0x04, 0xF6,
    0x04, 0xF7, 0x04, 0xD6, 0x04, 0x55, 0x04, 0x75, 0x04, 0x74, 0x04, 0x54, 0x04, 0x34, 0x03, 0xF3,
    0x03, 0xD2, 0x03, 0xF2, 0x03, 0x72, 0x03, 0xB2, 0x03, 0xB2, 0x03, 0x50, 0x03, 0x90, 0x03, 0xD2,
    0x04, 0x12, 0x03, 0xD1, 0x03, 0x70, 0x14, 0x33, 0x5E, 0x18, 0x76, 0x38, 0x65, 0xD6, 0x44, 0x72,
    0x0B, 0x70, 0x03, 0x70, 0x03, 0xD2, 0x0C, 0x73, 0x0B, 0xB1, 0x1C, 0x32, 0x24, 0x51, 0x2B, 0xAF,
    0x01, 0x89, 0x09, 0x89, 0x32, 0x49, 0x09, 0xCA, 0x01, 0x27, 0x00, 0xE6, 0x00, 0xC6, 0x00, 0xC5,
    0x00, 0xC5, 0x00, 0x84, 0x00, 0xE5, 0x00, 0xC5, 0x01, 0x26, 0x01, 0x47, 0x00, 0xC5, 0x01, 0x07,
    0x02, 0x2A, 0x02, 0x2B, 0x02, 0x8C, 0x02, 0x4B, 0x01, 0xE9, 0x01, 0x47, 0x01, 0x47, 0x01, 0x68,
    0x11, 0xE9, 0x1A, 0x28, 0x01, 0xA8, 0x01, 0xA9, 0x01, 0xA9, 0x01, 0x68, 0x01, 0x88, 0x0A, 0x6C,
    0x0A, 0x4A, 0x01, 0x46, 0x01, 0x06, 0x01, 0x68, 0x01, 0xE9, 0x01, 0xC8, 0x01, 0xE9, 0x01, 0x88,
    0x01, 0x06, 0x01, 0x27, 0x01, 0x26, 0x00, 0xE5, 0x00, 0x83, 0x00, 0x83, 0x00, 0xC4, 0x11, 0xA7,
    0x4B, 0xCE, 0x54, 0x2D, 0x1A, 0x08, 0x01, 0x05, 0x00, 0xA3, 0x00, 0xA3, 0x01, 0x05, 0x01, 0x66,
    0x09, 0x68, 0xF0, 0x1E, 0xF8, 0x1F, 0xF8, 0x1F, 0xF8, 0x1F, 0xF8, 0x1F, 0xF8, 0x1F, 0xF8, 0x1F,
    0xF8, 0x1F, 0xF8, 0x1F, 0xF8, 0x1F, 0xF8, 0x1F, 0xF8, 0x1F, 0xF8, 0x1F, 0xF8, 0x1F, 0xF8, 0x1F,
    0xF8, 0x1F, 0xF8, 0x1F, 0xF8, 0x1F, 0xF8, 0x1F, 0xF8, 0x1F, 0xF8, 0x1F, 0xF8, 0x1F, 0xF8, 0x1F,
    0xF8, 0x1F, 0xF8, 0x1F, 0xF8, 0x1F, 0xF8, 0x1F, 0xF8, 0x1F, 0xF8, 0x1F, 0xF8, 0x1F, 0xF8, 0x1F,
    0xF8, 0x1F, 0xF8, 0x1F, 0xF8, 0x1F, 0xF8, 0x1F, 0xF8, 0x1F, 0xF8, 0x1F, 0xF8, 0x1F, 0xF8, 0x1F,
    0xF8, 0x1F, 0xF8, 0x1F, 0xF8, 0x1F, 0xF8, 0x1F, 0xF8, 0x1F, 0xF8, 0x1F, 0xF8, 0x1F, 0xF8, 0x1F,
    0xF8, 0x1F, 0xF8, 0x1F, 0xF8, 0x1F, 0xF8, 0x1F, 0xF8, 0x1F, 0xF8, 0x1F, 0xF8, 0x1F, 0xF8, 0x1F,
    0xF8, 0x1F, 0xF8, 0x1F, 0xF8, 0x1F, 0xB8, 0x9A, 0x02, 0x4A, 0x0A, 0x09, 0x09, 0xC9, 0x12, 0xAC,
    0x1C, 0x12, 0x04, 0x54, 0x03, 0x92, 0x0A, 0x2B, 0x02, 0x2B, 0x02, 0xED, 0x0A, 0x8B, 0x01, 0xA8,
    0x02, 0x0A, 0x0B, 0xD1, 0x03, 0xD2, 0x03, 0xB2, 0x04, 0x14, 0x0C, 0xD6, 0x35, 0xB8, 0x04, 0xF7,
    0x04, 0xD6, 0x04, 0xF7, 0x04, 0xB5, 0x03, 0x92, 0x04, 0x33, 0x03, 0xD2, 0x03, 0x50, 0x03, 0x0F,
    0x13, 0xB0, 0x0B, 0x70, 0x03, 0x2F, 0x03, 0x4F, 0x03, 0x4F, 0x1B, 0xD1, 0x02, 0xAE, 0x0B, 0x4F,
    0x13, 0xB1, 0x03, 0x70, 0x04, 0x53, 0x24, 0xD4, 0x24, 0x94, 0x2C, 0xB4, 0x1C, 0x53, 0x4D, 0x97,
    0x86, 0x99, 0x5D, 0x55, 0x1B, 0x6F, 0x02, 0xAD, 0x03, 0x70, 0x03, 0xB1, 0x0C, 0x12, 0x14, 0x52,
    0x2C, 0x52, 0x23, 0xCF, 0x0A, 0xAC, 0x02, 0x8C, 0x01, 0x49, 0x01, 0x89, 0x19, 0xE9, 0x01, 0xA9,
    0x01, 0x07, 0x00, 0xA5, 0x00, 0x84, 0x00, 0x84, 0x00, 0x63, 0x00, 0x63, 0x01, 0x26, 0x00, 0xE6,
    0x01, 0x27, 0x01, 0x26, 0x00, 0xE6, 0x01, 0xC9, 0x01, 0xE9, 0x02, 0x4B, 0x02, 0x2A, 0x09, 0xA8,
    0x01, 0x27, 0x00, 0xE7, 0x00, 0xE6, 0x00, 0xC6, 0x01, 0x06, 0x11, 0x87, 0x09, 0x66, 0x01, 0x47,
    0x01, 0x47, 0x01, 0x28, 0x0A, 0x2B, 0x22, 0xCB, 0x09, 0x66, 0x01, 0x25, 0x01, 0x27, 0x01, 0xCA,
    0x01, 0xC9, 0x01, 0xA8, 0x01, 0xE9, 0x01, 0x67, 0x01, 0x26, 0x01, 0x06, 0x01, 0x06, 0x01, 0x05,
    0x00, 0xA3, 0x00, 0x83, 0x00, 0x83, 0x1A, 0x29, 0x3A, 0xAA, 0x29, 0x86, 0x00, 0xE4, 0x00, 0xC4,
    0x00, 0xC4, 0x01, 0x26, 0x02, 0x4B, 0x02, 0xCC, 0x09, 0xC9, 0xF0, 0x1E, 0xF8, 0x1F, 0xF8, 0x1F,
    0xF8, 0x1F, 0xF8, 0x1F, 0xF8, 0x1F, 0xF8, 0x1F, 0xF8, 0x1F, 0xF8, 0x1F, 0xF8, 0x1F, 0xF8, 0x1F,
    0xF8, 0x1F, 0xF8, 0x1F, 0xF8, 0x1F, 0xF8, 0x1F, 0xF8, 0x1F, 0xF8, 0x1F, 0xF8, 0x1F, 0xF8, 0x1F,
    0xF8, 0x1F, 0xF8, 0x1F, 0xF8, 0x1F, 0xF8, 0x1F, 0xF8, 0x1F, 0xF8, 0x1F, 0xF8, 0x1F, 0xF8, 0x1F,
    0xF8, 0x1F, 0xF8, 0x1F, 0xF8, 0x1F, 0xF8, 0x1F, 0xF8, 0x1F, 0xF8, 0x1F, 0xF8, 0x1F, 0xF8, 0x1F,
    0xF8, 0x1F, 0xF8, 0x1F, 0xF8, 0x1F, 0xF8, 0x1F, 0xF8, 0x1F, 0xF8, 0x1F, 0xF8, 0x1F, 0xF8, 0x1F,
    0xF8, 0x1F, 0xF8, 0x1F, 0xF8, 0x1F, 0xF8, 0x1F, 0xF8, 0x1F, 0xF8, 0x1F, 0xF8, 0x1F, 0xF8, 0x1F,
    0xF8, 0x1F, 0xF8, 0x1F, 0xF8, 0x1F, 0xF8, 0x1F, 0xF8, 0x1F, 0xF8, 0x1F, 0xF8, 0x1F, 0xB8, 0x99,
    0x12, 0x09, 0x01, 0xC9, 0x02, 0xCE, 0x03, 0xD3, 0x04, 0x14, 0x03, 0xB2, 0x03, 0x30, 0x0A, 0x4B,
    0x02, 0x8C, 0x13, 0x4E, 0x0A, 0x4A, 0x01, 0xC9, 0x02, 0xAD, 0x03, 0xB2, 0x03, 0xB2, 0x04, 0x34,
    0x04, 0xB6, 0x04, 0xF7, 0x04, 0x95, 0x04, 0x34, 0x04, 0x13, 0x04, 0x34, 0x04, 0x53, 0x02, 0x8E,
    0x02, 0xEF, 0x03, 0x70, 0x02, 0xAD, 0x02, 0xEE, 0x0B, 0xB1, 0x0B, 0x90, 0x03, 0x91, 0x14, 0x32,
    0x0B, 0xD1, 0x1C, 0x52, 0x0B, 0x6F, 0x13, 0xD1, 0x1C, 0x12, 0x03, 0xD2, 0x14, 0x94, 0x4D, 0x55,
    0x65, 0xB7, 0x65, 0xF7, 0x6D, 0xF8, 0x7E, 0x59, 0x65, 0xB5, 0x13, 0x70, 0x03, 0x50, 0x03, 0xD1,
    0x04, 0x12, 0x04, 0x33, 0x0C, 0x11, 0x0B, 0x4F, 0x1B, 0x2D, 0x0A, 0x0A, 0x12, 0xED, 0x1B, 0xD0,
    0x01, 0x69, 0x01, 0xAA, 0x01, 0xAA, 0x01, 0x89, 0x00, 0xC6, 0x00, 0x84, 0x00, 0x42, 0x00, 0x21,
    0x00, 0x42, 0x00, 0x63, 0x01, 0x06, 0x00, 0xE6, 0x01, 0x27, 0x01, 0x27, 0x11, 0xC8, 0x09, 0xC9,
    0x02, 0x0A, 0x02, 0x2A, 0x01, 0x88, 0x11, 0x46, 0x01, 0x26, 0x01, 0x27, 0x01, 0x27, 0x01, 0x47,
    0x01, 0x67, 0x01, 0x47, 0x01, 0x27, 0x01, 0x27, 0x01, 0x07, 0x1A, 0x8B, 0x33, 0x4D, 0x0A, 0x29,
    0x09, 0x45, 0x01, 0x46, 0x01, 0x88, 0x01, 0xC9, 0x01, 0xAA, 0x02, 0x0A, 0x01, 0xC9, 0x01, 0x47,
    0x01, 0x06, 0x01, 0x47, 0x01, 0x46, 0x00, 0xC4, 0x00, 0x42, 0x00, 0xA3, 0x11, 0x45, 0x11, 0xC8,
    0x01, 0xE8, 0x01, 0x47, 0x01, 0x67, 0x01, 0x26, 0x01, 0x68, 0x02, 0xEE, 0x03, 0xF1, 0x03, 0x6E,
    0x09, 0xCA, 0xF0, 0x1E, 0xF8, 0x1F, 0xF8, 0x1F, 0xF8, 0x1F, 0xF8, 0x1F, 0xF8, 0x1F, 0xF8, 0x1F,
    0xF8, 0x1F, 0xF8, 0x1F, 0xF8, 0x1F, 0xE8, 0x1D, 0x80, 0x31, 0x78, 0x30, 0x78, 0x30, 0x80, 0x30,
    0x78, 0x30, 0x80, 0x50, 0x88, 0x70, 0x80, 0x31, 0x78, 0x30, 0x80, 0x31, 0x78, 0x31, 0x80, 0x31,
    0x78, 0x30, 0x88, 0x52, 0xF0, 0x1E, 0xF8, 0x1F, 0xF8, 0x1F, 0xF8, 0x1F, 0xF8, 0x1F, 0xF8, 0x1F,
    0xF8, 0x1F, 0xF8, 0x1F, 0xF8, 0x1F, 0xF8, 0x1F, 0xB8, 0x18, 0x70, 0x2F, 0x80, 0x31, 0x80, 0x31,
    0x78, 0x31, 0x80, 0x31, 0x78, 0x31, 0x78, 0x31, 0x80, 0x30, 0x80, 0x31, 0x80, 0x51, 0x78, 0x50,
    0x90, 0x54, 0xF8, 0x1F, 0xF8, 0x1F, 0xF8, 0x1F, 0xF8, 0x1F, 0xF8, 0x1F, 0xF8, 0x1F, 0xF8, 0x1F,
    0xF8, 0x1F, 0xF8, 0x1F, 0xF8, 0x1F, 0xB8, 0x99, 0x02, 0x2A, 0x03, 0xD2, 0x04, 0xD6, 0x03, 0xD3,
    0x03, 0x70, 0x0A, 0xCD, 0x0A, 0x6C, 0x0A, 0x8C, 0x0A, 0xED, 0x23, 0x8E, 0x09, 0xA8, 0x01, 0xC9,
    0x03, 0x0F, 0x03, 0x71, 0x03, 0xF3, 0x04, 0x34, 0x04, 0x34, 0x03, 0xF2, 0x03, 0x91, 0x03, 0x30,
    0x02, 0xEF, 0x03, 0x2F, 0x03, 0x70, 0x03, 0x70, 0x03, 0x2F, 0x03, 0x4F, 0x03, 0x30, 0x04, 0x33,
    0x14, 0x73, 0x13, 0xD1, 0x24, 0xD4, 0x45, 0x56, 0x2D, 0x15, 0x35, 0x35, 0x34, 0xD4, 0x0B, 0xF2,
    0x0C, 0x53, 0x03, 0x70, 0x34, 0x73, 0x6E, 0x18, 0x7E, 0x99, 0x86, 0x79, 0x76, 0x17, 0x5D, 0x55,
    0x1B, 0xB0, 0x03, 0x10, 0x04, 0x73, 0x04, 0x32, 0x14, 0xD4, 0x1C, 0x93, 0x1B, 0xD0, 0x0A, 0x8B,
    0x01, 0xA9, 0x02, 0x0A, 0x02, 0x4B, 0x02, 0x6B, 0x01, 0x8A, 0x01, 0xAA, 0x01, 0xCA, 0x01, 0x68,
    0x00, 0xC5, 0x00, 0x64, 0x00, 0x22, 0x00, 0x01, 0x00, 0x42, 0x00, 0x42, 0x01, 0x06, 0x01, 0x26,
    0x01, 0x06, 0x01, 0x47, 0x22, 0x29, 0x09, 0xC8, 0x12, 0x2A, 0x01, 0xC9, 0x00, 0xE6, 0x00, 0xC6,
    0x01, 0x47, 0x01, 0xC9, 0x01, 0xA8, 0x01, 0x27, 0x01, 0x26, 0x01, 0x06, 0x01, 0x48, 0x01, 0xC9,
    0x02, 0xCD, 0x33, 0x4D, 0x42, 0xEB, 0x09, 0xC8, 0x09, 0x25, 0x01, 0x26, 0x01, 0x68, 0x01, 0x48,
    0x01, 0xCA, 0x02, 0x4B, 0x01, 0x68, 0x01, 0x26, 0x01, 0x06, 0x01, 0x26, 0x01, 0x05, 0x00, 0xA3,
    0x00, 0xA3, 0x09, 0x04, 0x08, 0xC4, 0x00, 0xE5, 0x01, 0xA8, 0x02, 0x6D, 0x04, 0x32, 0x03, 0x0E,
    0x02, 0x8D, 0x03, 0xF1, 0x04, 0x12, 0x03, 0x6E, 0x09, 0xCA, 0xF0, 0x1E, 0xF8, 0x1F, 0xF8, 0x1F,
    0xF8, 0x1F, 0xF8, 0x1F, 0xF8, 0x1F, 0xF8, 0x1F, 0xF8, 0x1F, 0xF8, 0x1F, 0xF8, 0x1F, 0xC0, 0x19,
    0x00, 0xA1, 0x00, 0xA0, 0x00, 0xA0, 0x00, 0x80, 0x00, 0x80, 0x00, 0xC1, 0x00, 0xC1, 0x00, 0xC1,
    0x00, 0xC1, 0x00, 0xA1, 0x00, 0xC1, 0x01, 0x03, 0x01, 0x23, 0x08, 0xC3, 0xE0, 0x1C, 0xF8, 0x1F,
    0xF8, 0x1F, 0xF8, 0x1F, 0xF8, 0x1F, 0xF8, 0x1F, 0xF8, 0x1F, 0xF8, 0x1F, 0xF8, 0x1F, 0xF8, 0x1F,
    0x68, 0x4E, 0x00, 0xA0, 0x00, 0x81, 0x00, 0xC1, 0x00, 0xC1, 0x00, 0x80, 0x00, 0x80, 0x00, 0xC1,
    0x00, 0xC1, 0x00, 0xA1, 0x00, 0x40, 0x00, 0x60, 0x10, 0xC5, 0xF0, 0x1E, 0xF8, 0x1F, 0xF8, 0x1F,
    0xF8, 0x1F, 0xF8, 0x1F, 0xF8, 0x1F, 0xF8, 0x1F, 0xF8, 0x1F, 0xF8, 0x1F, 0xF8, 0x1F, 0xB8, 0xBB,
    0x04, 0x13, 0x04, 0x96, 0x03, 0xF3, 0x03, 0x0F, 0x13, 0x0D, 0x0A, 0x0A, 0x02, 0x6C, 0x0A, 0xED,
    0x12, 0xAB, 0x09, 0xE9, 0x01, 0x88, 0x02, 0xCE, 0x03, 0x10, 0x0B, 0x70, 0x03, 0x92, 0x03, 0xD2,
    0x03, 0x30, 0x02, 0xCE, 0x02, 0xCE, 0x03, 0x0F, 0x03, 0x0F, 0x03, 0x0F, 0x03, 0x91, 0x03, 0x90,
    0x03, 0x70, 0x0B, 0x90, 0x04, 0x13, 0x0C, 0xD5, 0x1C, 0x53, 0x1C, 0x11, 0x45, 0x35, 0x45, 0x15,
    0x3D, 0x35, 0x65, 0xF7, 0x45, 0x56, 0x24, 0xD5, 0x24, 0xB4, 0x0B, 0xB1, 0x4D, 0x15, 0x7E, 0x79,
    0x7E, 0x38, 0x4D, 0x55, 0x24, 0x32, 0x03, 0x70, 0x03, 0x91, 0x0B, 0xD1, 0x03, 0xD1, 0x0B, 0xD0,
    0x33, 0xF0, 0x2A, 0xAB, 0x02, 0x6B, 0x0A, 0x6A, 0x02, 0x09, 0x0A, 0x6B, 0x2A, 0x89, 0x12, 0x29,
    0x01, 0xA9, 0x01, 0xAA, 0x01, 0xAA, 0x01, 0x27, 0x00, 0x84, 0x00, 0x64, 0x00, 0x22, 0x00, 0x42,
    0x00, 0x62, 0x00, 0x43, 0x00, 0xE5, 0x01, 0x06, 0x01, 0x27, 0x01, 0x88, 0x01, 0xE9, 0x02, 0x0A,
    0x01, 0xE9, 0x01, 0x47, 0x00, 0xA5, 0x00, 0xC6, 0x01, 0x88, 0x01, 0x47, 0x00, 0xA5, 0x00, 0x85,
    0x01, 0x27, 0x01, 0xA9, 0x0A, 0xCD, 0x12, 0xED, 0x0A, 0x6B, 0x02, 0x4B, 0x09, 0xE8, 0x09, 0x25,
    0x11, 0x65, 0x01, 0x26, 0x01, 0x68, 0x01, 0x88, 0x02, 0x2A, 0x01, 0xE9, 0x01, 0x27, 0x01, 0x06,
    0x01, 0x67, 0x01, 0x26, 0x00, 0xA4, 0x00, 0xA3, 0x00, 0xE4, 0x00, 0xE4, 0x01, 0x26, 0x01, 0xE9,
    0x02, 0x2B, 0x03, 0xD1, 0x04, 0x73, 0x04, 0x32, 0x03, 0x90, 0x03, 0x70, 0x03, 0xF1, 0x03, 0x6E,
    0x09, 0xEA, 0xF0, 0x1E, 0xF8, 0x1F, 0xF8, 0x1F, 0xF8, 0x1F, 0xF8, 0x1F, 0xF8, 0x1F, 0xF8, 0x1F,
    0xF8, 0x1F, 0xF8, 0x1F, 0xF8, 0x1F, 0xC0, 0x5A, 0x01, 0x47, 0x08, 0xE5, 0x19, 0x46, 0x00, 0xE6,
    0x00, 0xE6, 0x01, 0x26, 0x01, 0x07, 0x01, 0x47, 0x01, 0x68, 0x01, 0xA9, 0x01, 0xA9, 0x01, 0xA9,
    0x01, 0x88, 0x08, 0xC6, 0xE0, 0x1C, 0xF8, 0x1F, 0xF8, 0x1F, 0xF8, 0x1F, 0xF8, 0x1F, 0xF8, 0x1F,
    0xF8, 0x1F, 0xF8, 0x1F, 0xF8, 0x1F, 0xF8, 0x1F, 0x68, 0x91, 0x01, 0x24, 0x08, 0xE7, 0x01, 0x47,
    0x01, 0x27, 0x00, 0xA5, 0x00, 0xC5, 0x01, 0x26, 0x09, 0xA8, 0x09, 0x67, 0x00, 0x01, 0x00, 0x84,
    0x19, 0x08, 0xF0, 0x1E, 0xF8, 0x1F, 0xF8, 0x1F, 0xF8, 0x1F, 0xF8, 0x1F, 0xF8, 0x1F, 0xF8, 0x1F,
    0xF8, 0x1F, 0xF8, 0x1F, 0xF8, 0x1F, 0xB9, 0x5D, 0x04, 0x75, 0x03, 0x72, 0x0B, 0x2F, 0x12, 0xED,
    0x0A, 0x4B, 0x0A, 0x8C, 0x0A, 0x6B, 0x09, 0xC8, 0x01, 0x88, 0x02, 0x0A, 0x03, 0x0F, 0x03, 0x30,
    0x02, 0x2C, 0x02, 0x4D, 0x0B, 0x2F, 0x0B, 0x0F, 0x02, 0xCF, 0x03, 0x0F, 0x02, 0xEE, 0x0B, 0x91,
    0x13, 0x90, 0x02, 0xCE, 0x0B, 0x90, 0x1B, 0xF1, 0x13, 0xB0, 0x13, 0xF1, 0x1C, 0x52, 0x0C, 0x33,
    0x14, 0x33, 0x1B, 0xF1, 0x2C, 0x93, 0x34, 0xB4, 0x3D, 0x15, 0x6D, 0xF8, 0x65, 0xD8, 0x55, 0x97,
    0x2D, 0x15, 0x24, 0xB4, 0x4D, 0x76, 0x86, 0x99, 0x44, 0xD3, 0x03, 0x0F, 0x02, 0xCF, 0x03, 0x50,
    0x14, 0x73, 0x1C, 0x11, 0x0B, 0x0E, 0x0A, 0xED, 0x12, 0xAC, 0x12, 0x4A, 0x0A, 0x8B, 0x0A, 0x8B,
    0x09, 0xE9, 0x01, 0x88, 0x32, 0xEA, 0x33, 0x0B, 0x01, 0xCA, 0x01, 0xAA, 0x01, 0x89, 0x00, 0xE6,
    0x00, 0xA5, 0x00, 0xA4, 0x00, 0x63, 0x00, 0xA3, 0x00, 0x82, 0x00, 0x63, 0x00, 0xA5, 0x00, 0xE6,
    0x01, 0x27, 0x01, 0x88, 0x01, 0xC9, 0x01, 0xE9, 0x01, 0x68, 0x01, 0x06, 0x01, 0x06, 0x01, 0x27,
    0x01, 0x47, 0x00, 0xC5, 0x00, 0xA5, 0x09, 0x88, 0x0A, 0x8C, 0x12, 0xED, 0x0A, 0x8C, 0x02, 0x6B,
    0x01, 0xA9, 0x11, 0xE9, 0x29, 0xE7, 0x09, 0x24, 0x01, 0x25, 0x01, 0x46, 0x01, 0x68, 0x01, 0xA9,
    0x01, 0x88, 0x01, 0x26, 0x01, 0x06, 0x01, 0x47, 0x01, 0xC8, 0x01, 0x05, 0x00, 0x83, 0x08, 0xE4,
    0x00, 0xE4, 0x01, 0x05, 0x02, 0x2A, 0x03, 0x90, 0x0C, 0x52, 0x14, 0x93, 0x0C, 0x53, 0x0C, 0x52,
    0x03, 0xB0, 0x03, 0x90, 0x04, 0x11, 0x03, 0x6E, 0x09, 0xE9, 0xF0, 0x1E, 0xF8, 0x1F, 0xF8, 0x1F,
    0xF8, 0x1F, 0xF8, 0x1F, 0xF8, 0x1F, 0xF8, 0x1F, 0xF8, 0x1F, 0xF8, 0x1F, 0xF8, 0x1F, 0xC0, 0x5A,
    0x01, 0x06, 0x01, 0x26, 0x01, 0x47, 0x01, 0x47, 0x01, 0x47, 0x01, 0x27, 0x01, 0x67, 0x01, 0xE9,
    0x02, 0x2B, 0x01, 0xEA, 0x01, 0x88, 0x01, 0x27, 0x01, 0x26, 0x08, 0x84, 0xE0, 0x1C, 0xF8, 0x1F,
    0xF8, 0x1F, 0xF8, 0x1F, 0xF8, 0x1F, 0xF8, 0x1F, 0xF8, 0x1F, 0xF8, 0x1F, 0xF8, 0x1F, 0xF8, 0x1F,
    0x68, 0xF2, 0x01, 0x86, 0x01, 0x68, 0x01, 0xA8, 0x01, 0x67, 0x01, 0x26, 0x01, 0x06, 0x01, 0x06,
    0x01, 0x67, 0x01, 0xA8, 0x00, 0xE6, 0x01, 0x47, 0x18, 0xE7, 0xF0, 0x1E, 0xF8, 0x1F, 0xF8, 0x1F,
    0xF8, 0x1F, 0xF8, 0x1F, 0xF8, 0x1F, 0xF8, 0x1F, 0xF8, 0x1F, 0xF8, 0x1F, 0xF8, 0x1F, 0xB9, 0x3C,
    0x03, 0x92, 0x0B, 0x70, 0x13, 0x2D, 0x0A, 0x0A, 0x02, 0x2B, 0x0A, 0xCC, 0x12, 0x8B, 0x01, 0x88,
    0x02, 0x09, 0x02, 0xCD, 0x02, 0xF0, 0x02, 0xEF, 0x02, 0x4C, 0x0B, 0x2F, 0x03, 0x0F, 0x02, 0xCF,
    0x03, 0x30, 0x03, 0x0F, 0x0A, 0xEE, 0x13, 0xB1, 0x0B, 0x50, 0x02, 0xCE, 0x02, 0xEE, 0x02, 0xEE,
    0x13, 0xB0, 0x0B, 0x90, 0x13, 0xF1, 0x24, 0x73, 0x24, 0x73, 0x34, 0xB3, 0x45, 0x15, 0x5D, 0xD7,
    0x6E, 0x39, 0x76, 0x79, 0x6E, 0x38, 0x65, 0xD7, 0x55, 0x76, 0x4D, 0x56, 0x76, 0x59, 0x76, 0x17,
    0x13, 0x50, 0x02, 0xCF, 0x0B, 0xB1, 0x03, 0xD1, 0x13, 0xD0, 0x13, 0x6E, 0x0A, 0x6B, 0x0A, 0xAC,
    0x0A, 0xCC, 0x0A, 0xAC, 0x02, 0x4B, 0x0A, 0x4A, 0x02, 0x09, 0x01, 0xA8, 0x02, 0x4A, 0x2B, 0x6E,
    0x01, 0xEA, 0x01, 0xCA, 0x01, 0x69, 0x00, 0xC6, 0x00, 0xA4, 0x00, 0x42, 0x00, 0x62, 0x00, 0xA3,
    0x00, 0x42, 0x00, 0x84, 0x00, 0xC5, 0x01, 0x06, 0x01, 0x27, 0x01, 0x88, 0x02, 0x0A, 0x01, 0xC8,
    0x00, 0xE6, 0x00, 0xA5, 0x09, 0x26, 0x09, 0x66, 0x01, 0x26, 0x00, 0xA5, 0x01, 0x27, 0x0A, 0x6B,
    0x23, 0x0D, 0x02, 0x8C, 0x01, 0xCA, 0x02, 0x0A, 0x12, 0x09, 0x11, 0xC8, 0x01, 0x45, 0x09, 0x44,
    0x01, 0x05, 0x01, 0x26, 0x01, 0x27, 0x01, 0x68, 0x01, 0x07, 0x01, 0x47, 0x01, 0x87, 0x01, 0x26,
    0x00, 0xE4, 0x08, 0xE4, 0x01, 0x25, 0x09, 0x25, 0x00, 0xC4, 0x01, 0x26, 0x02, 0xCD, 0x04, 0x32,
    0x0C, 0x31, 0x13, 0xF1, 0x0B, 0xF0, 0x0B, 0x6F, 0x03, 0xD1, 0x04, 0x31, 0x03, 0xF1, 0x03, 0x4E,
    0x09, 0xC9, 0xF0, 0x1E, 0xF8, 0x1F, 0xF8, 0x1F, 0xF8, 0x1F, 0xF8, 0x1F, 0xF8, 0x1F, 0xF8, 0x1F,
    0xF8, 0x1F, 0xF8, 0x1F, 0xF8, 0x1F, 0xC0, 0x3A, 0x00, 0xE6, 0x01, 0x26, 0x01, 0x47, 0x01, 0xA8,
    0x01, 0xA8, 0x01, 0x88, 0x01, 0xC9, 0x02, 0x0A, 0x01, 0xC9, 0x01, 0x89, 0x01, 0x67, 0x01, 0x47,
    0x00, 0xC4, 0x08, 0x43, 0xE0, 0x1C, 0xF8, 0x1F, 0xF8, 0x1F, 0xF8, 0x1F, 0xF8, 0x1F, 0xF8, 0x1F,
    0xF8, 0x1F, 0xF8, 0x1F, 0xF8, 0x1F, 0xF8, 0x1F, 0x68, 0xD1, 0x01, 0x65, 0x01, 0x27, 0x01, 0x67,
    0x01, 0x46, 0x01, 0x46, 0x01, 0x05, 0x01, 0x26, 0x01, 0x47, 0x0A, 0x2A, 0x02, 0x2B, 0x01, 0xA8,
    0x18, 0x86, 0xF0, 0x1E, 0xF8, 0x1F, 0xF8, 0x1F, 0xF8, 0x1F, 0xF8, 0x1F, 0xF8, 0x1F, 0xF8, 0x1F,
    0xF8, 0x1F, 0xF8, 0x1F, 0xF8, 0x1F, 0xB8, 0xBB, 0x03, 0x0F, 0x2C, 0x11, 0x12, 0xAD, 0x01, 0xEA,
    0x02, 0x8C, 0x12, 0xAC, 0x01, 0xE9, 0x0A, 0x09, 0x01, 0xE9, 0x02, 0xCE, 0x03, 0x10, 0x02, 0xCE,
    0x02, 0x8D, 0x03, 0x30, 0x03, 0x10, 0x03, 0x71, 0x03, 0x91, 0x02, 0xEF, 0x03, 0x71, 0x03, 0x30,
    0x03, 0x0F, 0x03, 0x2F, 0x03, 0x0E, 0x13, 0x8F, 0x23, 0xF1, 0x2C, 0x11, 0x24, 0x52, 0x44, 0xD4,
    0x3C, 0xF5, 0x4D, 0x15, 0x44, 0xF4, 0x76, 0x79, 0x86, 0xDA, 0x86, 0xB9, 0x7E, 0x99, 0x76, 0x59,
    0x76, 0x79, 0x7E, 0x99, 0x86, 0xD9, 0x3C, 0xB3, 0x02, 0xEF, 0x03, 0xB0, 0x0B, 0x2E, 0x0A, 0xAD,
    0x02, 0x6C, 0x0A, 0xED, 0x0A, 0x8B, 0x02, 0x8B, 0x1A, 0xEC, 0x1A, 0xAB, 0x32, 0xAA, 0x11, 0xE8,
    0x01, 0xC8, 0x01, 0x87, 0x3A, 0x47, 0x2B, 0xAF, 0x01, 0xEA, 0x01, 0xAA, 0x01, 0x27, 0x00, 0xE6,
    0x00, 0x84, 0x00, 0x01, 0x00, 0x43, 0x00, 0x83, 0x00, 0x63, 0x01, 0x05, 0x00, 0xE5, 0x01, 0x06,
    0x01, 0x06, 0x01, 0x88, 0x01, 0xE9, 0x01, 0x06, 0x00, 0x84, 0x00, 0xA5, 0x00, 0xA5, 0x19, 0x86,
    0x11, 0x46, 0x01, 0x28, 0x0A, 0x4B, 0x12, 0xAB, 0x22, 0xCC, 0x0A, 0x6B, 0x02, 0x0B, 0x02, 0x8B,
    0x12, 0x4A, 0x09, 0x65, 0x00, 0xE3, 0x01, 0x66, 0x01, 0x46, 0x00, 0xE6, 0x01, 0x27, 0x01, 0x88,
    0x01, 0x06, 0x01, 0x27, 0x01, 0x88, 0x01, 0x46, 0x00, 0xC4, 0x11, 0x66, 0x09, 0x05, 0x00, 0xA4,
    0x00, 0x83, 0x01, 0x47, 0x03, 0x4F, 0x0C, 0x11, 0x03, 0x4F, 0x03, 0x2F, 0x03, 0x70, 0x03, 0x90,
    0x0B, 0xD0, 0x03, 0x8F, 0x03, 0x0E, 0x02, 0xED, 0x09, 0xA9, 0xF0, 0x1E, 0xF8, 0x1F, 0xF8, 0x1F,
    0xF8, 0x1F, 0xF8, 0x1F, 0xF8, 0x1F, 0xF8, 0x1F, 0xF8, 0x1F, 0xF8, 0x1F, 0xF8, 0x1F, 0xC0, 0x5A,
    0x01, 0x06, 0x01, 0x47, 0x01, 0x88, 0x01, 0x68, 0x01, 0x88, 0x01, 0xE9, 0x01, 0xC9, 0x01, 0x68,
    0x01, 0x68, 0x01, 0x27, 0x01, 0x26, 0x01, 0x26, 0x00, 0xC5, 0x08, 0xA4, 0xE0, 0x1C, 0xF8, 0x1F,
    0xF8, 0x1F, 0xF8, 0x1F, 0xF8, 0x1F, 0xF8, 0x1F, 0xF8, 0x1F, 0xF8, 0x1F, 0xF8, 0x1F, 0xF8, 0x1F,
    0x68, 0xB1, 0x01, 0x45, 0x01, 0x05, 0x00, 0xC4, 0x01, 0x06, 0x00, 0xE5, 0x01, 0x87, 0x09, 0x46,
    0x09, 0x87, 0x0A, 0x6A, 0x02, 0x0A, 0x01, 0x87, 0x18, 0xC7, 0xF0, 0x1E, 0xF8, 0x1F, 0xF8, 0x1F,
    0xF8, 0x1F, 0xF8, 0x1F, 0xF8, 0x1F, 0xF8, 0x1F, 0xF8, 0x1F, 0xF8, 0x1F, 0xF8, 0x1F, 0xB8, 0xDB,
    0x02, 0xED, 0x03, 0x0F, 0x03, 0x30, 0x02, 0xCD, 0x02, 0x8C, 0x12, 0xAB, 0x09, 0xC8, 0x01, 0xC8,
    0x02, 0x2A, 0x02, 0x8E, 0x03, 0x71, 0x02, 0xCF, 0x03, 0x50, 0x02, 0xEF, 0x03, 0xB2, 0x03, 0xF3,
    0x03, 0xF3, 0x03, 0xF2, 0x03, 0x71, 0x02, 0xEE, 0x03, 0x0E, 0x02, 0xCD, 0x0B, 0x6F, 0x2C, 0x31,
    0x2B, 0xF0, 0x2C, 0x31, 0x2C, 0x52, 0x34, 0xB4, 0x65, 0xD7, 0x7E, 0x58, 0x4D, 0x56, 0x76, 0x38,
    0x65, 0xB6, 0x55, 0x96, 0x5D, 0xB6, 0x76, 0x58, 0x76, 0x37, 0x65, 0xD6, 0x2C, 0x32, 0x03, 0x70,
    0x03, 0x70, 0x0B, 0x6F, 0x0A, 0xCC, 0x02, 0xCD, 0x0A, 0x8C, 0x0A, 0xAC, 0x12, 0xAC, 0x0A, 0x4B,
    0x0A, 0x4A, 0x2A, 0x69, 0x43, 0x2B, 0x23, 0x2D, 0x22, 0xED, 0x23, 0x2D, 0x33, 0xAE, 0x2B, 0x8E,
    0x01, 0xCA, 0x01, 0xAA, 0x01, 0x27, 0x00, 0xC6, 0x00, 0x84, 0x00, 0x22, 0x00, 0x43, 0x00, 0x84,
    0x00, 0xE6, 0x01, 0x67, 0x01, 0x27, 0x00, 0xE6, 0x01, 0x27, 0x01, 0x68, 0x01, 0x88, 0x00, 0xC5,
    0x00, 0xC6, 0x01, 0x68, 0x00, 0xE6, 0x01, 0x47, 0x01, 0x26, 0x01, 0x69, 0x02, 0x6B, 0x12, 0x6B,
    0x0A, 0x6B, 0x01, 0xEA, 0x02, 0x6B, 0x02, 0x8B, 0x01, 0xA7, 0x00, 0xE3, 0x00, 0xE4, 0x00, 0xC4,
    0x01, 0x05, 0x01, 0x47, 0x01, 0x68, 0x01, 0x47, 0x00, 0xE6, 0x01, 0x47, 0x01, 0x89, 0x01, 0x67,
    0x09, 0x87, 0x09, 0x66, 0x00, 0x84, 0x00, 0xC5, 0x01, 0x26, 0x02, 0x6B, 0x03, 0x90, 0x03, 0xB0,
    0x03, 0x90, 0x03, 0x70, 0x03, 0xB0, 0x03, 0xB0, 0x03, 0x70, 0x03, 0x0E, 0x02, 0xEE, 0x02, 0xAC,
    0x09, 0xA9, 0xF0, 0x1E, 0xF8, 0x1F, 0xF8, 0x1F, 0xF8, 0x1F, 0xF8, 0x1F, 0xF8, 0x1F, 0xF8, 0x1F,
    0xF8, 0x1F, 0xF8, 0x1F, 0xF8, 0x1F, 0xC0, 0x3A, 0x19, 0xC7, 0x09, 0xC8, 0x01, 0x88, 0x01, 0xC9,
    0x01, 0xE9, 0x01, 0x89, 0x01, 0x68, 0x01, 0x88, 0x01, 0x47, 0x01, 0x26, 0x01, 0x67, 0x01, 0x47,
    0x01, 0x06, 0x08, 0xA4, 0xE0, 0x1C, 0xF8, 0x1F, 0xF8, 0x1F, 0xF8, 0x1F, 0xF8, 0x1F, 0xF8, 0x1F,
    0xF8, 0x1F, 0xF8, 0x1F, 0xF8, 0x1F, 0xF8, 0x1F, 0x68, 0xB1, 0x00, 0xE3, 0x09, 0x26, 0x01, 0x66,
    0x01, 0x46, 0x01, 0x67, 0x01, 0x67, 0x01, 0x06, 0x01, 0x06, 0x01, 0x68, 0x01, 0x27, 0x01, 0x46,
    0x18, 0xE8, 0xF0, 0x1E, 0xF8, 0x1F, 0xF8, 0x1F, 0xF8, 0x1F, 0xF8, 0x1F, 0xF8, 0x1F, 0xF8, 0x1F,
    0xF8, 0x1F, 0xF8, 0x1F, 0xF8, 0x1F, 0xB8, 0xDA, 0x02, 0x2B, 0x03, 0x92, 0x03, 0xD1, 0x02, 0x6C,
    0x0A, 0xAD, 0x0A, 0x4A, 0x01, 0xA8, 0x0A, 0x2A, 0x02, 0x4B, 0x03, 0x10, 0x03, 0x92, 0x02, 0xCF,
    0x03, 0x92, 0x03, 0x50, 0x03, 0x31, 0x03, 0xB3, 0x04, 0x14, 0x15, 0x97, 0x0C, 0x32, 0x02, 0xCE,
    0x02, 0x8C, 0x1B, 0x90, 0x44, 0xB2, 0x2C, 0x10, 0x23, 0xD0, 0x23, 0xF0, 0x3C, 0xB3, 0x65, 0x96,
    0x65, 0xB6, 0x55, 0x96, 0x76, 0x79, 0x5D, 0x34, 0x2B, 0x4E, 0x0B, 0x70, 0x0B, 0x90, 0x1B, 0xD1,
    0x13, 0xF2, 0x03, 0xB1, 0x03, 0x10, 0x03, 0x70, 0x03, 0xB1, 0x13, 0x8F, 0x0A, 0xCC, 0x0A, 0xAC,
    0x02, 0x8B, 0x0A, 0xCC, 0x13, 0x0D, 0x1B, 0x0D, 0x02, 0x2A, 0x23, 0x4E, 0x23, 0x6E, 0x1A, 0x4A,
    0x12, 0x29, 0x0A, 0x2A, 0x0A, 0x2A, 0x01, 0xC8, 0x01, 0xCA, 0x01, 0x89, 0x01, 0x07, 0x00, 0xC6,
    0x00, 0xA4, 0x00, 0x84, 0x00, 0xC5, 0x01, 0x47, 0x01, 0x47, 0x01, 0x47, 0x01, 0x27, 0x01, 0x47,
    0x01, 0x88, 0x01, 0x89, 0x01, 0xA9, 0x00, 0xE6, 0x0A, 0x0A, 0x0A, 0x2A, 0x00, 0xE6, 0x00, 0xE6,
    0x01, 0x06, 0x01, 0xCA, 0x0A, 0xCD, 0x02, 0x0A, 0x01, 0xAA, 0x2B, 0x0D, 0x0A, 0x8B, 0x11, 0xE8,
    0x08, 0xE4, 0x09, 0x03, 0x00, 0xE4, 0x00, 0xE5, 0x01, 0x06, 0x01, 0x06, 0x01, 0x47, 0x01, 0x26,
    0x01, 0x06, 0x01, 0x68, 0x01, 0xA8, 0x01, 0x47, 0x09, 0xC7, 0x09, 0x25, 0x01, 0xA8, 0x02, 0xCC,
    0x03, 0x2E, 0x03, 0xD0, 0x03, 0xB0, 0x03, 0x90, 0x04, 0x12, 0x03, 0xD1, 0x03, 0x2F, 0x03, 0xD1,
    0x04, 0x12, 0x03, 0x90, 0x03, 0x71, 0x03, 0x4F, 0x09, 0xEA, 0xF0, 0x1E, 0xF8, 0x1F, 0xF8, 0x1F,
    0xF8, 0x1F, 0xF8, 0x1F, 0xF8, 0x1F, 0xF8, 0x1F, 0xF8, 0x1F, 0xF8, 0x1F, 0xF8, 0x1F, 0xC0, 0x3A,
    0x11, 0xA8, 0x0A, 0x09, 0x0A, 0x4B, 0x1B, 0x2D, 0x01, 0xA9, 0x01, 0x68, 0x01, 0x89, 0x01, 0xC9,
    0x01, 0x47, 0x01, 0x67, 0x01, 0x88, 0x01, 0x06, 0x00, 0xE5, 0x08, 0xA4, 0xE0, 0x1C, 0xF8, 0x1F,
    0xF8, 0x1F, 0xF8, 0x1F, 0xF8, 0x1F, 0xF8, 0x1F, 0xF8, 0x1F, 0xF8, 0x1F, 0xF8, 0x1F, 0xF8, 0x1F,
    0x78, 0x91, 0x00, 0xE2, 0x00, 0xE6, 0x01, 0x66, 0x01, 0xA8, 0x09, 0xC9, 0x01, 0x68, 0x01, 0xA9,
    0x01, 0x68, 0x01, 0xC9, 0x01, 0xA9, 0x01, 0x66, 0x20, 0xA8, 0xF8, 0x1F, 0xF8, 0x1F, 0xF8, 0x1F,
    0xF8, 0x1F, 0xF8, 0x1F, 0xF8, 0x1F, 0xF8, 0x1F, 0xF8, 0x1F, 0xF8, 0x1F, 0xF8, 0x1F, 0xB0, 0xD9,
    0x02, 0x4B, 0x02, 0x0B, 0x02, 0xCD, 0x02, 0x6B, 0x0A, 0x2A, 0x0A, 0x6B, 0x0A, 0x4A, 0x0A, 0x2A,
    0x02, 0x6C, 0x03, 0x51, 0x03, 0x30, 0x03, 0x71, 0x03, 0x71, 0x02, 0xAE, 0x02, 0x6D, 0x03, 0x10,
    0x03, 0xD1, 0x0B, 0xF1, 0x13, 0x8F, 0x02, 0xCE, 0x13, 0x4F, 0x2C, 0x31, 0x13, 0x6E, 0x02, 0xAD,
    0x0A, 0xCD, 0x13, 0x4F, 0x1B, 0x6F, 0x1B, 0x4E, 0x1B, 0xF1, 0x13, 0xD1, 0x1B, 0x6F, 0x13, 0x2F,
    0x02, 0x8D, 0x02, 0xAE, 0x03, 0x30, 0x03, 0x50, 0x03, 0x92, 0x03, 0xB2, 0x03, 0xF2, 0x0B, 0xB1,
    0x0B, 0x8F, 0x0A, 0xED, 0x02, 0xAC, 0x12, 0xCD, 0x0A, 0xAC, 0x02, 0x6B, 0x12, 0xAD, 0x23, 0x2D,
    0x1B, 0x4E, 0x3B, 0x4C, 0x1A, 0x08, 0x00, 0xC4, 0x01, 0x26, 0x01, 0xC8, 0x09, 0xE8, 0x01, 0x67,
    0x01, 0xEB, 0x01, 0x48, 0x00, 0xC6, 0x00, 0xC6, 0x00, 0x63, 0x00, 0xC5, 0x00, 0xC5, 0x01, 0x06,
    0x00, 0xE6, 0x01, 0x07, 0x00, 0xE6, 0x01, 0x67, 0x01, 0x67, 0x01, 0x47, 0x01, 0xC9, 0x01, 0x27,
    0x0A, 0x2A, 0x09, 0xA8, 0x00, 0xA6, 0x01, 0x06, 0x01, 0x07, 0x11, 0xE9, 0x53, 0x2B, 0x22, 0x08,
    0x12, 0xCD, 0x1B, 0x0D, 0x12, 0x2A, 0x52, 0x24, 0x19, 0x43, 0x09, 0x04, 0x01, 0x26, 0x00, 0xE5,
    0x00, 0xE6, 0x01, 0x68, 0x01, 0x47, 0x01, 0x27, 0x01, 0x68, 0x01, 0x88, 0x01, 0x68, 0x01, 0x46,
    0x01, 0x25, 0x01, 0x27, 0x03, 0x2E, 0x03, 0xAF, 0x03, 0x8F, 0x03, 0x4F, 0x03, 0x50, 0x03, 0xD1,
    0x03, 0x90, 0x02, 0xEE, 0x03, 0xB1, 0x04, 0x11, 0x03, 0xB1, 0x03, 0xB1, 0x03, 0xB1, 0x03, 0x0D,
    0x09, 0x68, 0xF0, 0x1E, 0xF8, 0x1F, 0xF8, 0x1F, 0xF8, 0x1F, 0xF8, 0x1F, 0xF8, 0x1F, 0xF8, 0x1F,
    0xF8, 0x1F, 0xF8, 0x1F, 0xF8, 0x1F, 0xD0, 0x3B, 0x01, 0xA9, 0x01, 0xC9, 0x0A, 0x8C, 0x12, 0x8B,
    0x01, 0x68, 0x01, 0x88, 0x2A, 0x06, 0x11, 0x86, 0x00, 0xE6, 0x01, 0x47, 0x01, 0x06, 0x01, 0x27,
    0x01, 0x87, 0x08, 0xA5, 0xE8, 0x1D, 0xF8, 0x1F, 0xF8, 0x1F, 0xF8, 0x1F, 0xF8, 0x1F, 0xF8, 0x1F,
    0xF8, 0x1F, 0xF8, 0x1F, 0xF8, 0x1F, 0xF8, 0x1F, 0x88, 0x93, 0x01, 0x04, 0x01, 0x47, 0x01, 0xA8,
    0x01, 0xC9, 0x01, 0x88, 0x01, 0x88, 0x01, 0x88, 0x01, 0x47, 0x01, 0x47, 0x01, 0xA8, 0x01, 0x46,
    0x30, 0x89, 0xF8, 0x1F, 0xF8, 0x1F, 0xF8, 0x1F, 0xF8, 0x1F, 0xF8, 0x1F, 0xF8, 0x1F, 0xF8, 0x1F,
    0xF8, 0x1F, 0xF8, 0x1F, 0xF8, 0x1F, 0xA8, 0xB8, 0x02, 0x4A, 0x0A, 0x4B, 0x12, 0xAB, 0x0A, 0x09,
    0x0A, 0x09, 0x0A, 0x09, 0x01, 0x88, 0x01, 0xC9, 0x03, 0x2F, 0x03, 0x30, 0x03, 0x10, 0x03, 0x51,
    0x02, 0xAE, 0x02, 0x4C, 0x02, 0x6C, 0x02, 0xEE, 0x02, 0xAD, 0x02, 0xCD, 0x02, 0xED, 0x13, 0x2E,
    0x23, 0xD0, 0x0B, 0x6F, 0x02, 0x6C, 0x02, 0xAC, 0x0A, 0xED, 0x13, 0x0E, 0x02, 0x2B, 0x02, 0x0B,
    0x02, 0x8C, 0x02, 0x2B, 0x01, 0xEA, 0x0A, 0x8C, 0x0B, 0x2E, 0x0B, 0xB0, 0x03, 0xB0, 0x0B, 0xF1,
    0x0B, 0xD1, 0x03, 0xF1, 0x03, 0x90, 0x0B, 0x4E, 0x02, 0x8C, 0x0B, 0x0E, 0x23, 0xF0, 0x0A, 0xCC,
    0x12, 0x8B, 0x2B, 0xD0, 0x23, 0x6E, 0x1A, 0xAC, 0x12, 0x6B, 0x11, 0xC8, 0x09, 0x67, 0x01, 0xA7,
    0x09, 0xE8, 0x09, 0x87, 0x09, 0xE9, 0x1B, 0x8F, 0x01, 0xCA, 0x01, 0x27, 0x00, 0xA5, 0x00, 0x84,
    0x00, 0x63, 0x00, 0xC5, 0x00, 0xE6, 0x01, 0x27, 0x01, 0x07, 0x01, 0x07, 0x01, 0x07, 0x01, 0xA7,
    0x01, 0x46, 0x01, 0x27, 0x0A, 0x08, 0x01, 0x47, 0x01, 0x47, 0x00, 0xE6, 0x00, 0xC6, 0x01, 0x27,
    0x01, 0x27, 0x01, 0xC9, 0x2A, 0xCB, 0x12, 0x4B, 0x1B, 0x8F, 0x0A, 0xCC, 0x09, 0xE8, 0x39, 0xA3,
    0x19, 0x23, 0x01, 0x25, 0x09, 0x46, 0x00, 0xC5, 0x01, 0x67, 0x01, 0x88, 0x01, 0x47, 0x01, 0x67,
    0x01, 0x47, 0x01, 0x67, 0x01, 0x67, 0x01, 0x66, 0x00, 0xE4, 0x01, 0xEA, 0x03, 0xB0, 0x03, 0x2E,
    0x03, 0x2E, 0x03, 0x2F, 0x02, 0xEE, 0x02, 0xAD, 0x02, 0xAE, 0x03, 0x90, 0x03, 0xD0, 0x02, 0xAD,
    0x02, 0x2C, 0x02, 0x6D, 0x02, 0x2D, 0x01, 0xAA, 0x08, 0xE7, 0xE8, 0x1D, 0xF8, 0x1F, 0xF8, 0x1F,
    0xF8, 0x1F, 0xF8, 0x1F, 0xF8, 0x1F, 0xF8, 0x1F, 0xF8, 0x1F, 0xF8, 0x1F, 0xF8, 0x1F, 0xD0, 0x5C,
    0x2A, 0x6A, 0x11, 0xE8, 0x01, 0xA8, 0x01, 0x87, 0x01, 0x68, 0x01, 0x26, 0x39, 0xA4, 0x19, 0x85,
    0x01, 0x06, 0x00, 0xE5, 0x01, 0x06, 0x01, 0xC9, 0x01, 0x46, 0x08, 0xC6, 0xF0, 0x1E, 0xF8, 0x1F,
    0xF8, 0x1F, 0xF8, 0x1F, 0xF8, 0x1F, 0xF8, 0x1F, 0xF8, 0x1F, 0xF8, 0x1F, 0xF8, 0x1F, 0xF8, 0x1F,
    0xA8, 0x77, 0x01, 0x66, 0x01, 0x88, 0x01, 0x48, 0x01, 0xE9, 0x01, 0xC9, 0x01, 0x26, 0x01, 0x67,
    0x01, 0x47, 0x00, 0x84, 0x00, 0xE6, 0x01, 0xA6, 0x50, 0x8D, 0xF8, 0x1F, 0xF8, 0x1F, 0xF8, 0x1F,
    0xF8, 0x1F, 0xF8, 0x1F, 0xF8, 0x1F, 0xF8, 0x1F, 0xF8, 0x1F, 0xF8, 0x1F, 0xF8, 0x1F, 0xA0, 0xF7,
    0x02, 0x28, 0x12, 0x4B, 0x12, 0x8B, 0x12, 0x6B, 0x0A, 0x2A, 0x01, 0xC9, 0x0A, 0x2B, 0x13, 0x4F,
    0x03, 0xB1, 0x03, 0x71, 0x03, 0x31, 0x02, 0xEF, 0x02, 0x2B, 0x01, 0xE9, 0x12, 0xAC, 0x0B, 0x90,
    0x13, 0x90, 0x1B, 0x90, 0x13, 0xD0, 0x1B, 0xAF, 0x0B, 0x2E, 0x02, 0x8C, 0x02, 0x8C, 0x0B, 0x0D,
    0x0B, 0x0E, 0x0B, 0xD0, 0x0B, 0x6F, 0x0A, 0xAC, 0x02, 0x4B, 0x0A, 0xCC, 0x12, 0xEC, 0x1B, 0x2D,
    0x13, 0x2E, 0x13, 0x8F, 0x13, 0x4E, 0x13, 0x2D, 0x13, 0x2D, 0x12, 0xCC, 0x02, 0x6B, 0x02, 0x0A,
    0x02, 0xCD, 0x2C, 0x52, 0x34, 0x71, 0x2B, 0xAE, 0x1A, 0xEC, 0x2B, 0x8F, 0x1A, 0xCB, 0x11, 0xE8,
    0x01, 0x87, 0x09, 0xC8, 0x09, 0xC8, 0x12, 0x6A, 0x12, 0x49, 0x01, 0x67, 0x02, 0x2B, 0x3C, 0xB3,
    0x01, 0xA9, 0x00, 0xC6, 0x00, 0x64, 0x00, 0x22, 0x00, 0xA4, 0x00, 0xE5, 0x01, 0x68, 0x0A, 0xCC,
    0x01, 0xA9, 0x01, 0x68, 0x09, 0x87, 0x11, 0xC7, 0x01, 0x26, 0x09, 0x67, 0x21, 0xE8, 0x01, 0x27,
    0x01, 0x06, 0x00, 0xA5, 0x01, 0x06, 0x01, 0x67, 0x08, 0xE6, 0x01, 0x69, 0x02, 0xAD, 0x02, 0x4B,
    0x0A, 0xAD, 0x0A, 0x4A, 0x21, 0xA5, 0x09, 0x03, 0x00, 0xC4, 0x01, 0x67, 0x01, 0x05, 0x00, 0xA5,
    0x01, 0xC9, 0x01, 0xA8, 0x01, 0x47, 0x01, 0x27, 0x01, 0x46, 0x01, 0x46, 0x01, 0x05, 0x09, 0x45,
    0x00, 0x83, 0x02, 0x2B, 0x03, 0xB0, 0x03, 0x6E, 0x0B, 0x0D, 0x02, 0xEE, 0x03, 0x4F, 0x03, 0x4F,
    0x03, 0xB1, 0x04, 0x52, 0x03, 0xD0, 0x02, 0x8E, 0x02, 0x2C, 0x02, 0x2D, 0x01, 0xEC, 0x02, 0x0A,
    0x00, 0xA5, 0xD8, 0x1B, 0xF8, 0x1F, 0xF8, 0x1F, 0xF8, 0x1F, 0xF8, 0x1F, 0xF8, 0x1F, 0xF8, 0x1F,
    0xF8, 0x1F, 0xF8, 0x1F, 0xF8, 0x1F, 0xE8, 0x3F, 0x4B, 0x0D, 0x12, 0x29, 0x01, 0xC9, 0x01, 0xA8,
    0x01, 0x47, 0x01, 0x06, 0x01, 0x06, 0x01, 0x26, 0x01, 0x06, 0x00, 0xC5, 0x01, 0x27, 0x01, 0x88,
    0x01, 0x26, 0x20, 0xE9, 0xF8, 0x1E, 0xF8, 0x1F, 0xF8, 0x1F, 0xF8, 0x1F, 0xF8, 0x1F, 0xF8, 0x1F,
    0xF8, 0x1F, 0xF8, 0x1F, 0xF8, 0x1F, 0xF8, 0x1F, 0xE0, 0x3D, 0x09, 0x8A, 0x01, 0x88, 0x01, 0x68,
    0x01, 0x88, 0x01, 0x47, 0x01, 0x68, 0x01, 0x47, 0x01, 0x06, 0x01, 0x67, 0x01, 0xA9, 0x01, 0x85,
    0x78, 0x50, 0xF8, 0x1F, 0xF8, 0x1F, 0xF8, 0x1F, 0xF8, 0x1F, 0xF8, 0x1F, 0xF8, 0x1F, 0xF8, 0x1F,
    0xF8, 0x1F, 0xF8, 0x1F, 0xF8, 0x1F, 0x90, 0x75, 0x01, 0xA7, 0x0A, 0x4A, 0x01, 0xE9, 0x0A, 0x09,
    0x01, 0xC9, 0x02, 0x2A, 0x02, 0x0A, 0x13, 0x0F, 0x03, 0x51, 0x03, 0x31, 0x02, 0xCE, 0x02, 0x0A,
    0x01, 0xC9, 0x0A, 0x8B, 0x0A, 0xED, 0x0B, 0xB0, 0x13, 0x4E, 0x23, 0x8F, 0x0A, 0xCD, 0x02, 0x8B,
    0x02, 0xAC, 0x0A, 0xCD, 0x0A, 0xED, 0x02, 0x8B, 0x02, 0x6C, 0x0B, 0xB0, 0x24, 0x10, 0x23, 0xAF,
    0x1B, 0x0C, 0x23, 0x0C, 0x02, 0xCC, 0x13, 0x2E, 0x0B, 0x2E, 0x02, 0x8B, 0x09, 0xEA, 0x0A, 0x8C,
    0x02, 0x4B, 0x0A, 0x6B, 0x02, 0x8C, 0x1B, 0x4E, 0x33, 0xF0, 0x23, 0x4D, 0x22, 0xCB, 0x1A, 0xAB,
    0x01, 0xC8, 0x01, 0xA8, 0x01, 0x87, 0x09, 0x47, 0x12, 0x6A, 0x0A, 0x29, 0x01, 0xA7, 0x11, 0xE8,
    0x00, 0x83, 0x1A, 0x49, 0x23, 0xD0, 0x54, 0xF3, 0x01, 0x48, 0x00, 0xC6, 0x00, 0x43, 0x00, 0x01,
    0x00, 0x63, 0x08, 0xE5, 0x01, 0x06, 0x01, 0x06, 0x01, 0x27, 0x01, 0x47, 0x09, 0x26, 0x09, 0x87,
    0x01, 0x06, 0x01, 0x67, 0x01, 0xA8, 0x01, 0x27, 0x01, 0x06, 0x19, 0x25, 0x09, 0x26, 0x00, 0xC5,
    0x11, 0xA7, 0x0A, 0x8C, 0x0B, 0x0D, 0x02, 0x2B, 0x02, 0x6C, 0x1A, 0x07, 0x19, 0x44, 0x19, 0x44,
    0x00, 0xE4, 0x01, 0x06, 0x00, 0xE5, 0x01, 0x47, 0x01, 0xC8, 0x01, 0x26, 0x00, 0xE6, 0x01, 0x06,
    0x01, 0xC9, 0x13, 0x0C, 0x09, 0x46, 0x00, 0xA3, 0x00, 0x84, 0x02, 0x4C, 0x03, 0x8F, 0x02, 0xCC,
    0x02, 0x4B, 0x02, 0xAC, 0x03, 0x0E, 0x03, 0x4E, 0x03, 0x8F, 0x03, 0x90, 0x03, 0x70, 0x02, 0xCE,
    0x02, 0x0C, 0x01, 0xEC, 0x01, 0x89, 0x00, 0xE5, 0x00, 0xA4, 0xC8, 0x1A, 0xF8, 0x1F, 0xF8, 0x1F,
    0xF8, 0x1F, 0xF8, 0x1F, 0xF8, 0x1F, 0xF8, 0x1F, 0xF8, 0x1F, 0xF8, 0x1F, 0xF8, 0x1F, 0xF8, 0x1F,
    0x39, 0xF0, 0x01, 0xC8, 0x01, 0x88, 0x01, 0x46, 0x01, 0x26, 0x01, 0x26, 0x01, 0x26, 0x01, 0x26,
    0x01, 0x06, 0x01, 0x67, 0x01, 0x88, 0x01, 0x88, 0x01, 0x46, 0x48, 0xCD, 0xF8, 0x1F, 0xF8, 0x1F,
    0xF8, 0x1F, 0xF8, 0x1F, 0xF8, 0x1F, 0xF8, 0x1F, 0xF8, 0x1F, 0xF8, 0x1F, 0xF8, 0x1F, 0xF8, 0x1F,
    0xF8, 0x1F, 0x51, 0x10, 0x01, 0xC7, 0x01, 0xEA, 0x01, 0xC8, 0x3A, 0x47, 0x3A, 0x67, 0x01, 0xA8,
    0x01, 0xA9, 0x01, 0xC9, 0x01, 0x88, 0x01, 0x66, 0xB8, 0x38, 0xF8, 0x1F, 0xF8, 0x1F, 0xF8, 0x1F,
    0xF8, 0x1F, 0xF8, 0x1F, 0xF8, 0x1F, 0xF8, 0x1F, 0xF8, 0x1F, 0xF8, 0x1F, 0xF8, 0x1F, 0x88, 0xF5,
    0x02, 0x28, 0x0A, 0x4A, 0x12, 0x4A, 0x09, 0xC9, 0x0A, 0x6B, 0x0A, 0x2A, 0x02, 0x4C, 0x02, 0xCF,
    0x03, 0x51, 0x03, 0x10, 0x02, 0x8D, 0x02, 0x0A, 0x0A, 0x6B, 0x0A, 0xCC, 0x1B, 0xAF, 0x12, 0xCC,
    0x01, 0xE9, 0x02, 0x09, 0x01, 0xC9, 0x01, 0xE9, 0x0A, 0x6B, 0x0A, 0x8B, 0x02, 0x8C, 0x02, 0x2B,
    0x02, 0x0A, 0x0A, 0xAC, 0x1B, 0x0D, 0x1A, 0xED, 0x32, 0xEB, 0x3B, 0x4C, 0x02, 0x8C, 0x0A, 0xCC,
    0x0B, 0x4E, 0x13, 0x6E, 0x13, 0x0D, 0x13, 0x0D, 0x1B, 0x4E, 0x1B, 0x6E, 0x2B, 0x8E, 0x2A, 0xEC,
    0x09, 0xA7, 0x01, 0x46, 0x09, 0x66, 0x09, 0x87, 0x01, 0x47, 0x01, 0xE9, 0x09, 0xC8, 0x01, 0x47,
    0x33, 0xF0, 0x1A, 0x49, 0x01, 0x67, 0x33, 0xCF, 0x09, 0x67, 0x11, 0xE9, 0x34, 0x10, 0x23, 0x0C,
    0x01, 0x28, 0x00, 0xE6, 0x00, 0x63, 0x00, 0x21, 0x00, 0x63, 0x01, 0x06, 0x00, 0xC5, 0x00, 0x85,
    0x01, 0x48, 0x01, 0x47, 0x01, 0x26, 0x01, 0x67, 0x01, 0x06, 0x01, 0x47, 0x01, 0xE9, 0x01, 0x48,
    0x01, 0x26, 0x31, 0xA5, 0x11, 0x25, 0x01, 0x28, 0x12, 0x4A, 0x22, 0xAC, 0x02, 0x2B, 0x01, 0xEA,
    0x1A, 0x48, 0x09, 0x65, 0x09, 0x03, 0x19, 0x44, 0x00, 0xE5, 0x01, 0x46, 0x01, 0x06, 0x01, 0xC9,
    0x01, 0x47, 0x00, 0xE6, 0x00, 0xE6, 0x00, 0xE5, 0x0A, 0x8B, 0x1B, 0x0B, 0x01, 0x05, 0x00, 0xE5,
    0x01, 0x88, 0x03, 0x2E, 0x03, 0x6E, 0x0A, 0xAC, 0x02, 0x4A, 0x02, 0x8C, 0x02, 0xED, 0x02, 0x4B,
    0x02, 0x2A, 0x02, 0x6C, 0x0B, 0x4E, 0x02, 0xAD, 0x01, 0xCB, 0x01, 0xCA, 0x00, 0xA5, 0x00, 0xE5,
    0x00, 0xE4, 0xC0, 0x18, 0xF8, 0x1F, 0xF8, 0x1F, 0xF8, 0x1F, 0xF8, 0x1F, 0xF8, 0x1F, 0xF8, 0x1F,
    0xF8, 0x1F, 0xF8, 0x1F, 0xF8, 0x1F, 0xF8, 0x1F, 0x70, 0xD2, 0x01, 0x45, 0x00, 0xC6, 0x01, 0x06,
    0x01, 0x47, 0x01, 0x06, 0x00, 0xE5, 0x09, 0x67, 0x01, 0x47, 0x01, 0x68, 0x01, 0x68, 0x01, 0xA9,
    0x01, 0xE7, 0x70, 0xD2, 0xF8, 0x1F, 0xF8, 0x1F, 0xF8, 0x1F, 0xF8, 0x1F, 0xF8, 0x1F, 0xF8, 0x1F,
    0xF8, 0x1F, 0xF8, 0x1F, 0xF8, 0x1F, 0xF8, 0x1F, 0xF8, 0x1F, 0xC8, 0x5B, 0x01, 0xE9, 0x01, 0xA8,
    0x01, 0x88, 0x4A, 0x45, 0x7A, 0xC4, 0x19, 0xE8, 0x01, 0xEA, 0x09, 0xEA, 0x02, 0x07, 0x41, 0x2C,
    0xF8, 0x1F, 0xF8, 0x1F, 0xF8, 0x1F, 0xF8, 0x1F, 0xF8, 0x1F, 0xF8, 0x1F, 0xF8, 0x1F, 0xF8, 0x1F,
    0xF8, 0x1F, 0xF8, 0x1F, 0xF8, 0x1F, 0x78, 0xF2, 0x01, 0xC6, 0x09, 0xC9, 0x01, 0x47, 0x01, 0xE9,
    0x0A, 0x6B, 0x02, 0x6E, 0x03, 0x52, 0x03, 0x51, 0x03, 0x72, 0x03, 0x10, 0x02, 0x8C, 0x02, 0x2A,
    0x0A, 0x6B, 0x01, 0xE9, 0x01, 0xC9, 0x01, 0xA8, 0x02, 0x09, 0x02, 0x09, 0x01, 0xE9, 0x02, 0x2A,
    0x02, 0x0A, 0x02, 0x09, 0x02, 0x4B, 0x0A, 0x4B, 0x1B, 0x4E, 0x2B, 0x6D, 0x1A, 0xAB, 0x22, 0xEC,
    0x1A, 0xCC, 0x02, 0x0A, 0x12, 0x8B, 0x12, 0xAC, 0x1B, 0x2E, 0x23, 0xAF, 0x13, 0x0E, 0x02, 0xCC,
    0x13, 0x0D, 0x23, 0x2D, 0x1A, 0xAB, 0x0A, 0x2A, 0x0A, 0x09, 0x01, 0x46, 0x01, 0x66, 0x01, 0x87,
    0x01, 0xA8, 0x13, 0x0D, 0x0A, 0x8B, 0x12, 0xAB, 0x2B, 0x4D, 0x01, 0x27, 0x1B, 0x4E, 0x34, 0x51,
    0x34, 0xB3, 0x23, 0xCF, 0x0A, 0x4A, 0x0A, 0x09, 0x01, 0x07, 0x00, 0xC5, 0x00, 0x42, 0x00, 0x00,
    0x00, 0x42, 0x00, 0xE6, 0x00, 0xE6, 0x00, 0xE6, 0x01, 0x68, 0x09, 0xA7, 0x22, 0x07, 0x01, 0x67,
    0x01, 0x06, 0x01, 0x67, 0x09, 0xE9, 0x01, 0x47, 0x00, 0xE6, 0x01, 0x06, 0x00, 0xE6, 0x0A, 0x0A,
    0x12, 0x6B, 0x01, 0xCA, 0x0A, 0x8B, 0x3A, 0x88, 0x21, 0x65, 0x00, 0xE3, 0x08, 0xC3, 0x01, 0x04,
    0x01, 0x46, 0x01, 0x06, 0x01, 0x68, 0x01, 0xE9, 0x01, 0x26, 0x00, 0xC5, 0x00, 0xE6, 0x01, 0x68,
    0x0B, 0x0D, 0x0A, 0x09, 0x01, 0x26, 0x01, 0x25, 0x01, 0xC9, 0x03, 0x2E, 0x03, 0x2E, 0x02, 0xAC,
    0x02, 0x6B, 0x03, 0x2E, 0x03, 0x2E, 0x02, 0x8B, 0x01, 0xE9, 0x02, 0x6B, 0x1B, 0x4E, 0x02, 0x4D,
    0x01, 0xAB, 0x00, 0xC5, 0x00, 0xA5, 0x01, 0x47, 0x00, 0xC3, 0xB0, 0x16, 0xF8, 0x1F, 0xF8, 0x1F,
    0xF8, 0x1F, 0xF8, 0x1F, 0xF8, 0x1F, 0xF8, 0x1F, 0xF8, 0x1F, 0xF8, 0x1F, 0xF8, 0x1F, 0xF8, 0x1F,
    0xC0, 0x59, 0x01, 0x06, 0x01, 0x67, 0x01, 0x88, 0x01, 0x47, 0x01, 0x06, 0x00, 0xE6, 0x00, 0xE6,
    0x09, 0xC9, 0x01, 0xC8, 0x01, 0x47, 0x02, 0x0B, 0x01, 0xC7, 0xB8, 0x38, 0xF8, 0x1F, 0xF8, 0x1F,
    0xF8, 0x1F, 0xF8, 0x1F, 0xF8, 0x1F, 0xF8, 0x1F, 0xF8, 0x1F, 0xF8, 0x1F, 0xF8, 0x1F, 0xF8, 0x1F,
    0xF8, 0x1F, 0xF8, 0x1F, 0x98, 0xB7, 0x01, 0xE9, 0x01, 0xA6, 0x01, 0xE8, 0x02, 0x08, 0x01, 0xE8,
    0x0A, 0x09, 0x01, 0xE7, 0x21, 0xCB, 0xD0, 0x3B, 0xF8, 0x1F, 0xF8, 0x1F, 0xF8, 0x1F, 0xF8, 0x1F,
    0xF8, 0x1F, 0xF8, 0x1F, 0xF8, 0x1F, 0xF8, 0x1F, 0xF8, 0x1F, 0xF8, 0x1F, 0xF8, 0x1F, 0x51, 0x0F,
    0x01, 0xA6, 0x01, 0xA8, 0x01, 0xE8, 0x01, 0xE9, 0x02, 0x8D, 0x03, 0x51, 0x03, 0x51, 0x03, 0x31,
    0x03, 0x92, 0x02, 0xEE, 0x02, 0x0A, 0x01, 0xA8, 0x01, 0x87, 0x01, 0xC8, 0x0A, 0x09, 0x09, 0xE9,
    0x01, 0xE9, 0x0A, 0x09, 0x02, 0x2A, 0x0A, 0x6B, 0x12, 0x8B, 0x12, 0x8B, 0x12, 0xCC, 0x23, 0x8F,
    0x33, 0xCF, 0x12, 0xED, 0x0A, 0x4A, 0x1A, 0xCC, 0x33, 0x8E, 0x1A, 0xCC, 0x1A, 0xCC, 0x1B, 0x0D,
    0x23, 0xAF, 0x34, 0x51, 0x34, 0x72, 0x3C, 0xD4, 0x24, 0x72, 0x1B, 0xF0, 0x23, 0x8F, 0x1B, 0x6D,
    0x1B, 0x2D, 0x01, 0xA7, 0x0A, 0x09, 0x09, 0xE9, 0x0A, 0x09, 0x23, 0x4D, 0x0A, 0x29, 0x0A, 0x4A,
    0x1B, 0x2E, 0x23, 0xAF, 0x34, 0x10, 0x44, 0xF3, 0x4D, 0x34, 0x2B, 0xAE, 0x01, 0x26, 0x01, 0x87,
    0x00, 0xE6, 0x00, 0x84, 0x00, 0x42, 0x00, 0x21, 0x00, 0x63, 0x00, 0xE6, 0x01, 0x06, 0x01, 0x06,
    0x01, 0x67, 0x09, 0xC7, 0x11, 0xA7, 0x01, 0x06, 0x01, 0x07, 0x09, 0xA8, 0x11, 0x87, 0x01, 0x06,
    0x00, 0xE6, 0x01, 0x27, 0x01, 0x27, 0x12, 0x4A, 0x0A, 0x0A, 0x0A, 0x2A, 0x1A, 0x28, 0x19, 0x44,
    0x08, 0xC3, 0x00, 0xA3, 0x11, 0x45, 0x29, 0xE7, 0x01, 0x26, 0x01, 0x07, 0x01, 0x88, 0x01, 0x67,
    0x00, 0xE6, 0x01, 0x06, 0x0A, 0x09, 0x13, 0x4D, 0x12, 0xEB, 0x01, 0x66, 0x09, 0x86, 0x01, 0x05,
    0x01, 0x47, 0x03, 0x2E, 0x02, 0xAC, 0x0A, 0xCC, 0x02, 0x6B, 0x02, 0xED, 0x02, 0xEC, 0x02, 0x2A,
    0x02, 0x2A, 0x02, 0xAD, 0x03, 0x2F, 0x01, 0xEB, 0x01, 0x06, 0x00, 0x84, 0x01, 0x27, 0x09, 0xE9,
    0x01, 0x22, 0x88, 0x11, 0xF8, 0x1F, 0xF8, 0x1F, 0xF8, 0x1F, 0xF8, 0x1F, 0xF8, 0x1F, 0xF8, 0x1F,
    0xF8, 0x1F, 0xF8, 0x1F, 0xF8, 0x1F, 0xF8, 0x1F, 0xF8, 0x1F, 0x50, 0xEF, 0x01, 0x45, 0x09, 0x88,
    0x00, 0xC4, 0x00, 0x43, 0x01, 0xE9, 0x12, 0xEC, 0x02, 0x4B, 0x01, 0xE9, 0x01, 0x48, 0x01, 0xA8,
    0x31, 0x4C, 0xF8, 0x1F, 0xF8, 0x1F, 0xF8, 0x1F, 0xF8, 0x1F, 0xF8, 0x1F, 0xF8, 0x1F, 0xF8, 0x1F,
    0xF8, 0x1F, 0xF8, 0x1F, 0xF8, 0x1F, 0xF8, 0x1F, 0xF8, 0x1F, 0xF8, 0x1F, 0xF8, 0x1F, 0xD0, 0x9B,
    0x69, 0x52, 0x39, 0xCE, 0x19, 0xCC, 0x11, 0xCA, 0x19, 0x69, 0x59, 0x11, 0xD8, 0x5D, 0xF8, 0x1F,
    0xF8, 0x1F, 0xF8, 0x1F, 0xF8, 0x1F, 0xF8, 0x1F, 0xF8, 0x1F, 0xF8, 0x1F, 0xF8, 0x1F, 0xF8, 0x1F,
    0xF8, 0x1F, 0xF8, 0x1F, 0xF8, 0x1F, 0x29, 0x2C, 0x01, 0x86, 0x01, 0x87, 0x01, 0xE9, 0x02, 0x2B,
    0x02, 0x0B, 0x02, 0x4D, 0x03, 0x30, 0x03, 0x51, 0x02, 0xEF, 0x02, 0x4B, 0x01, 0xA8, 0x01, 0x88,
    0x01, 0xC8, 0x01, 0xC8, 0x01, 0xA8, 0x01, 0x88, 0x0A, 0x4B, 0x12, 0xCC, 0x12, 0xEC, 0x1A, 0xAB,
    0x01, 0xC9, 0x02, 0x2B, 0x23, 0xAF, 0x2B, 0x8E, 0x0A, 0xAC, 0x1A, 0xEC, 0x1A, 0xCC, 0x23, 0x2D,
    0x12, 0x6B, 0x1A, 0xED, 0x33, 0xF0, 0x2C, 0x10, 0x3C, 0x51, 0x2B, 0xD0, 0x3C, 0xB3, 0x55, 0x55,
    0x45, 0x34, 0x4D, 0x95, 0x4D, 0x34, 0x23, 0xD0, 0x1B, 0x0D, 0x1A, 0xEC, 0x23, 0x0C, 0x12, 0x4A,
    0x1A, 0x08, 0x01, 0x05, 0x01, 0x46, 0x23, 0x2E, 0x44, 0x30, 0x12, 0x09, 0x01, 0x47, 0x09, 0x88,
    0x01, 0x88, 0x01, 0x27, 0x01, 0x26, 0x01, 0xA7, 0x00, 0xE6, 0x00, 0x64, 0x00, 0x42, 0x00, 0x83,
    0x00, 0x84, 0x00, 0xE6, 0x00, 0xE6, 0x01, 0x47, 0x01, 0x87, 0x21, 0xE8, 0x09, 0x67, 0x00, 0xC5,
    0x01, 0x06, 0x01, 0x67, 0x01, 0x27, 0x00, 0xE6, 0x01, 0x06, 0x00, 0xC6, 0x01, 0x48, 0x12, 0x6B,
    0x02, 0x4A, 0x0A, 0x09, 0x11, 0x44, 0x08, 0xE3, 0x08, 0xE3, 0x09, 0x25, 0x21, 0xE6, 0x09, 0x46,
    0x01, 0x06, 0x01, 0x88, 0x01, 0x27, 0x00, 0xC5, 0x00, 0xC5, 0x01, 0x67, 0x0A, 0x09, 0x01, 0xC8,
    0x01, 0x05, 0x00, 0xC4, 0x11, 0x66, 0x00, 0xE4, 0x01, 0x06, 0x03, 0x0D, 0x03, 0x2E, 0x03, 0x0D,
    0x02, 0x6B, 0x02, 0xAC, 0x02, 0x6B, 0x01, 0xEA, 0x02, 0x6B, 0x03, 0x2F, 0x02, 0x8D, 0x00, 0xE6,
    0x00, 0x22, 0x00, 0xE6, 0x01, 0xA8, 0x09, 0x67, 0x00, 0xA1, 0x60, 0x2D, 0xF8, 0x1F, 0xF8, 0x1F,
    0xF8, 0x1F, 0xF8, 0x1F, 0xF8, 0x1F, 0xF8, 0x1F, 0xF8, 0x1F, 0xF8, 0x1F, 0xF8, 0x1F, 0xF8, 0x1F,
    0xF8, 0x1F, 0xE0, 0x3D, 0x29, 0xAC, 0x01, 0xC7, 0x09, 0xC8, 0x08, 0xC5, 0x01, 0x68, 0x12, 0x2A,
    0x01, 0x88, 0x01, 0xA9, 0x02, 0x09, 0x01, 0xA8, 0xB8, 0x59, 0xF8, 0x1F, 0xF8, 0x1F, 0xF8, 0x1F,
    0xF8, 0x1F, 0xF8, 0x1F, 0xF8, 0x1F, 0xF8, 0x1F, 0xF8, 0x1F, 0xF8, 0x1F, 0xF8, 0x1F, 0xF8, 0x1F,
    0xF8, 0x1F, 0xF8, 0x1F, 0xF8, 0x1F, 0xF8, 0x1F, 0xF8, 0x1F, 0xF8, 0x1F, 0xF0, 0x1F, 0xF0, 0x3E,
    0xF0, 0x1E, 0xF8, 0x1F, 0xF8, 0x1F, 0xF8, 0x1F, 0xF8, 0x1F, 0xF8, 0x1F, 0xF8, 0x1F, 0xF8, 0x1F,
    0xF8, 0x1F, 0xF8, 0x1F, 0xF8, 0x1F, 0xF8, 0x1F, 0xF8, 0x1F, 0xF8, 0x1F, 0xE8, 0x1E, 0x11, 0xCA,
    0x02, 0x09, 0x01, 0x88, 0x01, 0xA8, 0x02, 0x09, 0x01, 0x88, 0x02, 0x0A, 0x02, 0x8D, 0x02, 0x2B,
    0x01, 0xC9, 0x01, 0xA8, 0x01, 0xA7, 0x01, 0x66, 0x01, 0x46, 0x01, 0x67, 0x01, 0xE9, 0x12, 0xCC,
    0x23, 0x4E, 0x12, 0xAC, 0x0A, 0x6B, 0x01, 0xC9, 0x23, 0xF0, 0x4D, 0x13, 0x34, 0x10, 0x0A, 0x8C,
    0x0A, 0x8B, 0x12, 0x4A, 0x22, 0xCC, 0x1B, 0x0C, 0x0A, 0x6B, 0x02, 0x2A, 0x0A, 0x6B, 0x0A, 0xCC,
    0x13, 0x0D, 0x1B, 0x4E, 0x23, 0x6F, 0x2B, 0xAF, 0x12, 0xED, 0x23, 0xD0, 0x2C, 0x52, 0x34, 0x10,
    0x2B, 0xAF, 0x2B, 0x6E, 0x0A, 0x29, 0x01, 0x87, 0x01, 0x26, 0x09, 0x87, 0x01, 0x87, 0x12, 0x4A,
    0x11, 0xC8, 0x01, 0x87, 0x01, 0xA8, 0x0A, 0xCC, 0x13, 0x6F, 0x0A, 0xCC, 0x02, 0x8B, 0x02, 0x8C,
    0x00, 0xC5, 0x00, 0x63, 0x00, 0x43, 0x00, 0x84, 0x00, 0x84, 0x00, 0x84, 0x00, 0xA5, 0x01, 0x27,
    0x01, 0xA7, 0x21, 0xE7, 0x09, 0x25, 0x00, 0xA5, 0x01, 0x67, 0x09, 0x67, 0x01, 0x27, 0x01, 0x06,
    0x00, 0xE6, 0x01, 0x07, 0x01, 0xE9, 0x0A, 0x09, 0x01, 0xC9, 0x11, 0x86, 0x09, 0x03, 0x08, 0xE3,
    0x00, 0xE4, 0x01, 0x45, 0x00, 0xE5, 0x00, 0xE5, 0x01, 0x47, 0x01, 0x67, 0x00, 0xE6, 0x00, 0xE6,
    0x01, 0x88, 0x09, 0xE8, 0x01, 0x25, 0x00, 0x63, 0x00, 0x63, 0x01, 0x46, 0x22, 0x48, 0x00, 0xC4,
    0x00, 0xA4, 0x02, 0x6B, 0x03, 0xD0, 0x0B, 0x2E, 0x02, 0x4B, 0x02, 0x8C, 0x02, 0x4B, 0x02, 0x8B,
    0x02, 0xAD, 0x02, 0xEE, 0x01, 0xAA, 0x00, 0xA5, 0x00, 0xA5, 0x01, 0xA8, 0x01, 0x87, 0x00, 0xE5,
    0x00, 0xA2, 0x38, 0x69, 0xF8, 0x1F, 0xF8, 0x1F, 0xF8, 0x1F, 0xF8, 0x1F, 0xF8, 0x1F, 0xF8, 0x1F,
    0xF8, 0x1F, 0xF8, 0x1F, 0xF8, 0x1F, 0xF8, 0x1F, 0xF8, 0x1F, 0xF8, 0x1F, 0xD0, 0x5B, 0x30, 0xEC,
    0x02, 0x08, 0x01, 0xC6, 0x01, 0xE8, 0x01, 0xA7, 0x01, 0xE7, 0x01, 0xE7, 0x11, 0xEB, 0xA8, 0xD8,
    0xF8, 0x1F, 0xF8, 0x1F, 0xF8, 0x1F, 0xF8, 0x1F, 0xF8, 0x1F, 0xF8, 0x1F, 0xF8, 0x1F, 0xF8, 0x1F,
    0xF8, 0x1F, 0xF8, 0x1F, 0xF8, 0x1F, 0xF8, 0x1F, 0xF8, 0x1F, 0xF8, 0x1F, 0xF8, 0x1F, 0xF8, 0x1F,
    0xF8, 0x1F, 0xF8, 0x1F, 0xF8, 0x1F, 0xF8, 0x1F, 0xF8, 0x1F, 0xF8, 0x1F, 0xF8, 0x1F, 0xF8, 0x1F,
    0xF8, 0x1F, 0xF8, 0x1F, 0xF8, 0x1F, 0xF8, 0x1F, 0xF8, 0x1F, 0xF8, 0x1F, 0xF8, 0x1F, 0xF8, 0x1F,
    0xF8, 0x1F, 0xF8, 0x1F, 0xC0, 0x39, 0x0A, 0x2A, 0x0A, 0xAC, 0x0A, 0x4A, 0x02, 0x2A, 0x0A, 0x4A,
    0x01, 0x88, 0x09, 0xE9, 0x01, 0xE9, 0x01, 0xA8, 0x01, 0x88, 0x01, 0x87, 0x01, 0xA8, 0x01, 0xC8,
    0x01, 0x67, 0x01, 0xE9, 0x02, 0x2A, 0x0A, 0xCC, 0x1B, 0x2E, 0x1B, 0x2D, 0x12, 0xED, 0x23, 0x8E,
    0x3B, 0xAE, 0x22, 0xED, 0x23, 0x6F, 0x23, 0x4E, 0x0A, 0x29, 0x09, 0xE9, 0x09, 0xE9, 0x02, 0x09,
    0x02, 0x2A, 0x02, 0x4A, 0x01, 0xC9, 0x09, 0xE9, 0x0A, 0x4A, 0x12, 0xCC, 0x0A, 0x09, 0x01, 0xC9,
    0x12, 0xCC, 0x1B, 0x6E, 0x13, 0x0D, 0x12, 0x8B, 0x0A, 0x09, 0x01, 0xE9, 0x01, 0x67, 0x12, 0x2A,
    0x1A, 0xCB, 0x01, 0xA8, 0x01, 0x05, 0x01, 0x26, 0x0A, 0x09, 0x0A, 0x6A, 0x13, 0x2D, 0x23, 0x8E,
    0x1B, 0x8F, 0x13, 0x2E, 0x02, 0xEE, 0x0B, 0x4F, 0x00, 0xC5, 0x00, 0x63, 0x00, 0x63, 0x00, 0xA5,
    0x00, 0x64, 0x00, 0x84, 0x00, 0xE5, 0x01, 0x27, 0x09, 0x87, 0x01, 0x06, 0x00, 0xA5, 0x00, 0xC6,
    0x01, 0x67, 0x00, 0xE6, 0x00, 0xE6, 0x00, 0xE6, 0x01, 0x06, 0x01, 0xC9, 0x02, 0x2A, 0x02, 0x0A,
    0x12, 0x08, 0x08, 0xE3, 0x19, 0x44, 0x08, 0xC3, 0x00, 0x84, 0x01, 0x46, 0x01, 0x26, 0x00, 0xE6,
    0x01, 0x67, 0x01, 0x47, 0x00, 0xE6, 0x01, 0x27, 0x02, 0x09, 0x09, 0xC7, 0x01, 0x05, 0x00, 0x42,
    0x00, 0xE4, 0x1A, 0x28, 0x09, 0x25, 0x00, 0x83, 0x00, 0xC4, 0x02, 0x0A, 0x03, 0xD1, 0x0B, 0xB0,
    0x03, 0x0F, 0x03, 0x4E, 0x01, 0xA9, 0x02, 0x4B, 0x02, 0xEE, 0x02, 0x0B, 0x01, 0x69, 0x01, 0x27,
    0x01, 0x27, 0x01, 0x26, 0x00, 0xE5, 0x00, 0xC4, 0x00, 0xC3, 0x10, 0x84, 0xF0, 0x1E, 0xF8, 0x1F,
    0xF8, 0x1F, 0xF8, 0x1F, 0xF8, 0x1F, 0xF8, 0x1F, 0xF8, 0x1F, 0xF8, 0x1F, 0xF8, 0x1F, 0xF8, 0x1F,
    0xF8, 0x1F, 0xF8, 0x1F, 0xF8, 0x1F, 0xF8, 0x1F, 0xB0, 0x98, 0x68, 0xF2, 0x51, 0x51, 0x51, 0x50,
    0x58, 0xF0, 0x88, 0xD5, 0xE0, 0x5D, 0xF8, 0x1F, 0xF8, 0x1F, 0xF8, 0x1F, 0xF8, 0x1F, 0xF8, 0x1F,
    0xF8, 0x1F, 0xF8, 0x1F, 0xF8, 0x1F, 0xF8, 0x1F, 0xF8, 0x1F, 0xF8, 0x1F, 0xF8, 0x1F, 0xF8, 0x1F,
    0xF8, 0x1F, 0xF8, 0x1F, 0xF8, 0x1F, 0xF8, 0x1F, 0xF8, 0x1F, 0xF8, 0x1F, 0xF8, 0x1F, 0xF8, 0x1F,
    0xF8, 0x1F, 0xF8, 0x1F, 0xF8, 0x1F, 0xF8, 0x1F, 0xF8, 0x1F, 0xF8, 0x1F, 0xF8, 0x1F, 0xF8, 0x1F,
    0xF8, 0x1F, 0xF8, 0x1F, 0xF8, 0x1F, 0xF8, 0x1F, 0xF8, 0x1F, 0xF8, 0x1F, 0x80, 0xB4, 0x02, 0x28,
    0x0A, 0x2A, 0x01, 0xA8, 0x01, 0xE9, 0x12, 0x6A, 0x01, 0xA8, 0x0A, 0x2A, 0x09, 0xE9, 0x02, 0x09,
    0x01, 0xA8, 0x01, 0x67, 0x01, 0xE9, 0x01, 0xC8, 0x01, 0xC9, 0x02, 0x4A, 0x02, 0x4B, 0x13, 0x0E,
    0x23, 0xCF, 0x23, 0xEF, 0x22, 0xCB, 0x11, 0xC8, 0x01, 0x88, 0x0A, 0x4B, 0x1B, 0x0D, 0x1A, 0x8A,
    0x01, 0x88, 0x01, 0xC9, 0x22, 0xEC, 0x2B, 0x8E, 0x44, 0xB2, 0x44, 0xB3, 0x3C, 0x92, 0x1B, 0x0D,
    0x0A, 0x0A, 0x01, 0x47, 0x12, 0x6A, 0x23, 0x0C, 0x09, 0xC8, 0x1A, 0xCC, 0x2B, 0xAF, 0x1B, 0x0D,
    0x02, 0x09, 0x0A, 0x6A, 0x23, 0x2D, 0x23, 0x2D, 0x12, 0x0A, 0x12, 0x29, 0x09, 0xA8, 0x01, 0xA8,
    0x0A, 0x6A, 0x0A, 0x4A, 0x12, 0xAC, 0x2B, 0x8F, 0x2B, 0x8F, 0x02, 0xCE, 0x02, 0xEF, 0x13, 0xB1,
    0x00, 0x84, 0x00, 0x63, 0x00, 0x84, 0x00, 0xE6, 0x00, 0xA5, 0x00, 0xE5, 0x01, 0x46, 0x09, 0x87,
    0x09, 0x67, 0x00, 0xC5, 0x00, 0xC6, 0x09, 0x67, 0x19, 0xA7, 0x01, 0x06, 0x00, 0xC5, 0x00, 0xC5,
    0x01, 0x27, 0x01, 0xC9, 0x01, 0xEA, 0x12, 0x6A, 0x11, 0x85, 0x08, 0xE3, 0x19, 0x23, 0x00, 0xA3,
    0x01, 0x05, 0x01, 0x67, 0x01, 0x47, 0x01, 0x67, 0x01, 0x06, 0x00, 0xE5, 0x00, 0xC5, 0x01, 0x47,
    0x02, 0x0A, 0x01, 0x26, 0x00, 0x83, 0x00, 0x62, 0x09, 0x66, 0x11, 0x24, 0x00, 0x63, 0x00, 0x83,
    0x01, 0x06, 0x03, 0x0E, 0x04, 0x32, 0x0B, 0xD0, 0x03, 0x90, 0x14, 0x51, 0x02, 0x4C, 0x02, 0x8D,
    0x02, 0x6C, 0x01, 0x48, 0x01, 0x06, 0x01, 0x68, 0x01, 0x67, 0x00, 0xC5, 0x00, 0xC5, 0x00, 0xC5,
    0x00, 0xC4, 0x08, 0xC2, 0xB0, 0x17, 0xF8, 0x1F, 0xF8, 0x1F, 0xF8, 0x1F, 0xF8, 0x1F, 0xF8, 0x1F,
    0xF8, 0x1F, 0xF8, 0x1F, 0xF8, 0x1F, 0xF8, 0x1F, 0xF8, 0x1F, 0xF8, 0x1F, 0xF8, 0x1F, 0xF8, 0x1F,
    0xF8, 0x1F, 0xF8, 0x1F, 0xF8, 0x1F, 0xF8, 0x1F, 0xF8, 0x1F, 0xF8, 0x1F, 0xF8, 0x1F, 0xF8, 0x1F,
    0xF8, 0x1F, 0xF8, 0x1F, 0xF8, 0x1F, 0xF8, 0x1F, 0xF8, 0x1F, 0xF8, 0x1F, 0xF8, 0x1F, 0xF8, 0x1F,
    0xF8, 0x1F, 0xF8, 0x1F, 0xF8, 0x1F, 0xF8, 0x1F, 0xF8, 0x1F, 0xF8, 0x1F, 0xF8, 0x1F, 0xF8, 0x1F,
    0xF8, 0x1F, 0xF8, 0x1F, 0xF8, 0x1F, 0xF8, 0x1F, 0xF8, 0x1F, 0xF8, 0x1F, 0xF8, 0x1F, 0xF8, 0x1F,
    0xF8, 0x1F, 0xF8, 0x1F, 0xF8, 0x1F, 0xF8, 0x1F, 0xF8, 0x1F, 0xF8, 0x1F, 0xF8, 0x1F, 0xF8, 0x1F,
    0xF8, 0x1F, 0xF8, 0x1F, 0x38, 0xEC, 0x01, 0x65, 0x01, 0x68, 0x01, 0xA8, 0x09, 0xA8, 0x01, 0x67,
    0x01, 0x67, 0x0A, 0x09, 0x09, 0xA8, 0x01, 0x87, 0x01, 0x87, 0x01, 0xC8, 0x01, 0xC9, 0x01, 0xE9,
    0x0A, 0x4A, 0x02, 0x2A, 0x1B, 0x4E, 0x33, 0xAF, 0x12, 0xAB, 0x01, 0xC8, 0x00, 0x43, 0x01, 0x47,
    0x1A, 0xEC, 0x12, 0xEC, 0x12, 0x8B, 0x01, 0x88, 0x12, 0x29, 0x1A, 0x8B, 0x22, 0xAB, 0x09, 0xC8,
    0x22, 0x6A, 0x12, 0x0A, 0x33, 0xAF, 0x44, 0x50, 0x1A, 0xAB, 0x12, 0x09, 0x09, 0xA7, 0x09, 0xA8,
    0x01, 0x26, 0x01, 0x67, 0x12, 0x4A, 0x1A, 0xCC, 0x0A, 0x8B, 0x01, 0xC9, 0x23, 0x4E, 0x33, 0xCF,
    0x1A, 0xCB, 0x0A, 0x09, 0x0A, 0x4B, 0x1C, 0x10, 0x02, 0x8C, 0x02, 0x0A, 0x02, 0x6B, 0x23, 0xF1,
    0x1B, 0x90, 0x0B, 0x0F, 0x13, 0xB0, 0x0B, 0xF2, 0x00, 0x84, 0x00, 0x02, 0x00, 0x84, 0x00, 0xE6,
    0x00, 0xE6, 0x01, 0x06, 0x01, 0x46, 0x09, 0x66, 0x00, 0xE5, 0x00, 0xE6, 0x01, 0x47, 0x11, 0xC7,
    0x19, 0x86, 0x00, 0xE6, 0x00, 0xE6, 0x00, 0xE5, 0x01, 0x68, 0x01, 0xE9, 0x02, 0x4A, 0x29, 0xE6,
    0x19, 0x02, 0x21, 0x22, 0x08, 0xE3, 0x00, 0x83, 0x01, 0x06, 0x00, 0xE6, 0x01, 0x47, 0x01, 0x27,
    0x01, 0x06, 0x01, 0x06, 0x01, 0x47, 0x01, 0xC8, 0x01, 0xC8, 0x09, 0x46, 0x00, 0x63, 0x00, 0xE4,
    0x11, 0x45, 0x00, 0xA3, 0x00, 0x83, 0x00, 0x62, 0x01, 0x27, 0x03, 0xD0, 0x04, 0x52, 0x03, 0xB1,
    0x03, 0xF2, 0x0B, 0xB0, 0x02, 0xAE, 0x02, 0xAD, 0x01, 0xAA, 0x00, 0xE6, 0x00, 0xE6, 0x01, 0x67,
    0x01, 0x67, 0x00, 0xE5, 0x00, 0xE6, 0x01, 0x27, 0x00, 0xE6, 0x00, 0xA1, 0x68, 0x4D, 0xF8, 0x1F,
    0xF8, 0x1F, 0xF8, 0x1F, 0xF8, 0x1F, 0xF8, 0x1F, 0xF8, 0x1F, 0xF8, 0x1F, 0xF8, 0x1F, 0xF8, 0x1F,
    0xF8, 0x1F, 0xF8, 0x1F, 0xF8, 0x1F, 0xF8, 0x1F, 0xF8, 0x1F, 0xF8, 0x1F, 0xF8, 0x1F, 0xF8, 0x1F,
    0xF8, 0x1F, 0xF8, 0x1F, 0xF8, 0x1F, 0xF8, 0x1F, 0xF8, 0x1F, 0xF8, 0x1F, 0xF8, 0x1F, 0xF8, 0x1F,
    0xF8, 0x1F, 0xF8, 0x1F, 0xF8, 0x1F, 0xF8, 0x1F, 0xF8, 0x1F, 0xF8, 0x1F, 0xF8, 0x1F, 0xF8, 0x1F,
    0xF8, 0x1F, 0xF8, 0x1F, 0xF8, 0x1F, 0xF8, 0x1F, 0xF8, 0x1F, 0xF8, 0x1F, 0xF8, 0x1F, 0xF8, 0x1F,
    0xF8, 0x1F, 0xF8, 0x1F, 0xF8, 0x1F, 0xF8, 0x1F, 0xF8, 0x1F, 0xF8, 0x1F, 0xF8, 0x1F, 0xF8, 0x1F,
    0xF8, 0x1F, 0xF8, 0x1F, 0xF8, 0x1F, 0xF8, 0x1F, 0xF8, 0x1F, 0xD8, 0x1B, 0x09, 0x06, 0x01, 0x66,
    0x01, 0x46, 0x01, 0x46, 0x01, 0x26, 0x01, 0x26, 0x01, 0x66, 0x01, 0x67, 0x01, 0x47, 0x01, 0xE9,
    0x02, 0x2A, 0x02, 0x0A, 0x02, 0x4A, 0x02, 0x6B, 0x1B, 0x2E, 0x1B, 0x0D, 0x33, 0x4D, 0x12, 0x29,
    0x01, 0x67, 0x09, 0xC8, 0x0A, 0x09, 0x0A, 0x29, 0x09, 0xE9, 0x0A, 0xAC, 0x23, 0x4D, 0x09, 0xC8,
    0x09, 0x66, 0x01, 0x67, 0x0A, 0x09, 0x01, 0xC8, 0x01, 0x88, 0x01, 0x68, 0x01, 0xA8, 0x01, 0x67,
    0x01, 0x67, 0x0A, 0x09, 0x0A, 0x4A, 0x01, 0x88, 0x01, 0x68, 0x12, 0xCC, 0x0A, 0x4A, 0x01, 0xE8,
    0x0A, 0x2A, 0x1B, 0x4E, 0x23, 0x2D, 0x09, 0xC8, 0x01, 0x87, 0x01, 0x06, 0x02, 0x6C, 0x5E, 0x37,
    0x55, 0xD6, 0x13, 0xB0, 0x1B, 0x6E, 0x0B, 0x0E, 0x03, 0x10, 0x3C, 0x0F, 0x2B, 0x8F, 0x1C, 0x73,
    0x00, 0x83, 0x00, 0x22, 0x00, 0x84, 0x00, 0xE6, 0x01, 0x06, 0x01, 0x26, 0x01, 0x66, 0x09, 0x26,
    0x00, 0xC5, 0x01, 0x27, 0x09, 0xA8, 0x09, 0xA7, 0x01, 0x06, 0x01, 0x06, 0x00, 0xE6, 0x00, 0xE6,
    0x01, 0xA9, 0x02, 0x2A, 0x0A, 0x08, 0x11, 0x24, 0x19, 0x23, 0x21, 0x42, 0x00, 0xA3, 0x00, 0xA4,
    0x00, 0xC5, 0x01, 0x06, 0x01, 0x67, 0x01, 0x06, 0x01, 0x26, 0x01, 0x88, 0x01, 0xA8, 0x01, 0x05,
    0x00, 0xC4, 0x00, 0xE4, 0x00, 0xC4, 0x09, 0x65, 0x00, 0xA3, 0x00, 0x42, 0x00, 0x83, 0x00, 0x83,
    0x01, 0x49, 0x03, 0xD1, 0x03, 0xB1, 0x14, 0x94, 0x14, 0xF4, 0x03, 0x50, 0x02, 0xCE, 0x01, 0xCB,
    0x01, 0x48, 0x01, 0x26, 0x01, 0x87, 0x01, 0x26, 0x00, 0xC5, 0x00, 0xC5, 0x01, 0x27, 0x01, 0x47,
    0x01, 0x26, 0x00, 0xE4, 0x18, 0x86, 0xF0, 0x1E, 0xF8, 0x1F, 0xF8, 0x1F, 0xF8, 0x1F, 0xF8, 0x1F,
    0xF8, 0x1F, 0xF8, 0x1F, 0xF8, 0x1F, 0xF8, 0x1F, 0xF8, 0x1F, 0xF8, 0x1F, 0xF8, 0x1F, 0xF8, 0x1F,
    0xF8, 0x1F, 0xF8, 0x1F, 0xF8, 0x1F, 0xF8, 0x1F, 0xF8, 0x1F, 0xF8, 0x1F, 0xF8, 0x1F, 0xF8, 0x1F,
    0xF8, 0x1F, 0xF8, 0x1F, 0xF8, 0x1F, 0xF8, 0x1F, 0xF8, 0x1F, 0xF8, 0x1F, 0xF8, 0x1F, 0xF8, 0x1F,
    0xF8, 0x1F, 0xF8, 0x1F, 0xF8, 0x1F, 0xF8, 0x1F, 0xF8, 0x1F, 0xF8, 0x1F, 0xF8, 0x1F, 0xF8, 0x1F,
    0xF8, 0x1F, 0xF8, 0x1F, 0xF8, 0x1F, 0xF8, 0x1F, 0xF8, 0x1F, 0xF8, 0x1F, 0xF8, 0x1F, 0xF8, 0x1F,
    0xF8, 0x1F, 0xF8, 0x1F, 0xF8, 0x1F, 0xF8, 0x1F, 0xF8, 0x1F, 0xF8, 0x1F, 0xF8, 0x1F, 0xF8, 0x1F,
    0xF8, 0x1F, 0x78, 0xB3, 0x01, 0xC7, 0x09, 0xC8, 0x01, 0x46, 0x01, 0xA8, 0x01, 0xC8, 0x12, 0x09,
    0x12, 0x09, 0x02, 0x29, 0x01, 0xA9, 0x0A, 0x8C, 0x1B, 0x6E, 0x0A, 0xED, 0x0A, 0xCC, 0x13, 0x0D,
    0x33, 0xCF, 0x0A, 0x8B, 0x09, 0xC8, 0x01, 0x88, 0x01, 0xC8, 0x0A, 0x4A, 0x12, 0x2A, 0x0A, 0x29,
    0x01, 0x88, 0x12, 0xCB, 0x1A, 0xAA, 0x01, 0xC8, 0x01, 0x87, 0x01, 0xC8, 0x0A, 0x2A, 0x0A, 0x09,
    0x12, 0x4A, 0x01, 0xE9, 0x0A, 0x0A, 0x0A, 0x4A, 0x0A, 0x09, 0x22, 0x49, 0x1A, 0xAB, 0x23, 0x2E,
    0x2B, 0xAF, 0x1A, 0xEC, 0x13, 0x0D, 0x11, 0xE9, 0x01, 0x47, 0x1B, 0x0D, 0x0A, 0x4A, 0x01, 0xE9,
    0x0A, 0x09, 0x0A, 0xAC, 0x3C, 0xB3, 0x34, 0x32, 0x55, 0xB6, 0x24, 0x52, 0x13, 0xB0, 0x13, 0x90,
    0x03, 0x90, 0x24, 0x53, 0x24, 0x53, 0x2C, 0x31, 0x00, 0x63, 0x00, 0x22, 0x00, 0x84, 0x00, 0xC5,
    0x01, 0x06, 0x01, 0x46, 0x09, 0xA7, 0x01, 0x46, 0x00, 0xE6, 0x01, 0xA9, 0x0A, 0x09, 0x11, 0x46,
    0x00, 0xE6, 0x00, 0xC6, 0x01, 0x07, 0x09, 0xEA, 0x02, 0x0A, 0x01, 0xE9, 0x09, 0x45, 0x00, 0xC3,
    0x11, 0x03, 0x08, 0xC3, 0x00, 0xC4, 0x01, 0x26, 0x00, 0xE6, 0x01, 0x68, 0x01, 0x88, 0x01, 0x06,
    0x00, 0xC4, 0x01, 0x26, 0x01, 0xA8, 0x01, 0x05, 0x09, 0x05, 0x09, 0x25, 0x08, 0xE4, 0x01, 0x04,
    0x00, 0xA3, 0x00, 0x83, 0x00, 0xC4, 0x01, 0x88, 0x03, 0x2F, 0x04, 0x12, 0x04, 0x12, 0x0C, 0xB4,
    0x03, 0xD1, 0x02, 0xCE, 0x01, 0xEB, 0x01, 0x69, 0x01, 0x48, 0x09, 0x67, 0x19, 0x65, 0x19, 0x65,
    0x31, 0xC6, 0x01, 0x27, 0x01, 0x47, 0x01, 0x46, 0x09, 0x26, 0x01, 0x26, 0x00, 0xC3, 0xA0, 0x35,
    0xF8, 0x1F, 0xF8, 0x1F, 0xF8, 0x1F, 0xF8, 0x1F, 0xF8, 0x1F, 0xF8, 0x1F, 0xF8, 0x1F, 0xF8, 0x1F,
    0xF8, 0x1F, 0xF8, 0x1F, 0xF8, 0x1F, 0xF8, 0x1F, 0xF8, 0x1F, 0xF8, 0x1F, 0xF8, 0x1F, 0xF8, 0x1F,
    0xF8, 0x1F, 0xF8, 0x1F, 0xF8, 0x1F, 0xF8, 0x1F, 0xF8, 0x1F, 0xF8, 0x1F, 0xF8, 0x1F, 0xF8, 0x1F,
    0xF8, 0x1F, 0xF8, 0x1F, 0xF8, 0x1F, 0xE8, 0x3D, 0x98, 0x76, 0xF8, 0x1F, 0xF8, 0x1F, 0xF8, 0x1F,
    0xF8, 0x1F, 0xF8, 0x1F, 0xF8, 0x1F, 0xF8, 0x1F, 0xF8, 0x1F, 0xF8, 0x1F, 0xF8, 0x1F, 0xF8, 0x1F,
    0xF8, 0x1F, 0xF8, 0x1F, 0xF8, 0x1F, 0xF8, 0x1F, 0xF8, 0x1F, 0xF8, 0x1F, 0xF8, 0x1F, 0xF8, 0x1F,
    0xF8, 0x1F, 0xF8, 0x1F, 0xF8, 0x1F, 0xF8, 0x1F, 0xE0, 0x1D, 0x19, 0x8A, 0x09, 0xE8, 0x01, 0xA8,
    0x01, 0xA8, 0x0A, 0x6A, 0x1B, 0x0C, 0x12, 0x6A, 0x01, 0xE9, 0x12, 0xCB, 0x1B, 0x0D, 0x1B, 0x2D,
    0x1B, 0x0D, 0x23, 0x6E, 0x23, 0x6E, 0x34, 0x10, 0x1B, 0x4E, 0x02, 0x2A, 0x0A, 0x29, 0x0A, 0x2A,
    0x0A, 0x09, 0x12, 0x29, 0x09, 0xA8, 0x1A, 0xCB, 0x09, 0xE9, 0x09, 0xA8, 0x01, 0xC8, 0x0A, 0x2A,
    0x0A, 0x29, 0x0A, 0x2A, 0x12, 0xAC, 0x12, 0xAB, 0x09, 0xE9, 0x23, 0x2E, 0x23, 0x4D, 0x02, 0x4A,
    0x01, 0xC8, 0x02, 0x0A, 0x2B, 0xCF, 0x3B, 0xCF, 0x12, 0x6A, 0x01, 0xC8, 0x1B, 0x0D, 0x23, 0x2C,
    0x09, 0xC9, 0x2B, 0xAF, 0x12, 0x8B, 0x13, 0x0D, 0x13, 0x2E, 0x03, 0x2F, 0x3D, 0x14, 0x23, 0xD1,
    0x1B, 0x70, 0x03, 0x50, 0x13, 0xD1, 0x1C, 0x11, 0x13, 0xF2, 0x24, 0x73, 0x34, 0x31, 0x0A, 0x8D,
    0x00, 0x43, 0x00, 0x43, 0x00, 0xA4, 0x00, 0xC5, 0x00, 0xE6, 0x09, 0x46, 0x09, 0x86, 0x00, 0xE6,
    0x01, 0x48, 0x01, 0xC9, 0x01, 0x68, 0x00, 0xE6, 0x00, 0xE6, 0x01, 0x48, 0x01, 0xE9, 0x02, 0x2B,
    0x0A, 0x29, 0x19, 0x85, 0x00, 0xE3, 0x08, 0xC2, 0x00, 0xC3, 0x31, 0x83, 0x29, 0x84, 0x01, 0x06,
    0x01, 0x27, 0x01, 0x88, 0x01, 0x67, 0x00, 0xE5, 0x00, 0xE5, 0x01, 0xA9, 0x02, 0x0A, 0x00, 0xE5,
    0x00, 0x83, 0x00, 0x83, 0x00, 0x62, 0x00, 0x62, 0x00, 0x42, 0x00, 0xC4, 0x02, 0x0A, 0x03, 0x90,
    0x04, 0x12, 0x04, 0x12, 0x04, 0x52, 0x03, 0xF1, 0x02, 0xAE, 0x01, 0xCB, 0x01, 0x69, 0x01, 0x68,
    0x01, 0x27, 0x01, 0x26, 0x00, 0xE6, 0x09, 0x67, 0x1A, 0x09, 0x01, 0x88, 0x01, 0x67, 0x01, 0x27,
    0x01, 0x47, 0x01, 0x67, 0x00, 0xC3, 0x30, 0x47, 0xF8, 0x1F, 0xF8, 0x1F, 0xF8, 0x1F, 0xF8, 0x1F,
    0xF8, 0x1F, 0xF8, 0x1F, 0xF8, 0x1F, 0xF8, 0x1F, 0xF8, 0x1F, 0xF8, 0x1F, 0xF8, 0x1F, 0xF8, 0x1F,
    0xF8, 0x1F, 0xF8, 0x1F, 0xF8, 0x1F, 0xF8, 0x1F, 0xF8, 0x1F, 0xF8, 0x1F, 0xF8, 0x1F, 0xF8, 0x1F,
    0xF8, 0x1F, 0xF8, 0x1F, 0xF8, 0x1F, 0xF8, 0x1F, 0xF8, 0x1F, 0xF8, 0x1F, 0xF8, 0x1F, 0xB0, 0xB9,
    0x09, 0x26, 0xD8, 0x1C, 0xF8, 0x1F, 0xF8, 0x1F, 0xF8, 0x1F, 0xF8, 0x1F, 0xF8, 0x1F, 0xF8, 0x1F,
    0xF8, 0x1F, 0xF8, 0x1F, 0xF8, 0x1F, 0xF8, 0x1F, 0xF8, 0x1F, 0xF8, 0x1F, 0xF8, 0x1F, 0xF8, 0x1F,
    0xF8, 0x1F, 0xF8, 0x1F, 0xF8, 0x1F, 0xF8, 0x1F, 0xF8, 0x1F, 0xF8, 0x1F, 0xF8, 0x1F, 0xF8, 0x1F,
    0x78, 0xB2, 0x01, 0x65, 0x11, 0xA8, 0x01, 0x87, 0x0A, 0x6B, 0x23, 0x4D, 0x0A, 0x4A, 0x0A, 0x09,
    0x01, 0x67, 0x01, 0x46, 0x09, 0xC8, 0x12, 0x8A, 0x0A, 0xAC, 0x23, 0x2D, 0x23, 0x4E, 0x23, 0x2D,
    0x0A, 0xCC, 0x12, 0xCC, 0x12, 0x4A, 0x09, 0x67, 0x01, 0x26, 0x01, 0x26, 0x01, 0x46, 0x12, 0x4A,
    0x09, 0xC8, 0x01, 0x87, 0x01, 0xC8, 0x02, 0x09, 0x12, 0x8B, 0x22, 0xEC, 0x12, 0x8B, 0x12, 0x6B,
    0x12, 0x8B, 0x22, 0xEC, 0x1B, 0x2C, 0x0A, 0xAB, 0x13, 0x0D, 0x23, 0xEF, 0x12, 0xAB, 0x00, 0xE6,
    0x01, 0x67, 0x09, 0x87, 0x11, 0xC8, 0x01, 0x67, 0x0A, 0x6B, 0x1A, 0xCC, 0x3A, 0xEA, 0x23, 0x2D,
    0x0B, 0x50, 0x14, 0x32, 0x13, 0xF1, 0x34, 0x31, 0x02, 0xAE, 0x13, 0x70, 0x34, 0x72, 0x24, 0x11,
    0x34, 0x93, 0x3C, 0xB3, 0x13, 0x0E, 0x02, 0x6C, 0x00, 0x63, 0x00, 0x84, 0x00, 0x84, 0x00, 0xA4,
    0x01, 0x05, 0x01, 0x46, 0x01, 0x26, 0x00, 0xC6, 0x01, 0x88, 0x01, 0x88, 0x00, 0xE6, 0x00, 0xE6,
    0x01, 0x68, 0x01, 0xC9, 0x01, 0xEA, 0x09, 0xE9, 0x11, 0x86, 0x11, 0x03, 0x08, 0xC2, 0x00, 0xA2,
    0x00, 0xA3, 0x19, 0x24, 0x19, 0x25, 0x01, 0x06, 0x01, 0x88, 0x01, 0x88, 0x01, 0x06, 0x01, 0x06,
    0x01, 0x67, 0x02, 0x2A, 0x02, 0x4A, 0x00, 0xC5, 0x00, 0x83, 0x01, 0x46, 0x01, 0x87, 0x01, 0x87,
    0x01, 0x47, 0x01, 0xEA, 0x03, 0x90, 0x03, 0xF2, 0x03, 0xF2, 0x04, 0x12, 0x04, 0x11, 0x02, 0x6D,
    0x01, 0xAB, 0x01, 0x48, 0x00, 0xE5, 0x01, 0x06, 0x00, 0xE5, 0x01, 0x47, 0x01, 0x87, 0x01, 0x27,
    0x01, 0x06, 0x01, 0x06, 0x01, 0x27, 0x01, 0x67, 0x01, 0xA9, 0x01, 0x67, 0x00, 0xC5, 0x00, 0x81,
    0x90, 0x33, 0xF8, 0x1F, 0xF8, 0x1F, 0xF8, 0x1F, 0xF8, 0x1F, 0xF8, 0x1F, 0xF8, 0x1F, 0xF8, 0x1F,
    0xF8, 0x1F, 0xF8, 0x1F, 0xF8, 0x1F, 0xF8, 0x1F, 0xF8, 0x1F, 0xF8, 0x1F, 0xF8, 0x1F, 0xF8, 0x1F,
    0xF8, 0x1F, 0xF8, 0x1F, 0xF8, 0x1F, 0xF8, 0x1F, 0xF8, 0x1F, 0xF8, 0x1F, 0xF8, 0x1F, 0xF8, 0x1F,
    0xF8, 0x1F, 0xF8, 0x1F, 0xF8, 0x1F, 0x61, 0x12, 0x02, 0x05, 0x68, 0xEF, 0xF8, 0x1F, 0xF8, 0x1F,
    0xF8, 0x1F, 0xF8, 0x1F, 0xF8, 0x1F, 0xF8, 0x1F, 0xF8, 0x1F, 0xF8, 0x1F, 0xF8, 0x1F, 0xF8, 0x1F,
    0xF8, 0x1F, 0xF8, 0x1F, 0xF8, 0x1F, 0xF8, 0x1F, 0xF8, 0x1F, 0xF8, 0x1F, 0xF8, 0x1F, 0xF8, 0x1F,
    0xF8, 0x1F, 0xF8, 0x1F, 0xF8, 0x1F, 0xD0, 0x3B, 0x11, 0x68, 0x01, 0xC8, 0x01, 0xA8, 0x01, 0x88,
    0x0A, 0x4A, 0x1A, 0xAB, 0x01, 0xE9, 0x0A, 0x29, 0x01, 0x46, 0x01, 0x26, 0x01, 0x06, 0x01, 0x06,
    0x09, 0xA8, 0x09, 0xA8, 0x12, 0x09, 0x01, 0xC8, 0x12, 0xAB, 0x4C, 0x90, 0x12, 0x08, 0x01, 0x26,
    0x09, 0x66, 0x11, 0x24, 0x01, 0x87, 0x01, 0x67, 0x09, 0xC8, 0x01, 0xA8, 0x01, 0x88, 0x12, 0x4A,
    0x09, 0xE8, 0x01, 0x06, 0x01, 0x05, 0x09, 0x26, 0x01, 0x26, 0x01, 0x05, 0x01, 0x67, 0x09, 0xA7,
    0x1A, 0xAA, 0x1A, 0x4A, 0x01, 0x26, 0x09, 0xA8, 0x09, 0xA8, 0x09, 0xA7, 0x01, 0x47, 0x02, 0x2A,
    0x02, 0x8C, 0x02, 0xEE, 0x3C, 0x72, 0x2C, 0x32, 0x1C, 0x53, 0x3C, 0xF4, 0x2C, 0x11, 0x1B, 0x2E,
    0x03, 0x0F, 0x0B, 0x0E, 0x13, 0x6F, 0x02, 0xCD, 0x13, 0x71, 0x2C, 0x52, 0x0B, 0xB0, 0x03, 0x90,
    0x00, 0x63, 0x00, 0x64, 0x00, 0x84, 0x00, 0xC5, 0x09, 0x46, 0x01, 0x87, 0x00, 0xE6, 0x01, 0x27,
    0x01, 0xA8, 0x01, 0x26, 0x00, 0xC6, 0x11, 0x25, 0x29, 0xE7, 0x01, 0xEA, 0x0A, 0x09, 0x21, 0x85,
    0x19, 0x03, 0x09, 0x03, 0x10, 0xE3, 0x00, 0xA3, 0x00, 0xE5, 0x01, 0x66, 0x01, 0x26, 0x01, 0x47,
    0x01, 0x87, 0x01, 0x06, 0x01, 0x06, 0x01, 0x47, 0x01, 0x88, 0x01, 0x88, 0x01, 0x48, 0x00, 0xC5,
    0x01, 0x47, 0x03, 0x4E, 0x03, 0xF0, 0x03, 0xF0, 0x03, 0x8F, 0x03, 0xB1, 0x04, 0x12, 0x03, 0xD1,
    0x02, 0x6D, 0x02, 0xAE, 0x02, 0x6D, 0x01, 0x69, 0x01, 0x06, 0x09, 0x26, 0x01, 0x26, 0x00, 0xE5,
    0x00, 0xE6, 0x01, 0x47, 0x00, 0xE6, 0x00, 0xE5, 0x09, 0x66, 0x01, 0x67, 0x01, 0x27, 0x01, 0x87,
    0x01, 0x67, 0x01, 0x27, 0x01, 0x06, 0x00, 0xC3, 0x20, 0x24, 0xE8, 0x1D, 0xF8, 0x1F, 0xF8, 0x1F,
    0xF8, 0x1F, 0xF8, 0x1F, 0xF8, 0x1F, 0xF8, 0x1F, 0xF8, 0x1F, 0xF8, 0x1F, 0xF8, 0x1F, 0xF8, 0x1F,
    0xF8, 0x1F, 0xF8, 0x1F, 0xF8, 0x1F, 0xF8, 0x1F, 0xF8, 0x1F, 0xF8, 0x1F, 0xF8, 0x1F, 0xF8, 0x1F,
    0xF8, 0x1F, 0xF8, 0x1F, 0xF8, 0x1F, 0xF8, 0x1F, 0xF8, 0x1F, 0xF8, 0x1F, 0xD8, 0x9D, 0x33, 0x2F,
    0x22, 0xCB, 0x01, 0x03, 0x70, 0x30, 0xF8, 0x1F, 0xF8, 0x1F, 0xF8, 0x1F, 0xF8, 0x1F, 0xF8, 0x1F,
    0xF8, 0x1F, 0xF8, 0x1F, 0xF8, 0x1F, 0xF8, 0x1F, 0xF8, 0x1F, 0xF8, 0x1F, 0xF8, 0x1F, 0xF8, 0x1F,
    0xF8, 0x1F, 0xF8, 0x1F, 0xF8, 0x1F, 0xF8, 0x1F, 0xF8, 0x1F, 0xF8, 0x1F, 0xE8, 0x1D, 0x31, 0x4B,
    0x01, 0xE7, 0x0A, 0x2A, 0x0A, 0x09, 0x09, 0xE9, 0x01, 0x88, 0x01, 0xA8, 0x0A, 0x4A, 0x09, 0xE9,
    0x01, 0x67, 0x01, 0x87, 0x01, 0xA7, 0x01, 0x88, 0x01, 0x46, 0x01, 0x26, 0x01, 0x46, 0x01, 0x05,
    0x00, 0xE5, 0x01, 0x46, 0x01, 0x26, 0x01, 0x87, 0x01, 0x87, 0x11, 0xC8, 0x01, 0x87, 0x09, 0x88,
    0x09, 0xE8, 0x01, 0x06, 0x09, 0xE9, 0x12, 0x49, 0x01, 0x06, 0x01, 0x46, 0x01, 0x26, 0x01, 0x87,
    0x01, 0xA8, 0x00, 0xE5, 0x00, 0x83, 0x00, 0xE5, 0x01, 0x26, 0x01, 0x47, 0x01, 0xCA, 0x02, 0xAC,
    0x01, 0xE9, 0x09, 0xE8, 0x3B, 0x0A, 0x0B, 0x0E, 0x0B, 0x50, 0x1B, 0xF1, 0x13, 0x90, 0x0B, 0x91,
    0x34, 0xB4, 0x34, 0x93, 0x23, 0xF1, 0x0B, 0x2E, 0x0A, 0xCE, 0x0A, 0xEE, 0x13, 0x0E, 0x02, 0xAD,
    0x3C, 0xD4, 0x2C, 0x94, 0x0C, 0x33, 0x14, 0x53, 0x00, 0x63, 0x00, 0x84, 0x00, 0xA5, 0x09, 0x05,
    0x42, 0x26, 0x11, 0x86, 0x00, 0xC6, 0x01, 0x88, 0x01, 0x47, 0x00, 0xC6, 0x00, 0xE6, 0x01, 0x47,
    0x01, 0xC8, 0x12, 0x08, 0x19, 0x45, 0x08, 0xC3, 0x08, 0xE2, 0x10, 0xC2, 0x00, 0xC3, 0x09, 0x04,
    0x01, 0x05, 0x21, 0x84, 0x39, 0xA4, 0x00, 0xE6, 0x01, 0x06, 0x00, 0xE5, 0x01, 0x05, 0x01, 0x46,
    0x01, 0x46, 0x01, 0x26, 0x01, 0x06, 0x01, 0xA8, 0x0B, 0x0D, 0x03, 0xD0, 0x03, 0xF0, 0x03, 0xD0,
    0x03, 0x6F, 0x03, 0x2F, 0x03, 0xD1, 0x03, 0x90, 0x02, 0x6D, 0x02, 0x6D, 0x01, 0xAA, 0x00, 0x63,
    0x00, 0x83, 0x00, 0xC4, 0x00, 0xE5, 0x01, 0x26, 0x00, 0xC5, 0x00, 0xE5, 0x01, 0x67, 0x01, 0x88,
    0x01, 0x88, 0x01, 0x27, 0x01, 0x88, 0x01, 0x88, 0x01, 0x26, 0x01, 0x26, 0x00, 0xE5, 0x00, 0x84,
    0x00, 0x81, 0x58, 0x4C, 0xF8, 0x1F, 0xF8, 0x1F, 0xF8, 0x1F, 0xF8, 0x1F, 0xF8, 0x1F, 0xF8, 0x1F,
    0xF8, 0x1F, 0xF8, 0x1F, 0xF8, 0x1F, 0xF8, 0x1F, 0xF8, 0x1F, 0xF8, 0x1F, 0xF8, 0x1F, 0xF8, 0x1F,
    0xF8, 0x1F, 0xF8, 0x1F, 0xF8, 0x1F, 0xF8, 0x1F, 0xF8, 0x1F, 0xF8, 0x1F, 0xF8, 0x1F, 0xF8, 0x1F,
    0xF8, 0x1F, 0xF8, 0x1F, 0x7A, 0xB5, 0x13, 0x2B, 0x09, 0x06, 0x00, 0xC5, 0x01, 0x24, 0x50, 0x8D,
    0xE8, 0x1D, 0xF8, 0x1F, 0xF8, 0x1F, 0xF8, 0x1F, 0xF8, 0x1F, 0xF8, 0x1F, 0xF8, 0x1F, 0xF8, 0x1F,
    0xF8, 0x1F, 0xF8, 0x1F, 0xF8, 0x1F, 0xF8, 0x1F, 0xF8, 0x1F, 0xF8, 0x1F, 0xF8, 0x1F, 0xF8, 0x1F,
    0xF8, 0x1F, 0xE0, 0x1C, 0x38, 0xEB, 0x01, 0xE6, 0x09, 0xA8, 0x12, 0x29, 0x12, 0x09, 0x0A, 0x2A,
    0x02, 0x09, 0x01, 0xE9, 0x12, 0x4A, 0x0A, 0x09, 0x09, 0x87, 0x01, 0xA7, 0x01, 0x67, 0x01, 0x87,
    0x01, 0x87, 0x01, 0xA8, 0x01, 0x87, 0x01, 0x67, 0x01, 0x26, 0x01, 0x46, 0x01, 0x87, 0x01, 0x87,
    0x01, 0xC8, 0x01, 0xA8, 0x01, 0x47, 0x09, 0xC8, 0x01, 0x46, 0x01, 0x27, 0x0A, 0x8B, 0x0A, 0x09,
    0x01, 0xEA, 0x02, 0xAC, 0x02, 0x0A, 0x12, 0xAC, 0x02, 0x0B, 0x01, 0x88, 0x01, 0xA8, 0x02, 0x2A,
    0x02, 0x6D, 0x13, 0x90, 0x14, 0x11, 0x1B, 0xF1, 0x0A, 0xCD, 0x1B, 0x0D, 0x73, 0xCA, 0x23, 0x8E,
    0x13, 0x4F, 0x13, 0x4F, 0x13, 0x90, 0x24, 0x11, 0x23, 0xB0, 0x2C, 0x11, 0x02, 0xAD, 0x02, 0xEE,
    0x03, 0x4F, 0x0B, 0x0E, 0x0A, 0xCE, 0x03, 0x2F, 0x3D, 0x35, 0x1C, 0xD5, 0x0C, 0x12, 0x0B, 0x90,
    0x00, 0xA5, 0x00, 0xC5, 0x00, 0xC5, 0x01, 0x26, 0x21, 0x66, 0x00, 0xE5, 0x01, 0x27, 0x09, 0xC8,
    0x01, 0x26, 0x00, 0xE6, 0x00, 0xE6, 0x01, 0x68, 0x11, 0xE8, 0x21, 0xA5, 0x08, 0xE3, 0x08, 0xC2,
    0x10, 0xA2, 0x00, 0xA3, 0x00, 0xE4, 0x09, 0x05, 0x00, 0xC5, 0x00, 0xA4, 0x01, 0x26, 0x01, 0x46,
    0x00, 0xE5, 0x01, 0x06, 0x01, 0x05, 0x01, 0x25, 0x01, 0x66, 0x01, 0x67, 0x01, 0x46, 0x02, 0x09,
    0x13, 0x8F, 0x0B, 0xF0, 0x03, 0x4F, 0x02, 0xED, 0x02, 0xED, 0x03, 0x0E, 0x03, 0x2F, 0x03, 0x0F,
    0x02, 0x6D, 0x01, 0xEB, 0x01, 0x47, 0x00, 0x84, 0x00, 0xE5, 0x00, 0xA4, 0x01, 0x26, 0x01, 0x47,
    0x01, 0x27, 0x01, 0x67, 0x09, 0x67, 0x01, 0x47, 0x01, 0x88, 0x01, 0xE9, 0x01, 0x68, 0x01, 0x27,
    0x01, 0x47, 0x00, 0xE5, 0x00, 0xA4, 0x00, 0xC5, 0x01, 0x26, 0x00, 0xA2, 0x88, 0x32, 0xF8, 0x1F,
    0xF8, 0x1F, 0xF8, 0x1F, 0xF8, 0x1F, 0xF8, 0x1F, 0xF8, 0x1F, 0xF8, 0x1F, 0xF8, 0x1F, 0xF8, 0x1F,
    0xF8, 0x1F, 0xF8, 0x1F, 0xF8, 0x1F, 0xF8, 0x1F, 0xF8, 0x1F, 0xF8, 0x1F, 0xF8, 0x1F, 0xF8, 0x1F,
    0xF8, 0x1F, 0xF8, 0x1F, 0xF8, 0x1F, 0xF8, 0x1F, 0xF8, 0x1F, 0xA1, 0x77, 0x0A, 0xCB, 0x00, 0xE7,
    0x01, 0x89, 0x0A, 0x0A, 0x09, 0xA8, 0x01, 0x23, 0x18, 0xA6, 0x98, 0x34, 0xF8, 0x1F, 0xF8, 0x1F,
    0xF8, 0x1F, 0xF8, 0x1F, 0xF8, 0x1F, 0xF8, 0x1F, 0xF8, 0x1F, 0xF8, 0x1F, 0xF8, 0x1F, 0xF8, 0x1F,
    0xF8, 0x1F, 0xF8, 0x1F, 0xF8, 0x1F, 0xF8, 0x1F, 0xA8, 0x36, 0x19, 0x07, 0x01, 0x66, 0x01, 0x26,
    0x01, 0x87, 0x0A, 0x49, 0x1A, 0x8A, 0x12, 0x09, 0x01, 0x67, 0x0A, 0x4A, 0x0A, 0x29, 0x01, 0x67,
    0x01, 0x46, 0x01, 0x46, 0x09, 0xA8, 0x01, 0xA8, 0x01, 0x67, 0x09, 0xA7, 0x09, 0xA7, 0x01, 0x87,
    0x01, 0x87, 0x01, 0xC8, 0x01, 0x88, 0x01, 0xA8, 0x01, 0x87, 0x01, 0x87, 0x01, 0xC8, 0x01, 0x88,
    0x01, 0xC8, 0x13, 0x0C, 0x23, 0x0C, 0x01, 0xA9, 0x02, 0xEE, 0x02, 0xEE, 0x1B, 0xD0, 0x34, 0x11,
    0x0B, 0x30, 0x0A, 0xEE, 0x02, 0x8D, 0x02, 0xEE, 0x0B, 0xD2, 0x34, 0xD4, 0x2C, 0x72, 0x0B, 0x90,
    0x0B, 0x50, 0x0B, 0x70, 0x13, 0x90, 0x0B, 0x2F, 0x2B, 0xF1, 0x44, 0x72, 0x23, 0xF1, 0x13, 0x0E,
    0x02, 0x4C, 0x0B, 0x2E, 0x0B, 0x0D, 0x02, 0xCD, 0x03, 0x0E, 0x03, 0x0E, 0x02, 0xAD, 0x0B, 0xB1,
    0x2C, 0xF4, 0x03, 0x50, 0x03, 0x0E, 0x02, 0xEE, 0x00, 0xE6, 0x00, 0xC6, 0x00, 0xE6, 0x01, 0x47,
    0x01, 0x26, 0x00, 0xC6, 0x01, 0x88, 0x01, 0x67, 0x00, 0x85, 0x00, 0xC6, 0x01, 0x06, 0x09, 0xC8,
    0x19, 0xE8, 0x19, 0x44, 0x08, 0xE2, 0x10, 0xC2, 0x00, 0xA3, 0x00, 0xE4, 0x01, 0x05, 0x00, 0xC5,
    0x00, 0xC5, 0x00, 0xE5, 0x01, 0x06, 0x01, 0x26, 0x01, 0x26, 0x01, 0x46, 0x00, 0xE5, 0x01, 0x47,
    0x01, 0x87, 0x01, 0xC8, 0x0A, 0x4A, 0x0A, 0x8B, 0x0A, 0xCC, 0x03, 0x0E, 0x02, 0xCD, 0x02, 0xED,
    0x02, 0xED, 0x02, 0xED, 0x02, 0xAD, 0x02, 0x8D, 0x09, 0xEA, 0x00, 0xC5, 0x00, 0xA4, 0x01, 0x26,
    0x01, 0x05, 0x01, 0x06, 0x01, 0x27, 0x01, 0x47, 0x01, 0x68, 0x01, 0x67, 0x01, 0x47, 0x01, 0x27,
    0x01, 0xA9, 0x01, 0xC8, 0x01, 0x06, 0x01, 0x46, 0x01, 0x26, 0x00, 0x84, 0x00, 0xE5, 0x01, 0x67,
    0x01, 0x67, 0x00, 0xE5, 0x00, 0x82, 0x90, 0x33, 0xF8, 0x1F, 0xF8, 0x1F, 0xF8, 0x1F, 0xF8, 0x1F,
    0xF8, 0x1F, 0xF8, 0x1F, 0xF8, 0x1F, 0xF8, 0x1F, 0xF8, 0x1F, 0xF8, 0x1F, 0xF8, 0x1F, 0xF8, 0x1F,
    0xF8, 0x1F, 0xF8, 0x1F, 0xF8, 0x1F, 0xF8, 0x1F, 0xF8, 0x1F, 0xF8, 0x1F, 0xF8, 0x1F, 0xF8, 0x1F,
    0xB1, 0x18, 0x12, 0xAB, 0x01, 0x07, 0x01, 0x89, 0x0A, 0xAC, 0x0A, 0x6B, 0x01, 0x88, 0x09, 0x26,
    0x08, 0xE2, 0x00, 0xA1, 0x28, 0x67, 0x90, 0x53, 0xE0, 0x1D, 0xF8, 0x1F, 0xF8, 0x1F, 0xF8, 0x1F,
    0xF8, 0x1F, 0xF8, 0x1F, 0xF8, 0x1F, 0xF8, 0x1F, 0xF8, 0x1F, 0xF0, 0x1E, 0xC0, 0x18, 0x58, 0x6D,
    0x01, 0x45, 0x01, 0xA7, 0x11, 0x66, 0x09, 0xA7, 0x0A, 0x09, 0x12, 0x4A, 0x09, 0xC8, 0x01, 0x26,
    0x0A, 0x09, 0x12, 0x4A, 0x01, 0x47, 0x01, 0x87, 0x01, 0x67, 0x01, 0x46, 0x09, 0xC8, 0x01, 0xC8,
    0x0A, 0x09, 0x01, 0x67, 0x01, 0x06, 0x01, 0x47, 0x19, 0xE8, 0x12, 0x08, 0x02, 0x09, 0x09, 0xC8,
    0x01, 0x05, 0x01, 0x67, 0x0A, 0x6A, 0x0A, 0xED, 0x0A, 0xCD, 0x1B, 0x2E, 0x12, 0x2A, 0x0A, 0xAD,
    0x1B, 0xF1, 0x13, 0x91, 0x1B, 0xF1, 0x0B, 0x90, 0x13, 0x90, 0x2C, 0x32, 0x1C, 0x12, 0x03, 0x90,
    0x13, 0x90, 0x0A, 0xCE, 0x0A, 0xCE, 0x03, 0x0F, 0x33, 0xAE, 0x33, 0x8E, 0x13, 0xB1, 0x2C, 0x32,
    0x34, 0x72, 0x0B, 0x4F, 0x0B, 0x90, 0x0A, 0xEE, 0x13, 0x0E, 0x02, 0xEE, 0x02, 0xCD, 0x02, 0x4B,
    0x02, 0xAD, 0x03, 0x0E, 0x02, 0xCE, 0x1C, 0x53, 0x2C, 0x31, 0x02, 0x4C, 0x02, 0xEE, 0x02, 0xEE,
    0x00, 0xE6, 0x00, 0xE6, 0x01, 0x06, 0x01, 0x87, 0x01, 0x06, 0x01, 0x06, 0x01, 0x47, 0x01, 0x06,
    0x00, 0xC5, 0x00, 0xC5, 0x01, 0x48, 0x01, 0xA8, 0x09, 0x86, 0x08, 0xA3, 0x00, 0xA2, 0x00, 0xE4,
    0x00, 0xE5, 0x00, 0xC4, 0x00, 0xA4, 0x00, 0x84, 0x00, 0xC5, 0x01, 0x06, 0x01, 0xA8, 0x01, 0x46,
    0x01, 0x05, 0x00, 0xE4, 0x00, 0xE5, 0x09, 0x87, 0x01, 0x46, 0x01, 0x66, 0x09, 0xC8, 0x0A, 0x4A,
    0x13, 0x0D, 0x13, 0x2E, 0x02, 0xAC, 0x02, 0xAC, 0x02, 0xCD, 0x02, 0xCD, 0x02, 0x6D, 0x02, 0x2C,
    0x01, 0x27, 0x00, 0x64, 0x00, 0xE5, 0x01, 0x26, 0x01, 0x26, 0x01, 0x67, 0x01, 0x68, 0x01, 0x27,
    0x01, 0x26, 0x01, 0x47, 0x01, 0x27, 0x01, 0x67, 0x01, 0x68, 0x01, 0x26, 0x01, 0x46, 0x00, 0xC5,
    0x00, 0xA4, 0x01, 0x26, 0x01, 0x67, 0x0A, 0x09, 0x01, 0xA8, 0x00, 0xE5, 0x00, 0xE5, 0x00, 0x82,
    0x70, 0x2F, 0xF8, 0x1F, 0xF8, 0x1F, 0xF8, 0x1F, 0xF8, 0x1F, 0xF8, 0x1F, 0xF8, 0x1F, 0xF8, 0x1F,
    0xF8, 0x1F, 0xF8, 0x1F, 0xF8, 0x1F, 0xF8, 0x1F, 0xF8, 0x1F, 0xF8, 0x1F, 0xF8, 0x1F, 0xF8, 0x1F,
    0xF8, 0x1F, 0xF8, 0x1F, 0xF8, 0x1F, 0x99, 0x14, 0x1B, 0x4C, 0x02, 0x0B, 0x01, 0x89, 0x02, 0xAC,
    0x02, 0x2A, 0x01, 0xA8, 0x01, 0x66, 0x01, 0x46, 0x11, 0xA7, 0x09, 0x25, 0x00, 0xC3, 0x00, 0xC2,
    0x10, 0x64, 0x50, 0x6C, 0x80, 0x51, 0xA0, 0x35, 0xB0, 0x36, 0xB0, 0x37, 0xA0, 0x34, 0x90, 0x33,
    0x70, 0x8F, 0x20, 0xC7, 0x00, 0xE4, 0x01, 0x44, 0x01, 0x26, 0x01, 0x87, 0x12, 0x08, 0x12, 0x08,
    0x01, 0x47, 0x01, 0x67, 0x01, 0xE9, 0x01, 0xE8, 0x02, 0x09, 0x01, 0xE9, 0x0A, 0x29, 0x0A, 0x4A,
    0x11, 0xA7, 0x09, 0x87, 0x01, 0x66, 0x01, 0x67, 0x01, 0xC8, 0x01, 0xC8, 0x12, 0xAC, 0x12, 0xCC,
    0x12, 0x4A, 0x0A, 0x2A, 0x01, 0xE9, 0x01, 0x67, 0x01, 0xC9, 0x0A, 0xAC, 0x0A, 0xCC, 0x0B, 0x6E,
    0x1B, 0x6E, 0x1A, 0xEC, 0x02, 0x2B, 0x13, 0x90, 0x13, 0x91, 0x34, 0x73, 0x13, 0xB0, 0x0B, 0x70,
    0x03, 0x2F, 0x0B, 0x4F, 0x0B, 0x90, 0x0B, 0x4F, 0x0B, 0x2F, 0x02, 0xEF, 0x03, 0x0F, 0x03, 0x2F,
    0x2B, 0xAF, 0x23, 0xB0, 0x2C, 0x53, 0x44, 0xB3, 0x0A, 0xEE, 0x02, 0x4C, 0x02, 0x8D, 0x02, 0xAD,
    0x02, 0xAD, 0x02, 0xAD, 0x24, 0x11, 0x34, 0x31, 0x02, 0xCD, 0x0B, 0x0F, 0x0B, 0xB1, 0x2C, 0x73,
    0x0A, 0xEE, 0x02, 0xAD, 0x02, 0x8D, 0x02, 0xEE, 0x01, 0x06, 0x01, 0x06, 0x01, 0x47, 0x01, 0x46,
    0x00, 0xE6, 0x01, 0x88, 0x01, 0x67, 0x00, 0xC6, 0x01, 0x06, 0x00, 0xE6, 0x01, 0xA9, 0x01, 0xC8,
    0x21, 0x64, 0x19, 0x03, 0x01, 0x25, 0x01, 0x26, 0x00, 0xC5, 0x00, 0xA5, 0x00, 0xE5, 0x00, 0xE6,
    0x01, 0x47, 0x09, 0xC9, 0x01, 0x67, 0x00, 0xE5, 0x00, 0xC4, 0x00, 0xC4, 0x00, 0xC4, 0x09, 0x66,
    0x00, 0xE4, 0x00, 0xE5, 0x01, 0x46, 0x00, 0xC4, 0x12, 0x2A, 0x12, 0xEC, 0x02, 0x4B, 0x02, 0x4B,
    0x02, 0xCD, 0x02, 0xCD, 0x02, 0x6D, 0x02, 0x0B, 0x01, 0x06, 0x01, 0x06, 0x01, 0x06, 0x00, 0xA5,
    0x00, 0xE6, 0x01, 0xC9, 0x01, 0x68, 0x01, 0x07, 0x09, 0x87, 0x11, 0x87, 0x00, 0xE6, 0x01, 0x47,
    0x01, 0x26, 0x01, 0x06, 0x01, 0x26, 0x00, 0xC5, 0x00, 0xC5, 0x00, 0xE5, 0x01, 0x46, 0x01, 0x87,
    0x01, 0x67, 0x01, 0x67, 0x01, 0x26, 0x01, 0x05, 0x00, 0x81, 0x30, 0x47, 0xB8, 0x37, 0xF8, 0x1F,
    0xF8, 0x1F, 0xF8, 0x1F, 0xF8, 0x1F, 0xF8, 0x1F, 0xF8, 0x1F, 0xF8, 0x1F, 0xF8, 0x1F, 0xF8, 0x1F,
    0xF8, 0x1F, 0xF8, 0x1F, 0xF8, 0x1F, 0xF8, 0x1F, 0xF8, 0x1F, 0xD8, 0x1B, 0x49, 0x2D, 0x1B, 0xAD,
    0x0A, 0x6C, 0x01, 0x6A, 0x02, 0xCD, 0x02, 0x4B, 0x01, 0xA8, 0x01, 0x26, 0x01, 0x47, 0x09, 0xA7,
    0x01, 0x67, 0x01, 0x26, 0x01, 0x67, 0x09, 0x87, 0x01, 0x04, 0x00, 0xE3, 0x00, 0xE2, 0x01, 0x03,
    0x00, 0xE3, 0x00, 0xC3, 0x00, 0xA2, 0x00, 0xE2, 0x01, 0x63, 0x01, 0x86, 0x01, 0x46, 0x00, 0xE6,
    0x11, 0xE9, 0x12, 0x29, 0x01, 0x87, 0x01, 0xA8, 0x01, 0xA8, 0x01, 0x46, 0x0A, 0x09, 0x01, 0xA8,
    0x01, 0x46, 0x01, 0x67, 0x01, 0x87, 0x01, 0x46, 0x01, 0x05, 0x01, 0x05, 0x01, 0xA8, 0x09, 0xE8,
    0x01, 0xA8, 0x0A, 0x8B, 0x1B, 0x4D, 0x23, 0x0C, 0x12, 0x8A, 0x0A, 0x09, 0x0A, 0x2A, 0x1A, 0xCB,
    0x23, 0x2D, 0x1B, 0x0D, 0x23, 0x6E, 0x12, 0xCB, 0x1A, 0x49, 0x01, 0xC9, 0x13, 0x8F, 0x1B, 0xD1,
    0x45, 0x15, 0x2C, 0x31, 0x13, 0x0E, 0x1B, 0x90, 0x13, 0x6F, 0x0B, 0x4F, 0x0B, 0x0E, 0x0A, 0xEE,
    0x03, 0x90, 0x03, 0xB0, 0x03, 0x90, 0x0B, 0x91, 0x0B, 0x90, 0x1B, 0xF2, 0x44, 0xB3, 0x23, 0xF1,
    0x0B, 0x0E, 0x02, 0xEE, 0x02, 0x4C, 0x02, 0x4C, 0x02, 0x8C, 0x02, 0x6C, 0x3C, 0x72, 0x2C, 0x31,
    0x03, 0x0F, 0x03, 0xB1, 0x2C, 0xB4, 0x23, 0xB0, 0x02, 0xEE, 0x02, 0xCD, 0x0B, 0x4F, 0x13, 0x90,
    0x00, 0xE5, 0x01, 0x06, 0x01, 0x47, 0x00, 0xE6, 0x01, 0x47, 0x01, 0xC9, 0x01, 0x47, 0x00, 0xE6,
    0x00, 0xC5, 0x01, 0x07, 0x01, 0xEA, 0x11, 0xE8, 0x21, 0x24, 0x09, 0x45, 0x01, 0x05, 0x00, 0x84,
    0x00, 0xC5, 0x01, 0x47, 0x01, 0x47, 0x01, 0x27, 0x01, 0x47, 0x01, 0x26, 0x00, 0xE6, 0x00, 0xE5,
    0x00, 0xE5, 0x00, 0xE4, 0x00, 0x84, 0x01, 0x05, 0x00, 0xE4, 0x01, 0x05, 0x09, 0x66, 0x01, 0x05,
    0x12, 0x29, 0x12, 0x6A, 0x01, 0xE9, 0x02, 0x0A, 0x02, 0x4B, 0x02, 0x2B, 0x02, 0xAD, 0x01, 0xEA,
    0x00, 0xA5, 0x01, 0x26, 0x01, 0x47, 0x01, 0x88, 0x02, 0x09, 0x01, 0xA9, 0x01, 0x47, 0x01, 0x68,
    0x01, 0xA9, 0x11, 0xA7, 0x11, 0x86, 0x01, 0x06, 0x00, 0xE6, 0x01, 0x46, 0x01, 0x06, 0x00, 0xC5,
    0x00, 0xE5, 0x01, 0x47, 0x01, 0x87, 0x01, 0x88, 0x01, 0x68, 0x01, 0xA9, 0x01, 0xA9, 0x01, 0x26,
    0x01, 0x26, 0x00, 0xE3, 0x00, 0xA2, 0x40, 0xAA, 0x98, 0x54, 0xD8, 0x1C, 0xF8, 0x1F, 0xF8, 0x1F,
    0xF8, 0x1F, 0xF8, 0x1F, 0xF8, 0x1F, 0xF8, 0x1F, 0xF8, 0x1F, 0xF8, 0x1F, 0xE8, 0x1D, 0xB0, 0x57,
    0x69, 0x0F, 0x2A, 0x6A, 0x02, 0x6A, 0x01, 0xCA, 0x01, 0x69, 0x02, 0x0B, 0x02, 0x2B, 0x0A, 0x4B,
    0x09, 0xA7, 0x01, 0x05, 0x01, 0x26, 0x01, 0x88, 0x0A, 0x09, 0x12, 0x08, 0x0A, 0x2A, 0x0A, 0x4A,
    0x0A, 0x0A, 0x12, 0x6A, 0x0A, 0x0A, 0x22, 0xAB, 0x0A, 0x09, 0x01, 0x26, 0x01, 0x46, 0x09, 0xA8,
    0x09, 0x67, 0x09, 0x46, 0x00, 0xC5, 0x11, 0xE9, 0x12, 0x6A, 0x01, 0x67, 0x01, 0x88, 0x0A, 0x49,
    0x09, 0x67, 0x01, 0x67, 0x0A, 0x4A, 0x0A, 0x29, 0x01, 0x46, 0x00, 0xE5, 0x01, 0x46, 0x01, 0x67,
    0x01, 0x27, 0x09, 0xE9, 0x09, 0xC8, 0x01, 0x67, 0x01, 0x67, 0x0A, 0x4A, 0x02, 0x09, 0x01, 0x06,
    0x01, 0xA8, 0x01, 0xE9, 0x09, 0xC9, 0x0A, 0x09, 0x09, 0xA8, 0x09, 0x05, 0x09, 0x87, 0x00, 0xE5,
    0x00, 0xE5, 0x02, 0xAC, 0x13, 0x70, 0x2C, 0x33, 0x34, 0xB3, 0x02, 0xAD, 0x02, 0x8D, 0x02, 0xAD,
    0x03, 0x0E, 0x02, 0xAD, 0x02, 0xCE, 0x0B, 0x2E, 0x0A, 0x09, 0x01, 0x47, 0x13, 0x4F, 0x1B, 0xD1,
    0x24, 0x32, 0x24, 0x73, 0x3C, 0xB3, 0x03, 0x30, 0x03, 0x0F, 0x03, 0x0E, 0x0A, 0xED, 0x0B, 0x2E,
    0x02, 0x8C, 0x13, 0x2F, 0x0B, 0x90, 0x02, 0x8E, 0x0B, 0xB1, 0x1C, 0x73, 0x1B, 0xF1, 0x0B, 0x0E,
    0x02, 0x4C, 0x02, 0x4C, 0x13, 0x2F, 0x2B, 0xF0, 0x00, 0xE5, 0x01, 0x27, 0x01, 0x06, 0x00, 0xC6,
    0x01, 0x67, 0x00, 0xE6, 0x00, 0xE6, 0x00, 0xC5, 0x00, 0xC6, 0x11, 0x67, 0x19, 0xE8, 0x09, 0x66,
    0x10, 0xE3, 0x01, 0x26, 0x00, 0xA4, 0x00, 0xA4, 0x01, 0x47, 0x01, 0x47, 0x01, 0x27, 0x00, 0xE5,
    0x01, 0x05, 0x00, 0xE5, 0x00, 0xE5, 0x01, 0x05, 0x01, 0x05, 0x01, 0x05, 0x00, 0xC4, 0x01, 0x05,
    0x01, 0x66, 0x01, 0x05, 0x09, 0x87, 0x09, 0xC8, 0x11, 0xC8, 0x0A, 0x29, 0x02, 0x0A, 0x01, 0xE9,
    0x02, 0x4B, 0x02, 0x8C, 0x02, 0xAD, 0x01, 0x89, 0x00, 0xE6, 0x01, 0x67, 0x01, 0x47, 0x01, 0xC9,
    0x01, 0xC9, 0x01, 0x68, 0x01, 0xA9, 0x01, 0xE9, 0x01, 0xA8, 0x11, 0x87, 0x21, 0xA6, 0x01, 0x06,
    0x00, 0xC5, 0x01, 0x26, 0x01, 0x26, 0x01, 0x06, 0x01, 0xA8, 0x01, 0xC8, 0x01, 0x87, 0x01, 0x88,
    0x01, 0xC9, 0x01, 0xE9, 0x01, 0xA8, 0x01, 0x68, 0x01, 0x67, 0x01, 0x26, 0x01, 0x05, 0x01, 0x23,
    0x00, 0xC2, 0x08, 0xA4, 0x31, 0x0B, 0x60, 0xF0, 0x80, 0xB3, 0x80, 0x92, 0x78, 0x92, 0x70, 0x91,
    0x68, 0xB0, 0x48, 0xCC, 0x19, 0x27, 0x0A, 0x28, 0x34, 0x2E, 0x1B, 0x2E, 0x01, 0x8A, 0x01, 0x48,
    0x01, 0xEA, 0x02, 0x2B, 0x01, 0xE9, 0x01, 0x46, 0x01, 0x26, 0x01, 0x47, 0x22, 0xEC, 0x12, 0x8B,
    0x1A, 0xAB, 0x09, 0xA8, 0x01, 0xE9, 0x0A, 0x2A, 0x12, 0xCC, 0x12, 0xCC, 0x0A, 0x0A, 0x0A, 0x29,
    0x09, 0xC8, 0x01, 0x06, 0x09, 0xC8, 0x09, 0xC8, 0x01, 0x06, 0x01, 0x46, 0x01, 0x87, 0x0A, 0x49,
    0x01, 0xA8, 0x0A, 0x09, 0x12, 0x6A, 0x01, 0xA8, 0x01, 0x67, 0x0A, 0x09, 0x0A, 0x4A, 0x02, 0x6B,
    0x02, 0x2A, 0x0A, 0x2A, 0x0A, 0xCC, 0x03, 0x0D, 0x13, 0x8F, 0x1B, 0x4E, 0x02, 0x2A, 0x1B, 0xAF,
    0x0B, 0x8F, 0x0B, 0x2E, 0x0B, 0x0E, 0x02, 0xAD, 0x02, 0xCD, 0x03, 0x0D, 0x2B, 0xF0, 0x2C, 0x11,
    0x1B, 0x6F, 0x22, 0xAB, 0x01, 0xE9, 0x02, 0x2B, 0x0A, 0xED, 0x13, 0xD0, 0x1C, 0x32, 0x2C, 0x52,
    0x03, 0x2F, 0x02, 0xED, 0x03, 0x0E, 0x02, 0x8D, 0x02, 0xAD, 0x02, 0xCE, 0x03, 0x4F, 0x03, 0x0E,
    0x00, 0xA5, 0x00, 0x03, 0x13, 0x2F, 0x24, 0x53, 0x4D, 0x56, 0x55, 0x96, 0x2C, 0x93, 0x03, 0xF2,
    0x0B, 0xD1, 0x03, 0x30, 0x03, 0x0F, 0x03, 0x2F, 0x0B, 0x90, 0x13, 0x90, 0x0B, 0xB1, 0x0B, 0xF2,
    0x1C, 0x73, 0x13, 0x90, 0x0A, 0xEE, 0x02, 0xCD, 0x1B, 0x4F, 0x12, 0x8C, 0x02, 0xAC, 0x02, 0x8C,
    0x01, 0x66, 0x01, 0x46, 0x00, 0xC5, 0x01, 0x87, 0x09, 0x67, 0x00, 0xC6, 0x00, 0xE6, 0x00, 0xE5,
    0x01, 0x06, 0x11, 0xA8, 0x19, 0xC7, 0x00, 0xE4, 0x00, 0xE5, 0x01, 0x46, 0x01, 0x05, 0x00, 0xE6,
    0x01, 0x67, 0x01, 0x47, 0x01, 0x05, 0x01, 0x05, 0x00, 0xE4, 0x00, 0xE5, 0x00, 0xE4, 0x00, 0xE5,
    0x00, 0xE4, 0x00, 0xC4, 0x00, 0x63, 0x00, 0xC4, 0x01, 0x46, 0x01, 0x05, 0x01, 0x46, 0x11, 0xC7,
    0x09, 0x67, 0x01, 0xA7, 0x01, 0xE8, 0x01, 0xE9, 0x02, 0x2A, 0x02, 0x6B, 0x02, 0xAD, 0x01, 0x48,
    0x00, 0xE6, 0x01, 0x47, 0x01, 0x68, 0x01, 0xA8, 0x01, 0x47, 0x01, 0xA9, 0x02, 0x4B, 0x12, 0x08,
    0x11, 0x66, 0x11, 0x86, 0x1A, 0x08, 0x01, 0x67, 0x01, 0x06, 0x01, 0x26, 0x00, 0xE5, 0x00, 0xE5,
    0x01, 0x67, 0x01, 0x26, 0x01, 0x67, 0x01, 0xC9, 0x01, 0xC9, 0x01, 0xEA, 0x01, 0xE9, 0x01, 0x67,
    0x01, 0x47, 0x01, 0xA8, 0x01, 0x67, 0x09, 0x46, 0x09, 0xA7, 0x02, 0xCC, 0x02, 0xCC, 0x02, 0x08,
    0x01, 0xC7, 0x01, 0xC7, 0x01, 0xE7, 0x01, 0xE7, 0x02, 0x48, 0x23, 0x4C, 0x3C, 0x51, 0x55, 0x34,
    0x44, 0xB3, 0x02, 0x2B, 0x01, 0x27, 0x01, 0xC9, 0x02, 0x0B, 0x02, 0x0A, 0x01, 0xA7, 0x01, 0x05,
    0x01, 0x06, 0x12, 0x6A, 0x12, 0x6A, 0x02, 0x2A, 0x02, 0x0A, 0x01, 0xC9, 0x01, 0xA8, 0x01, 0x67,
    0x01, 0x26, 0x01, 0x26, 0x01, 0x26, 0x01, 0x46, 0x01, 0x26, 0x01, 0x47, 0x09, 0xE8, 0x01, 0x66,
    0x01, 0x88, 0x12, 0x4A, 0x01, 0xC8, 0x01, 0xA8, 0x12, 0x2A, 0x09, 0xE9, 0x0A, 0x4A, 0x12, 0xED,
    0x23, 0x4D, 0x2B, 0x2D, 0x1B, 0x2E, 0x1B, 0x8F, 0x2B, 0xF0, 0x23, 0xF0, 0x24, 0x32, 0x34, 0xB3,
    0x3C, 0xD3, 0x24, 0x11, 0x13, 0x8F, 0x34, 0xD3, 0x1C, 0x92, 0x03, 0x0E, 0x1B, 0x6F, 0x13, 0x90,
    0x0A, 0xEE, 0x02, 0x8C, 0x02, 0x6C, 0x0B, 0x0E, 0x03, 0x0E, 0x02, 0xAD, 0x1B, 0x90, 0x2C, 0x73,
    0x34, 0x93, 0x1C, 0x32, 0x13, 0xB0, 0x02, 0xEE, 0x02, 0xCD, 0x02, 0xCE, 0x0B, 0x91, 0x1C, 0x12,
    0x03, 0xF1, 0x03, 0x90, 0x03, 0x2F, 0x03, 0x50, 0x13, 0x4F, 0x1B, 0x70, 0x3D, 0x15, 0x45, 0x15,
    0x24, 0x73, 0x1C, 0x33, 0x03, 0xD2, 0x0C, 0x32, 0x14, 0x94, 0x14, 0x74, 0x13, 0xF2, 0x03, 0xD2,
    0x1C, 0x94, 0x0C, 0x33, 0x04, 0x32, 0x0B, 0xD1, 0x02, 0xEE, 0x02, 0x4C, 0x0B, 0x0E, 0x0A, 0x8C,
    0x1A, 0xCD, 0x0A, 0x8C, 0x0A, 0x6C, 0x02, 0x4C, 0x11, 0x86, 0x00, 0xC5, 0x00, 0xE6, 0x01, 0x88,
    0x01, 0x06, 0x00, 0xE6, 0x00, 0xE6, 0x00, 0xA5, 0x01, 0x47, 0x01, 0xE9, 0x01, 0x87, 0x08, 0xE4,
    0x01, 0x46, 0x09, 0x26, 0x01, 0x05, 0x01, 0x27, 0x01, 0xA8, 0x01, 0x26, 0x00, 0xE5, 0x01, 0x06,
    0x00, 0xE4, 0x00, 0xA3, 0x00, 0xC4, 0x00, 0xC4, 0x00, 0xA3, 0x00, 0xC4, 0x00, 0xA4, 0x00, 0xC4,
    0x01, 0x05, 0x01, 0x26, 0x01, 0x66, 0x11, 0xE8, 0x11, 0xC7, 0x01, 0x67, 0x01, 0x47, 0x01, 0x26,
    0x01, 0x67, 0x02, 0x2A, 0x02, 0xAC, 0x01, 0x48, 0x01, 0x06, 0x01, 0x47, 0x01, 0xA9, 0x01, 0xE9,
    0x01, 0x68, 0x01, 0xE9, 0x01, 0xA9, 0x01, 0x88, 0x01, 0x06, 0x01, 0x26, 0x01, 0x68, 0x01, 0x67,
    0x01, 0x47, 0x01, 0x26, 0x01, 0x06, 0x01, 0x27, 0x01, 0x87, 0x01, 0x87, 0x01, 0xE9, 0x02, 0x0A,
    0x01, 0xA9, 0x01, 0xEA, 0x01, 0xE9, 0x01, 0x47, 0x01, 0x67, 0x01, 0xC8, 0x01, 0xA8, 0x01, 0x89,
    0x03, 0xD2, 0x04, 0x55, 0x03, 0x92, 0x02, 0xF0, 0x03, 0x10, 0x0B, 0x50, 0x0B, 0x30, 0x24, 0x32,
    0x4D, 0x15, 0x3C, 0x94, 0x55, 0x14, 0x34, 0x10, 0x02, 0x6C, 0x01, 0x69, 0x01, 0x68, 0x01, 0xC9,
    0x01, 0xEA, 0x0A, 0x4A, 0x01, 0x88, 0x09, 0x47, 0x12, 0x09, 0x12, 0x6A, 0x01, 0xC9, 0x02, 0x8B,
    0x0A, 0x4A, 0x01, 0xA8, 0x01, 0x67, 0x01, 0x46, 0x09, 0x26, 0x01, 0x46, 0x01, 0x46, 0x01, 0x26,
    0x01, 0x67, 0x01, 0x87, 0x01, 0x46, 0x01, 0x88, 0x12, 0x8B, 0x0A, 0x09, 0x01, 0xA8, 0x1A, 0xCC,
    0x2B, 0xAE, 0x0A, 0x4A, 0x0A, 0xED, 0x24, 0x31, 0x1B, 0xD0, 0x0A, 0xCD, 0x02, 0x2A, 0x02, 0x0A,
    0x02, 0x6D, 0x0B, 0xF2, 0x55, 0xD7, 0x44, 0xD3, 0x13, 0xB0, 0x03, 0x4F, 0x02, 0xAD, 0x02, 0xEE,
    0x03, 0x0E, 0x13, 0x70, 0x1B, 0x90, 0x1B, 0xD1, 0x13, 0x4F, 0x0A, 0xED, 0x02, 0xAC, 0x03, 0x2E,
    0x02, 0xAD, 0x1B, 0xF1, 0x2C, 0x93, 0x1C, 0x12, 0x03, 0x4F, 0x03, 0x0F, 0x02, 0xEF, 0x03, 0x0E,
    0x02, 0xAD, 0x03, 0x0F, 0x2C, 0x73, 0x1C, 0x53, 0x14, 0x73, 0x2C, 0xB4, 0x1C, 0x33, 0x14, 0x52,
    0x2C, 0xB4, 0x2C, 0x93, 0x24, 0x32, 0x13, 0x4F, 0x02, 0xCE, 0x02, 0xEE, 0x03, 0x0F, 0x03, 0x0F,
    0x03, 0x70, 0x0C, 0x73, 0x1C, 0x94, 0x0C, 0x94, 0x24, 0xB4, 0x14, 0x12, 0x03, 0x2F, 0x0A, 0xCE,
    0x0A, 0xEE, 0x02, 0xCD, 0x12, 0xCD, 0x02, 0x2B, 0x0A, 0x6C, 0x0A, 0xCD, 0x02, 0x8D, 0x0B, 0x0E,
    0x00, 0xE5, 0x00, 0xA5, 0x01, 0x47, 0x09, 0x67, 0x00, 0xC6, 0x00, 0xE6, 0x00, 0xE6, 0x09, 0x06,
    0x09, 0x87, 0x09, 0xC8, 0x09, 0x45, 0x08, 0xE4, 0x01, 0x05, 0x00, 0xE6, 0x01, 0x06, 0x01, 0x27,
    0x01, 0x67, 0x00, 0xE5, 0x00, 0xE5, 0x00, 0xE5, 0x00, 0xA3, 0x00, 0x42, 0x00, 0xA3, 0x00, 0xA3,
    0x00, 0x62, 0x08, 0xC3, 0x09, 0x04, 0x00, 0x83, 0x00, 0xC4, 0x01, 0x04, 0x09, 0x66, 0x11, 0xC7,
    0x11, 0xE8, 0x09, 0xE8, 0x01, 0x88, 0x01, 0x67, 0x01, 0x27, 0x02, 0x0B, 0x02, 0x8C, 0x01, 0x48,
    0x01, 0x27, 0x01, 0x67, 0x01, 0xA9, 0x01, 0xEA, 0x01, 0xC9, 0x01, 0xA8, 0x01, 0x88, 0x01, 0x47,
    0x00, 0xC5, 0x00, 0xA5, 0x01, 0x67, 0x01, 0x87, 0x01, 0x26, 0x01, 0x05, 0x01, 0x67, 0x01, 0xE9,
    0x02, 0x09, 0x01, 0xE9, 0x13, 0x2E, 0x02, 0x6C, 0x01, 0xCA, 0x02, 0x2A, 0x01, 0xA9, 0x01, 0xA8,
    0x01, 0xE9, 0x12, 0x4A, 0x01, 0xC8, 0x03, 0x30, 0x04, 0xD7, 0x03, 0xF4, 0x03, 0x52, 0x03, 0xB2,
    0x03, 0xD2, 0x03, 0x90, 0x0B, 0xD1, 0x66, 0x18, 0x76, 0x58, 0x4D, 0x35, 0x34, 0x31, 0x0A, 0x8C,
    0x01, 0x68, 0x01, 0x48, 0x01, 0xA9, 0x02, 0x0A, 0x01, 0xE9, 0x09, 0xE8, 0x01, 0x87, 0x09, 0xE9,
    0x1A, 0xAB, 0x01, 0xC9, 0x02, 0x0A, 0x02, 0x09, 0x01, 0x26, 0x01, 0x26, 0x01, 0x87, 0x09, 0xC8,
    0x0A, 0x09, 0x09, 0xE8, 0x12, 0x2A, 0x12, 0x09, 0x01, 0x46, 0x01, 0x46, 0x01, 0x67, 0x12, 0xCC,
    0x0A, 0x4A, 0x01, 0xE9, 0x0A, 0x6B, 0x1A, 0xEC, 0x12, 0x4A, 0x01, 0xEA, 0x12, 0xED, 0x13, 0x8F,
    0x02, 0xAD, 0x02, 0x6D, 0x03, 0x0F, 0x0B, 0x4F, 0x2C, 0xB3, 0x55, 0xD6, 0x34, 0xF4, 0x03, 0x90,
    0x0B, 0x6F, 0x13, 0x8F, 0x03, 0x0E, 0x13, 0xF1, 0x1C, 0x11, 0x3C, 0x93, 0x03, 0x2F, 0x03, 0x50,
    0x0B, 0x4F, 0x02, 0xEE, 0x02, 0xED, 0x02, 0xAE, 0x0B, 0x50, 0x2C, 0x73, 0x13, 0xF1, 0x03, 0xB1,
    0x02, 0xEF, 0x02, 0xCE, 0x03, 0x2F, 0x02, 0xCD, 0x02, 0xEE, 0x1C, 0x33, 0x3C, 0xF5, 0x24, 0xB4,
    0x34, 0xD4, 0x34, 0xB4, 0x2C, 0x52, 0x2C, 0x52, 0x0B, 0xD1, 0x03, 0x70, 0x0A, 0xAD, 0x0A, 0xAD,
    0x0A, 0xCE, 0x0A, 0xAD, 0x02, 0xCD, 0x0A, 0xEE, 0x02, 0xEE, 0x02, 0xCE, 0x03, 0x4F, 0x0B, 0x4F,
    0x03, 0x2F, 0x02, 0xAE, 0x02, 0x2C, 0x13, 0x0E, 0x0A, 0xEE, 0x02, 0x6C, 0x02, 0x2B, 0x1B, 0x2E,
    0x1B, 0x0E, 0x02, 0x8D, 0x02, 0xAD, 0x1B, 0x6F, 0x00, 0xA5, 0x00, 0xE6, 0x09, 0xA8, 0x09, 0x26,
    0x00, 0xC5, 0x01, 0x27, 0x01, 0x88, 0x11, 0xC8, 0x09, 0xA8, 0x09, 0xA8, 0x11, 0x24, 0x09, 0x04,
    0x01, 0x46, 0x01, 0x06, 0x01, 0x47, 0x01, 0xA8, 0x01, 0x47, 0x00, 0xE5, 0x00, 0xC4, 0x00, 0x83,
    0x00, 0x62, 0x00, 0x63, 0x00, 0xA3, 0x00, 0x62, 0x00, 0x42, 0x00, 0x62, 0x00, 0xA3, 0x00, 0xA3,
    0x00, 0xC4, 0x00, 0xC4, 0x00, 0xE4, 0x01, 0x26, 0x11, 0xA7, 0x09, 0xC8, 0x02, 0x09, 0x02, 0x6B,
    0x0B, 0x0E, 0x02, 0xEE, 0x02, 0x6C, 0x01, 0x48, 0x01, 0x47, 0x09, 0x67, 0x01, 0x89, 0x01, 0xC9,
    0x01, 0x88, 0x01, 0x68, 0x01, 0xA8, 0x01, 0x06, 0x00, 0xC5, 0x01, 0x47, 0x01, 0xA8, 0x01, 0x47,
    0x01, 0x26, 0x00, 0xC5, 0x01, 0xA8, 0x01, 0xC8, 0x01, 0xE9, 0x02, 0x0A, 0x2C, 0x10, 0x12, 0xCD,
    0x02, 0x0B, 0x02, 0x2A, 0x01, 0xC8, 0x01, 0xC8, 0x01, 0x88, 0x09, 0xC8, 0x02, 0x4C, 0x04, 0x75,
    0x03, 0xF4, 0x03, 0x51, 0x03, 0xB2, 0x03, 0xB2, 0x03, 0x91, 0x03, 0xB1, 0x2C, 0xB4, 0x5D, 0x96,
    0x5D, 0x96, 0x4C, 0xD3, 0x1B, 0x2E, 0x01, 0xEA, 0x01, 0xA9, 0x01, 0xA8, 0x09, 0xC9, 0x01, 0xE9,
    0x09, 0xE9, 0x01, 0x06, 0x01, 0x26, 0x12, 0x6B, 0x12, 0xCC, 0x02, 0x4B, 0x02, 0x09, 0x01, 0x06,
    0x01, 0x26, 0x01, 0x87, 0x09, 0xE9, 0x12, 0x2A, 0x12, 0x6B, 0x22, 0xEC, 0x0A, 0x29, 0x01, 0x67,
    0x01, 0xA7, 0x01, 0xC8, 0x1A, 0xCC, 0x12, 0xAB, 0x01, 0xE9, 0x02, 0x4A, 0x02, 0xAC, 0x0B, 0x2D,
    0x0A, 0x8C, 0x1B, 0x6F, 0x13, 0x6E, 0x02, 0xCD, 0x02, 0x0B, 0x14, 0x52, 0x55, 0xF7, 0x55, 0xD6,
    0x34, 0x72, 0x0A, 0xCD, 0x02, 0xAD, 0x0A, 0x4B, 0x0A, 0x8D, 0x02, 0xEE, 0x02, 0xCE, 0x02, 0xEF,
    0x1B, 0xF2, 0x1B, 0xD1, 0x03, 0x2F, 0x03, 0x2F, 0x02, 0xEE, 0x02, 0xEE, 0x02, 0xEE, 0x02, 0xAE,
    0x0A, 0xCE, 0x0B, 0xB0, 0x23, 0x4E, 0x13, 0xD0, 0x03, 0x4F, 0x02, 0xAD, 0x0A, 0xCD, 0x02, 0xAD,
    0x03, 0x70, 0x1C, 0x94, 0x34, 0xF5, 0x14, 0x33, 0x0B, 0xB0, 0x03, 0x2F, 0x13, 0x90, 0x13, 0x4F,
    0x02, 0x6C, 0x0A, 0xCE, 0x02, 0xAD, 0x02, 0xCD, 0x13, 0x4F, 0x13, 0x4F, 0x02, 0xCE, 0x2A, 0xCB,
    0x1B, 0x0D, 0x03, 0x2F, 0x0B, 0x0E, 0x0A, 0x4C, 0x02, 0xAE, 0x02, 0x6D, 0x02, 0xAD, 0x13, 0x0D,
    0x0A, 0xAC, 0x02, 0x2B, 0x0A, 0xCD, 0x12, 0xAC, 0x02, 0x2B, 0x0B, 0x2E, 0x02, 0xCD, 0x02, 0x2B,
    0x00, 0xC5, 0x01, 0x47, 0x01, 0x27, 0x00, 0xE6, 0x01, 0x06, 0x01, 0x47, 0x12, 0x2A, 0x01, 0xE9,
    0x09, 0xE9, 0x29, 0xA5, 0x10, 0xE3, 0x00, 0xE4, 0x01, 0x06, 0x01, 0x27, 0x01, 0xE9, 0x01, 0xC8,
    0x01, 0x27, 0x01, 0x05, 0x00, 0xA4, 0x00, 0x83, 0x00, 0x83, 0x00, 0x83, 0x00, 0x82, 0x00, 0x42,
    0x00, 0x42, 0x00, 0x62, 0x00, 0x63, 0x00, 0xC3, 0x00, 0xC3, 0x00, 0xE4, 0x01, 0x05, 0x09, 0x87,
    0x01, 0xE9, 0x02, 0x6B, 0x02, 0x0A, 0x02, 0xAD, 0x0B, 0x6F, 0x02, 0xCE, 0x02, 0x0B, 0x01, 0x47,
    0x09, 0x66, 0x09, 0x47, 0x01, 0xC9, 0x02, 0x09, 0x09, 0x47, 0x01, 0x47, 0x01, 0xA8, 0x00, 0xE6,
    0x01, 0x68, 0x01, 0x87, 0x01, 0x67, 0x01, 0x46, 0x00, 0xC5, 0x00, 0xE6, 0x01, 0xA8, 0x02, 0x2A,
    0x02, 0x09, 0x01, 0xE9, 0x0A, 0xAC, 0x02, 0x8C, 0x02, 0x2B, 0x01, 0xC9, 0x02, 0x09, 0x09, 0xE8,
    0x00, 0xE5, 0x01, 0x26, 0x03, 0xB2, 0x04, 0x75, 0x03, 0x11, 0x03, 0x30, 0x03, 0xB1, 0x03, 0x71,
    0x03, 0xD1, 0x24, 0x53, 0x4D, 0x35, 0x5D, 0xB7, 0x65, 0xB6, 0x23, 0xD0, 0x02, 0x0B, 0x01, 0xA9,
    0x01, 0x89, 0x01, 0xE9, 0x01, 0xC9, 0x01, 0xA9, 0x09, 0x88, 0x01, 0x06, 0x12, 0x2A, 0x12, 0x8C,
    0x1B, 0x0E, 0x12, 0xCD, 0x01, 0xA9, 0x09, 0xA8, 0x12, 0x09, 0x09, 0xE8, 0x11, 0xE9, 0x09, 0xC8,
    0x09, 0xE8, 0x09, 0x87, 0x01, 0x05, 0x00, 0xE5, 0x01, 0x46, 0x12, 0xAB, 0x1A, 0xCC, 0x01, 0xA9,
    0x02, 0x4B, 0x02, 0x8B, 0x0A, 0xCC, 0x02, 0x2A, 0x02, 0xAD, 0x1B, 0xF1, 0x03, 0x2F, 0x02, 0xAD,
    0x03, 0x4F, 0x56, 0x17, 0x55, 0x95, 0x02, 0x6C, 0x02, 0xAD, 0x02, 0xEE, 0x12, 0xAC, 0x0A, 0xAD,
    0x02, 0x6C, 0x02, 0x6C, 0x02, 0xEE, 0x03, 0x30, 0x34, 0xB3, 0x0B, 0xF2, 0x03, 0xF2, 0x03, 0x0E,
    0x02, 0xCE, 0x02, 0xEE, 0x02, 0xAE, 0x02, 0xAE, 0x0B, 0x0E, 0x1C, 0x11, 0x23, 0xAF, 0x0B, 0x0E,
    0x02, 0xAD, 0x02, 0xCE, 0x02, 0x6D, 0x02, 0xAE, 0x0C, 0x12, 0x14, 0x32, 0x0B, 0x2F, 0x02, 0x8D,
    0x02, 0x4C, 0x02, 0x4C, 0x0B, 0x0E, 0x02, 0x6C, 0x02, 0x4C, 0x02, 0xEE, 0x02, 0x8D, 0x02, 0xAD,
    0x02, 0xCD, 0x02, 0xEE, 0x13, 0x0E, 0x0A, 0x2A, 0x0A, 0x6C, 0x02, 0xCD, 0x02, 0xEE, 0x02, 0xAD,
    0x02, 0x8C, 0x02, 0xCD, 0x02, 0x4B, 0x02, 0x2B, 0x02, 0x0A, 0x01, 0xEA, 0x0A, 0xAC, 0x02, 0x0C,
    0x1B, 0x8F, 0x0B, 0x4F, 0x02, 0x6C, 0x02, 0x6C, 0x00, 0xE6, 0x01, 0x47, 0x00, 0xC5, 0x00, 0xC6,
    0x01, 0x27, 0x09, 0xE9, 0x0A, 0x2A, 0x01, 0x88, 0x11, 0x86, 0x10, 0xE3, 0x00, 0xC3, 0x00, 0xE5,
    0x09, 0x46, 0x01, 0x46, 0x12, 0x8B, 0x12, 0x2A, 0x01, 0x27, 0x01, 0x05, 0x00, 0x83, 0x00, 0x62,
    0x00, 0xA3, 0x00, 0x62, 0x00, 0x62, 0x00, 0x41, 0x00, 0x42, 0x00, 0x83, 0x00, 0x42, 0x00, 0x83,
    0x00, 0xA3, 0x00, 0xC3, 0x00, 0xE4, 0x01, 0x87, 0x0A, 0xCC, 0x0B, 0x2D, 0x02, 0x4C, 0x02, 0xEE,
    0x03, 0x2F, 0x02, 0xAE, 0x01, 0xCA, 0x01, 0x68, 0x01, 0x47, 0x01, 0x47, 0x01, 0x88, 0x01, 0x48,
    0x01, 0x47, 0x01, 0x27, 0x01, 0x67, 0x01, 0x67, 0x01, 0xA8, 0x01, 0x27, 0x00, 0xE6, 0x00, 0xE5,
    0x01, 0x06, 0x01, 0x67, 0x0A, 0x6B, 0x0A, 0xAB, 0x02, 0x8C, 0x0A, 0xAB, 0x02, 0x0A, 0x02, 0x2C,
    0x02, 0x8B, 0x01, 0xC9, 0x01, 0xE9, 0x01, 0x66, 0x00, 0xE5, 0x02, 0x0B, 0x04, 0x55, 0x03, 0x52,
    0x03, 0x30, 0x03, 0xD2, 0x03, 0x91, 0x03, 0x70, 0x14, 0x12, 0x44, 0xF5, 0x55, 0x96, 0x6E, 0x18,
    0x6D, 0xB6, 0x0B, 0x4F, 0x02, 0x0A, 0x01, 0xA9, 0x01, 0xC9, 0x02, 0x08, 0x01, 0xC8, 0x02, 0x49,
    0x01, 0xA5, 0x00, 0xE3, 0x02, 0x07, 0x0B, 0xEE, 0x24, 0x6F, 0x13, 0x0B, 0x01, 0xA7, 0x01, 0xC7,
    0x01, 0xC7, 0x09, 0xC8, 0x01, 0x66, 0x00, 0xE5, 0x01, 0x06, 0x01, 0x05, 0x01, 0x26, 0x11, 0x87,
    0x09, 0x67, 0x0A, 0x8C, 0x13, 0x0D, 0x0B, 0x2D, 0x02, 0xEC, 0x02, 0x6A, 0x01, 0xE9, 0x01, 0xA9,
    0x0A, 0xEE, 0x24, 0x52, 0x24, 0x11, 0x1C, 0x32, 0x35, 0x55, 0x2C, 0xF4, 0x03, 0x70, 0x0B, 0x2F,
    0x1C, 0x32, 0x13, 0x90, 0x0A, 0xEE, 0x0A, 0xEE, 0x02, 0x4C, 0x02, 0x8D, 0x02, 0xAE, 0x1B, 0xD1,
    0x23, 0x90, 0x13, 0xB1, 0x24, 0x52, 0x02, 0xEF, 0x0B, 0x4F, 0x02, 0xAE, 0x02, 0xCE, 0x13, 0x90,
    0x1B, 0xD0, 0x0B, 0x2F, 0x02, 0x8D, 0x02, 0xEE, 0x02, 0xEE, 0x02, 0xEE, 0x02, 0xEE, 0x03, 0x4F,
    0x1B, 0xF2, 0x24, 0x52, 0x02, 0x6C, 0x0A, 0x6C, 0x0B, 0x0E, 0x02, 0x4C, 0x02, 0x6D, 0x02, 0x8D,
    0x02, 0xAD, 0x02, 0x8C, 0x02, 0x8C, 0x02, 0xAD, 0x02, 0x8C, 0x02, 0x4C, 0x02, 0x4B, 0x0A, 0x6C,
    0x02, 0x0A, 0x02, 0x2B, 0x02, 0xAC, 0x02, 0x4B, 0x01, 0xCA, 0x01, 0xEA, 0x02, 0x0A, 0x02, 0x0A,
    0x01, 0xCA, 0x02, 0x8C, 0x02, 0xCD, 0x02, 0xEE, 0x13, 0x4E, 0x02, 0x6C, 0x02, 0x4C, 0x02, 0xEE,
    0x01, 0x06, 0x01, 0x06, 0x00, 0xC5, 0x00, 0xC5, 0x01, 0x68, 0x12, 0x6A, 0x01, 0x88, 0x01, 0x87,
    0x11, 0x24, 0x08, 0xC2, 0x00, 0xC4, 0x00, 0xE5, 0x09, 0x05, 0x01, 0x06, 0x1A, 0xCC, 0x12, 0x6A,
    0x01, 0x88, 0x01, 0x66, 0x00, 0xA3, 0x00, 0x83, 0x00, 0xA3, 0x00, 0x42, 0x00, 0x42, 0x00, 0x21,
    0x00, 0x22, 0x00, 0xE4, 0x01, 0x25, 0x00, 0xA4, 0x00, 0x83, 0x00, 0x83, 0x00, 0x83, 0x01, 0x67,
    0x0B, 0x0D, 0x03, 0x2E, 0x03, 0x0F, 0x03, 0x70, 0x02, 0xEF, 0x02, 0x6D, 0x01, 0x89, 0x01, 0x68,
    0x01, 0x47, 0x01, 0x67, 0x01, 0x68, 0x01, 0x67, 0x01, 0x06, 0x00, 0xE6, 0x01, 0x67, 0x01, 0x88,
    0x01, 0xA9, 0x01, 0xC8, 0x00, 0xC5, 0x00, 0xC5, 0x01, 0x06, 0x01, 0x88, 0x0A, 0x8C, 0x02, 0x4B,
    0x12, 0xED, 0x23, 0x4D, 0x02, 0x0B, 0x02, 0x6C, 0x02, 0x0A, 0x01, 0xA9, 0x0A, 0x09, 0x01, 0x05,
    0x01, 0xA9, 0x03, 0xF3, 0x03, 0xD3, 0x03, 0x51, 0x04, 0x12, 0x03, 0x91, 0x03, 0xB1, 0x1C, 0x12,
    0x3C, 0x93, 0x55, 0x36, 0x6E, 0x18, 0x76, 0x78, 0x2C, 0xF2, 0x02, 0xAB, 0x01, 0x88, 0x09, 0xAA,
    0x21, 0xCC, 0x39, 0x6E, 0x51, 0x51, 0x69, 0xB4, 0x70, 0xF2, 0x78, 0x71, 0x80, 0xF4, 0x8A, 0x17,
    0x8A, 0x36, 0x69, 0x33, 0x58, 0xF0, 0x40, 0xED, 0x29, 0x8B, 0x11, 0x68, 0x01, 0x26, 0x00, 0xC4,
    0x01, 0xC6, 0x02, 0x08, 0x13, 0x4D, 0x12, 0xAC, 0x02, 0x2B, 0x13, 0x2D, 0x1B, 0x6E, 0x02, 0x4A,
    0x01, 0xA9, 0x01, 0xC8, 0x02, 0x2A, 0x02, 0x8D, 0x03, 0x70, 0x13, 0x70, 0x1B, 0xF1, 0x55, 0xF7,
    0x5E, 0x58, 0x14, 0x32, 0x0B, 0x91, 0x3D, 0x14, 0x2C, 0xB3, 0x1B, 0xF1, 0x0B, 0x2F, 0x0A, 0xEE,
    0x02, 0xAD, 0x02, 0xAD, 0x02, 0x8D, 0x0B, 0x2E, 0x02, 0x8D, 0x0B, 0x50, 0x2C, 0x72, 0x03, 0x0E,
    0x02, 0x0B, 0x02, 0xCE, 0x03, 0x4F, 0x1B, 0xD0, 0x1B, 0xB0, 0x0B, 0x0E, 0x02, 0xCD, 0x02, 0xAD,
    0x03, 0x2F, 0x02, 0xEE, 0x02, 0xCE, 0x1B, 0xD1, 0x24, 0x53, 0x24, 0x12, 0x02, 0x8D, 0x1B, 0x90,
    0x0A, 0xAD, 0x02, 0x8D, 0x02, 0xCD, 0x02, 0xAD, 0x02, 0xAD, 0x02, 0x8D, 0x0A, 0xAC, 0x02, 0x0B,
    0x02, 0x4B, 0x02, 0x4C, 0x12, 0xAC, 0x0A, 0x4B, 0x01, 0xEA, 0x01, 0xEA, 0x0A, 0x2B, 0x02, 0x2B,
    0x2B, 0x4D, 0x12, 0xCC, 0x02, 0x8C, 0x02, 0x6C, 0x02, 0x4C, 0x02, 0xEE, 0x02, 0xEE, 0x02, 0xCD,
    0x02, 0x6C, 0x02, 0xCE, 0x02, 0xEE, 0x0A, 0xCC, 0x01, 0x06, 0x00, 0xA4, 0x00, 0xC6, 0x00, 0xE6,
    0x09, 0xC9, 0x09, 0xC8, 0x01, 0x68, 0x01, 0x65, 0x08, 0xE2, 0x10, 0xC2, 0x00, 0xC4, 0x00, 0xE5,
    0x01, 0x06, 0x01, 0xA8, 0x12, 0x29, 0x02, 0x0B, 0x02, 0x6B, 0x01, 0x67, 0x00, 0xE5, 0x00, 0xA4,
    0x00, 0xA3, 0x00, 0x62, 0x00, 0x42, 0x00, 0xA4, 0x01, 0x46, 0x01, 0x67, 0x09, 0xA8, 0x01, 0x46,
    0x00, 0xC4, 0x00, 0xC4, 0x00, 0xA4, 0x01, 0xA8, 0x0B, 0x2D, 0x03, 0x90, 0x03, 0xB0, 0x02, 0xEE,
    0x02, 0xAE, 0x02, 0x0C, 0x11, 0x87, 0x01, 0x47, 0x01, 0x26, 0x01, 0x47, 0x01, 0x88, 0x01, 0x87,
    0x01, 0x26, 0x01, 0x06, 0x00, 0xE5, 0x01, 0x26, 0x01, 0xA8, 0x01, 0x67, 0x00, 0xC5, 0x00, 0xE5,
    0x01, 0x47, 0x01, 0xE9, 0x12, 0x8C, 0x0A, 0xCC, 0x1B, 0x2E, 0x0A, 0x6C, 0x02, 0x2C, 0x0A, 0xED,
    0x01, 0xC9, 0x01, 0xA8, 0x01, 0x87, 0x01, 0x05, 0x03, 0x0F, 0x04, 0x34, 0x03, 0x11, 0x03, 0xB1,
    0x03, 0xB1, 0x03, 0x70, 0x0B, 0x50, 0x24, 0x12, 0x24, 0x92, 0x4D, 0xF6, 0x76, 0x38, 0x84, 0xF8,
    0x7A, 0x17, 0x98, 0xD7, 0xC0, 0x59, 0xE0, 0x3D, 0xF0, 0x1F, 0xF8, 0x1F, 0xF8, 0x1F, 0xF8, 0x1F,
    0xF8, 0x1F, 0xF8, 0x1F, 0xF8, 0x1F, 0xF8, 0x1F, 0xF8, 0x1F, 0xF8, 0x1F, 0xF8, 0x1F, 0xF8, 0x1F,
    0xF8, 0x1F, 0xE8, 0x3E, 0xC8, 0x5A, 0xA0, 0x96, 0x79, 0x13, 0x42, 0x71, 0x2B, 0xF0, 0x02, 0xCA,
    0x02, 0xEB, 0x0A, 0x4A, 0x01, 0x67, 0x01, 0x47, 0x01, 0xA7, 0x0A, 0x2A, 0x0B, 0x2E, 0x03, 0x2F,
    0x03, 0x90, 0x0B, 0xB0, 0x03, 0x30, 0x2D, 0x35, 0x66, 0x38, 0x45, 0x15, 0x1C, 0x12, 0x1B, 0xD1,
    0x02, 0xCE, 0x02, 0x8E, 0x02, 0x8D, 0x0B, 0x0E, 0x0B, 0x2F, 0x03, 0x4F, 0x02, 0xCE, 0x13, 0x4F,
    0x13, 0x90, 0x03, 0x30, 0x03, 0x0F, 0x02, 0x6C, 0x01, 0x49, 0x03, 0x0E, 0x13, 0x90, 0x1B, 0xB0,
    0x23, 0x8F, 0x13, 0x4E, 0x02, 0xCD, 0x02, 0x8D, 0x02, 0x8D, 0x02, 0x6C, 0x03, 0x0E, 0x13, 0xF2,
    0x24, 0x52, 0x0B, 0x4F, 0x02, 0x6C, 0x02, 0x6D, 0x02, 0x0B, 0x02, 0xAD, 0x0B, 0x4F, 0x0A, 0xEE,
    0x0B, 0x0E, 0x02, 0xAD, 0x02, 0x4C, 0x02, 0x0B, 0x0A, 0x8C, 0x12, 0xCC, 0x02, 0x0B, 0x02, 0xCD,
    0x02, 0xED, 0x02, 0x8C, 0x02, 0x8C, 0x0A, 0x8C, 0x23, 0x0C, 0x02, 0xED, 0x02, 0x8D, 0x02, 0x8D,
    0x02, 0xAD, 0x02, 0x2B, 0x02, 0x4C, 0x02, 0x6C, 0x02, 0xCE, 0x03, 0x4F, 0x02, 0xEE, 0x0A, 0xCD,
    0x09, 0x26, 0x00, 0xE5, 0x01, 0x06, 0x01, 0x88, 0x01, 0xA8, 0x09, 0x87, 0x11, 0x65, 0x10, 0xC2,
    0x08, 0xC2, 0x09, 0x04, 0x00, 0xE5, 0x01, 0x46, 0x01, 0x26, 0x01, 0x27, 0x01, 0xC9, 0x02, 0xAD,
    0x02, 0xCD, 0x01, 0x67, 0x00, 0xC5, 0x00, 0xA4, 0x00, 0xC4, 0x00, 0x43, 0x01, 0x06, 0x02, 0xAC,
    0x0A, 0xAC, 0x02, 0x4A, 0x02, 0x09, 0x0A, 0x2A, 0x09, 0xE8, 0x00, 0xC4, 0x09, 0x05, 0x01, 0xC8,
    0x12, 0xED, 0x1B, 0x8F, 0x03, 0xB0, 0x02, 0xCE, 0x02, 0x8E, 0x01, 0xEB, 0x01, 0xA9, 0x01, 0x67,
    0x01, 0x06, 0x01, 0x47, 0x01, 0x47, 0x01, 0x67, 0x01, 0x06, 0x01, 0x47, 0x01, 0x26, 0x09, 0x46,
    0x01, 0x67, 0x01, 0x26, 0x01, 0x06, 0x00, 0xE5, 0x01, 0x06, 0x01, 0xC8, 0x01, 0xE9, 0x1B, 0x4E,
    0x34, 0x30, 0x02, 0x2B, 0x02, 0x6C, 0x0A, 0x8C, 0x01, 0x88, 0x0A, 0x4A, 0x09, 0x66, 0x01, 0x67,
    0x04, 0x14, 0x03, 0xD3, 0x03, 0x92, 0x03, 0xD2, 0x03, 0x50, 0x03, 0x4F, 0x03, 0xCF, 0x1C, 0x31,
    0x5B, 0xF6, 0xB2, 0xFB, 0xE1, 0x5E, 0xF8, 0x1F, 0xF8, 0x1F, 0xF8, 0x1F, 0xF8, 0x1F, 0xF8, 0x1F,
    0xF8, 0x1F, 0xF8, 0x1F, 0xF8, 0x1F, 0xF8, 0x1F, 0xF8, 0x1F, 0xF8, 0x1F, 0xF8, 0x1F, 0xF8, 0x1F,
    0xF8, 0x1F, 0xF8, 0x1F, 0xF8, 0x1F, 0xF8, 0x1F, 0xF8, 0x1F, 0xF8, 0x1F, 0xF8, 0x1F, 0xF8, 0x1F,
    0xF8, 0x1F, 0xF8, 0x1F, 0xD8, 0x5C, 0x89, 0x57, 0x31, 0x6D, 0x01, 0x26, 0x01, 0xE8, 0x02, 0x4A,
    0x0A, 0x29, 0x23, 0x4E, 0x03, 0x4F, 0x03, 0x2F, 0x14, 0x12, 0x3C, 0xB4, 0x13, 0xD1, 0x03, 0x4F,
    0x2C, 0x32, 0x24, 0x31, 0x0B, 0x70, 0x03, 0x2F, 0x02, 0xCF, 0x03, 0x50, 0x03, 0x2F, 0x0B, 0x4F,
    0x0B, 0x0E, 0x03, 0x0E, 0x02, 0xED, 0x0B, 0x0E, 0x03, 0x0E, 0x02, 0xEF, 0x03, 0x50, 0x03, 0x0F,
    0x03, 0x0F, 0x23, 0xD1, 0x2C, 0x11, 0x1B, 0x8F, 0x02, 0x4B, 0x02, 0x2B, 0x02, 0x4C, 0x02, 0xCE,
    0x02, 0x8C, 0x02, 0xAD, 0x03, 0x50, 0x0C, 0x32, 0x13, 0xD1, 0x02, 0x6D, 0x02, 0x0B, 0x02, 0x4C,
    0x02, 0x4C, 0x02, 0xAD, 0x0A, 0xAD, 0x0A, 0xAD, 0x02, 0x0B, 0x02, 0x2B, 0x02, 0x4C, 0x0A, 0x8C,
    0x0A, 0x8C, 0x02, 0x2B, 0x0A, 0xED, 0x0B, 0x0D, 0x13, 0x8F, 0x0B, 0x6F, 0x02, 0xEE, 0x0A, 0xCD,
    0x02, 0x0B, 0x02, 0x8C, 0x02, 0x8D, 0x02, 0x6D, 0x02, 0x6D, 0x02, 0x8D, 0x02, 0x6C, 0x02, 0xAD,
    0x02, 0xAD, 0x02, 0xAE, 0x02, 0x8D, 0x02, 0x8D, 0x01, 0x05, 0x00, 0xC5, 0x29, 0x85, 0x09, 0xC8,
    0x01, 0x87, 0x10, 0xE3, 0x08, 0x82, 0x08, 0xA2, 0x00, 0xC4, 0x00, 0xA4, 0x00, 0x84, 0x00, 0xE6,
    0x01, 0x67, 0x01, 0x88, 0x01, 0xCA, 0x02, 0xCD, 0x02, 0xCD, 0x01, 0x67, 0x00, 0xC4, 0x00, 0xA4,
    0x00, 0xC4, 0x01, 0x67, 0x02, 0x2A, 0x02, 0xCD, 0x13, 0x2E, 0x0A, 0xED, 0x12, 0xED, 0x12, 0x8B,
    0x01, 0xC8, 0x0A, 0x09, 0x11, 0xA7, 0x01, 0x47, 0x0A, 0xCC, 0x1B, 0x2D, 0x02, 0xEE, 0x03, 0x70,
    0x03, 0x50, 0x02, 0x6D, 0x01, 0x88, 0x01, 0x47, 0x01, 0x26, 0x01, 0x47, 0x01, 0x67, 0x01, 0x47,
    0x00, 0xE6, 0x01, 0x47, 0x01, 0x67, 0x01, 0x67, 0x01, 0x47, 0x00, 0xE5, 0x01, 0x26, 0x01, 0x26,
    0x01, 0x06, 0x01, 0xA8, 0x02, 0x09, 0x13, 0x0D, 0x23, 0xAE, 0x01, 0xCA, 0x0A, 0x8C, 0x09, 0xC9,
    0x01, 0xC9, 0x01, 0x87, 0x00, 0xC5, 0x02, 0x4C, 0x04, 0x75, 0x03, 0x72, 0x03, 0x71, 0x03, 0x91,
    0x03, 0xCF, 0x13, 0xD1, 0x6A, 0x96, 0xC1, 0x1C, 0xF8, 0x1F, 0xF8, 0x1F, 0xF8, 0x1F, 0xF8, 0x1F,
    0xF8, 0x1F, 0xF8, 0x1F, 0xF8, 0x1F, 0xF8, 0x1F, 0xF8, 0x1F, 0xF8, 0x1F, 0xF8, 0x1F, 0xF8, 0x1F,
    0xF8, 0x1F, 0xF8, 0x1F, 0xF8, 0x1F, 0xF8, 0x1F, 0xF8, 0x1F, 0xF8, 0x1F, 0xF8, 0x1F, 0xF8, 0x1F,
    0xF8, 0x1F, 0xF8, 0x1F, 0xF8, 0x1F, 0xF8, 0x1F, 0xF8, 0x1F, 0xF8, 0x1F, 0xF8, 0x1F, 0xF8, 0x1F,
    0xF8, 0x1F, 0xC8, 0x7B, 0x61, 0x93, 0x0A, 0x6C, 0x02, 0xAB, 0x0B, 0x0E, 0x03, 0x0F, 0x0B, 0xD1,
    0x4D, 0x96, 0x2C, 0x52, 0x02, 0xEE, 0x02, 0xCE, 0x02, 0xAD, 0x02, 0xEE, 0x02, 0x8D, 0x02, 0xEE,
    0x13, 0xB0, 0x03, 0x4F, 0x03, 0x2F, 0x02, 0xAD, 0x02, 0x8D, 0x02, 0x6C, 0x02, 0x2B, 0x02, 0x8D,
    0x0B, 0x0E, 0x02, 0xEE, 0x03, 0x4F, 0x13, 0xF1, 0x24, 0x32, 0x2C, 0x11, 0x23, 0xF1, 0x13, 0x2E,
    0x02, 0xCE, 0x02, 0xEE, 0x03, 0x2F, 0x0B, 0x70, 0x0B, 0x0E, 0x03, 0x4F, 0x0C, 0x13, 0x14, 0x32,
    0x02, 0xEE, 0x02, 0x4C, 0x02, 0x6C, 0x02, 0x2B, 0x02, 0x2B, 0x02, 0x0B, 0x01, 0xAA, 0x02, 0x4B,
    0x02, 0x0A, 0x01, 0xCA, 0x09, 0xE9, 0x0A, 0x2A, 0x02, 0x4C, 0x0B, 0x2E, 0x13, 0x0D, 0x0A, 0x4A,
    0x0A, 0x8C, 0x02, 0x4C, 0x02, 0xAD, 0x02, 0xCD, 0x02, 0x4C, 0x02, 0xAC, 0x0B, 0x2F, 0x1A, 0xAA,
    0x53, 0x49, 0x13, 0x2E, 0x32, 0xAA, 0x0A, 0x6C, 0x01, 0xCB, 0x02, 0x2B, 0x02, 0x2B, 0x02, 0x0B,
    0x00, 0xE6, 0x01, 0x67, 0x09, 0xA7, 0x11, 0x86, 0x08, 0xE3, 0x00, 0x83, 0x09, 0x04, 0x08, 0xC4,
    0x00, 0xA4, 0x00, 0xA4, 0x00, 0xC5, 0x00, 0xE6, 0x01, 0x27, 0x01, 0x47, 0x01, 0x68, 0x02, 0xAD,
    0x02, 0x8B, 0x01, 0x46, 0x00, 0xE4, 0x00, 0xA3, 0x00, 0xE5, 0x0A, 0x0A, 0x13, 0x0D, 0x13, 0x4E,
    0x02, 0xCD, 0x02, 0x4B, 0x0A, 0x4A, 0x01, 0xA8, 0x01, 0x46, 0x09, 0xE9, 0x09, 0xC8, 0x01, 0xA8,
    0x01, 0xE8, 0x01, 0x87, 0x02, 0x4B, 0x03, 0x2F, 0x03, 0x50, 0x02, 0x4D, 0x01, 0x68, 0x01, 0x46,
    0x01, 0x46, 0x01, 0x67, 0x01, 0x67, 0x01, 0x67, 0x01, 0x06, 0x00, 0xC5, 0x01, 0x26, 0x01, 0xC8,
    0x01, 0x67, 0x00, 0xC5, 0x00, 0xE5, 0x00, 0xE5, 0x09, 0xE8, 0x12, 0xAB, 0x02, 0x2A, 0x12, 0xCC,
    0x09, 0xEA, 0x02, 0x0B, 0x0A, 0x2A, 0x01, 0x27, 0x01, 0xE9, 0x01, 0x25, 0x01, 0x06, 0x03, 0x92,
    0x04, 0x96, 0x03, 0x72, 0x03, 0xB1, 0x03, 0xF1, 0x4A, 0xB5, 0xD0, 0xDD, 0xF8, 0x1F, 0xF8, 0x1F,
    0xF8, 0x1F, 0xF8, 0x1F, 0xF8, 0x1F, 0xF8, 0x1F, 0xF8, 0x1F, 0xF8, 0x1F, 0xF8, 0x1F, 0xF8, 0x1F,
    0xF8, 0x1F, 0xF8, 0x1F, 0xF8, 0x1F, 0xF8, 0x1F, 0xF8, 0x1F, 0xF8, 0x1F, 0xF8, 0x1F, 0xF8, 0x1F,
    0xF8, 0x1F, 0xF8, 0x1F, 0xF8, 0x1F, 0xF8, 0x1F, 0xF8, 0x1F, 0xF8, 0x1F, 0xF8, 0x1F, 0xF8, 0x1F,
    0xF8, 0x1F, 0xF8, 0x1F, 0xF8, 0x1F, 0xF8, 0x1F, 0xF8, 0x1F, 0xF8, 0x1F, 0xF8, 0x1F, 0xD0, 0x7C,
    0x51, 0xD3, 0x03, 0x2E, 0x0B, 0x8F, 0x24, 0x12, 0x1B, 0xF1, 0x0B, 0x2F, 0x02, 0xEE, 0x02, 0xEE,
    0x02, 0xCE, 0x0A, 0xEE, 0x0B, 0x0F, 0x0B, 0x4F, 0x0B, 0x2F, 0x02, 0xAE, 0x02, 0xAD, 0x02, 0x8D,
    0x02, 0xAD, 0x02, 0x4C, 0x02, 0x6C, 0x02, 0xAD, 0x02, 0xCD, 0x02, 0xCE, 0x13, 0x70, 0x2B, 0xF0,
    0x12, 0xAC, 0x0B, 0x0E, 0x02, 0x4B, 0x0B, 0x2F, 0x03, 0x70, 0x03, 0x70, 0x03, 0x50, 0x02, 0xEE,
    0x03, 0x90, 0x03, 0xD1, 0x0B, 0x90, 0x0B, 0x0E, 0x02, 0x4C, 0x02, 0x4C, 0x02, 0x8C, 0x02, 0x8D,
    0x02, 0x8C, 0x02, 0x6B, 0x01, 0xCA, 0x0A, 0x2B, 0x02, 0x4B, 0x02, 0x2B, 0x0A, 0x4A, 0x02, 0xAC,
    0x02, 0xEE, 0x0B, 0x0E, 0x02, 0x2B, 0x02, 0x2B, 0x02, 0x0B, 0x02, 0x2C, 0x02, 0xCE, 0x02, 0x8D,
    0x02, 0xAD, 0x03, 0x0E, 0x03, 0x4F, 0x3A, 0xE9, 0x6B, 0x48, 0x12, 0xAC, 0x09, 0xC9, 0x01, 0x89,
    0x02, 0x0A, 0x01, 0x88, 0x01, 0x88, 0x01, 0xA9, 0x01, 0x67, 0x09, 0x66, 0x00, 0xA3, 0x00, 0x82,
    0x00, 0x83, 0x00, 0xC4, 0x00, 0xC4, 0x00, 0xA4, 0x00, 0xA4, 0x00, 0xC4, 0x00, 0xC4, 0x00, 0xA4,
    0x00, 0xC5, 0x00, 0xE5, 0x01, 0x28, 0x02, 0xCD, 0x01, 0xC9, 0x01, 0x05, 0x09, 0x25, 0x00, 0x83,
    0x01, 0x26, 0x02, 0x4A, 0x13, 0x0D, 0x23, 0x6E, 0x02, 0x8B, 0x01, 0xE9, 0x01, 0xC8, 0x01, 0x67,
    0x01, 0x05, 0x09, 0x87, 0x09, 0xC8, 0x0A, 0x4A, 0x09, 0xA7, 0x00, 0xC5, 0x02, 0x4B, 0x03, 0x6F,
    0x02, 0xEF, 0x01, 0xCB, 0x01, 0x47, 0x01, 0x66, 0x00, 0xE4, 0x01, 0x26, 0x01, 0x47, 0x01, 0x67,
    0x01, 0x46, 0x00, 0xA5, 0x01, 0x46, 0x01, 0xE8, 0x01, 0x67, 0x00, 0xE5, 0x00, 0xE5, 0x01, 0x47,
    0x0A, 0x6A, 0x12, 0x29, 0x02, 0x0A, 0x1A, 0xAC, 0x01, 0x89, 0x0A, 0x6A, 0x01, 0xA8, 0x01, 0x88,
    0x09, 0xC8, 0x01, 0x26, 0x02, 0x2B, 0x04, 0x96, 0x04, 0x55, 0x03, 0xB1, 0x1B, 0x94, 0xA1, 0x9B,
    0xF8, 0x1F, 0xF8, 0x1F, 0xF8, 0x1F, 0xF8, 0x1F, 0xF8, 0x1F, 0xF8, 0x1F, 0xF8, 0x1F, 0xF8, 0x1F,
    0xF8, 0x1F, 0xF8, 0x1F, 0xF8, 0x1F, 0xF8, 0x1F, 0xF8, 0x1F, 0xF8, 0x1F, 0xF8, 0x1F, 0xF8, 0x1F,
    0xF8, 0x1F, 0xF8, 0x1F, 0xF8, 0x1F, 0xF8, 0x1F, 0xF8, 0x1F, 0xF8, 0x1F, 0xF8, 0x1F, 0xF8, 0x1F,
    0xF8, 0x1F, 0xF8, 0x1F, 0xF8, 0x1F, 0xF8, 0x1F, 0xF8, 0x1F, 0xF8, 0x1F, 0xF8, 0x1F, 0xF8, 0x1F,
    0xF8, 0x1F, 0xF8, 0x1F, 0xF8, 0x1F, 0xF8, 0x1F, 0xF8, 0x1F, 0xA9, 0x1A, 0x3B, 0x93, 0x03, 0x0D,
    0x0A, 0xEF, 0x0B, 0x0F, 0x02, 0xCE, 0x02, 0xCE, 0x03, 0x2F, 0x0B, 0x4F, 0x02, 0xEE, 0x03, 0x0E,
    0x02, 0xEE, 0x03, 0x0E, 0x02, 0xEE, 0x02, 0xCE, 0x03, 0x0E, 0x02, 0x6C, 0x02, 0x8C, 0x02, 0x6C,
    0x02, 0x4B, 0x03, 0x0E, 0x2C, 0x72, 0x1A, 0xED, 0x01, 0x28, 0x02, 0x6C, 0x02, 0x4D, 0x0B, 0xF2,
    0x04, 0x13, 0x03, 0xD2, 0x0B, 0xD1, 0x0B, 0xB0, 0x0B, 0x90, 0x02, 0xAD, 0x02, 0x2B, 0x02, 0x0B,
    0x02, 0x6C, 0x02, 0x4C, 0x02, 0x4C, 0x02, 0x6C, 0x02, 0x6C, 0x02, 0x8C, 0x02, 0x8D, 0x02, 0x8C,
    0x02, 0xAD, 0x0A, 0x8D, 0x02, 0x4B, 0x02, 0x8C, 0x02, 0xCD, 0x02, 0x8D, 0x0A, 0xAD, 0x02, 0x6C,
    0x02, 0xAD, 0x03, 0x0F, 0x02, 0xEE, 0x12, 0xCD, 0x0A, 0xEE, 0x03, 0x70, 0x02, 0xCE, 0x0A, 0x0A,
    0x0A, 0x0B, 0x02, 0x2B, 0x02, 0x2B, 0x01, 0xCA, 0x01, 0x88, 0x01, 0x26, 0x00, 0xE6, 0x01, 0x88,
    0x09, 0x86, 0x10, 0xC3, 0x00, 0xC4, 0x01, 0x05, 0x00, 0xE5, 0x00, 0xA4, 0x00, 0xE5, 0x00, 0xE5,
    0x00, 0xC4, 0x00, 0x83, 0x00, 0x62, 0x00, 0x63, 0x00, 0xA4, 0x00, 0xC4, 0x00, 0xE6, 0x02, 0xAD,
    0x02, 0x0A, 0x00, 0xE5, 0x09, 0x05, 0x00, 0xA3, 0x01, 0x46, 0x0A, 0x8B, 0x02, 0x4B, 0x02, 0x2A,
    0x02, 0x4B, 0x01, 0x67, 0x01, 0x67, 0x09, 0x87, 0x00, 0xA3, 0x00, 0xE4, 0x09, 0xA7, 0x0A, 0x49,
    0x01, 0xA7, 0x01, 0x27, 0x02, 0x4B, 0x03, 0x6F, 0x02, 0x4D, 0x01, 0x69, 0x00, 0xE6, 0x01, 0x05,
    0x09, 0x25, 0x00, 0xE5, 0x01, 0x46, 0x01, 0x26, 0x09, 0x46, 0x01, 0x26, 0x01, 0x06, 0x01, 0x67,
    0x01, 0x67, 0x01, 0x06, 0x01, 0x06, 0x01, 0xE9, 0x0A, 0x4A, 0x02, 0x0A, 0x0A, 0x6B, 0x01, 0x88,
    0x01, 0xE9, 0x0A, 0x09, 0x01, 0x47, 0x01, 0xE9, 0x09, 0x87, 0x01, 0x68, 0x03, 0xF4, 0x04, 0x96,
    0x03, 0xB1, 0x42, 0xD6, 0xE0, 0x7E, 0xF8, 0x1F, 0xF8, 0x1F, 0xF8, 0x1F, 0xF8, 0x1F, 0xF8, 0x1F,
    0xF8, 0x1F, 0xF8, 0x1F, 0xF8, 0x1F, 0xF8, 0x1F, 0xF8, 0x1F, 0xF8, 0x1F, 0xF8, 0x1F, 0xF8, 0x1F,
    0xF8, 0x1F, 0xF8, 0x1F, 0xF8, 0x1F, 0xF8, 0x1F, 0xF8, 0x1F, 0xF8, 0x1F, 0xF8, 0x1F, 0xF8, 0x1F,
    0xF8, 0x1F, 0xF8, 0x1F, 0xF8, 0x1F, 0xF8, 0x1F, 0xF8, 0x1F, 0xF8, 0x1F, 0xF8, 0x1F, 0xF8, 0x1F,
    0xF8, 0x1F, 0xF8, 0x1F, 0xF8, 0x1F, 0xF8, 0x1F, 0xF8, 0x1F, 0xF8, 0x1F, 0xF8, 0x1F, 0xF8, 0x1F,
    0xF8, 0x1F, 0xF8, 0x1F, 0xE8, 0x3E, 0x52, 0x14, 0x03, 0x2E, 0x23, 0xD2, 0x1C, 0x11, 0x13, 0x90,
    0x0B, 0x4F, 0x02, 0x8D, 0x13, 0xB1, 0x23, 0xD0, 0x02, 0xEE, 0x0B, 0x4F, 0x13, 0x2E, 0x13, 0x2E,
    0x13, 0x4E, 0x0A, 0xCD, 0x02, 0x4C, 0x02, 0x4C, 0x02, 0xAD, 0x13, 0x2F, 0x1B, 0x4E, 0x0A, 0x4B,
    0x02, 0x2B, 0x02, 0x4C, 0x0B, 0xB1, 0x14, 0xF5, 0x04, 0x94, 0x03, 0xB1, 0x0B, 0x2E, 0x02, 0xCD,
    0x02, 0xCD, 0x02, 0xCE, 0x02, 0x8D, 0x02, 0x2B, 0x01, 0xCA, 0x02, 0x2B, 0x02, 0x6B, 0x02, 0x0B,
    0x02, 0x2B, 0x02, 0xAD, 0x02, 0xAD, 0x02, 0xAC, 0x02, 0xED, 0x02, 0x4B, 0x01, 0xEA, 0x02, 0x4C,
    0x02, 0xCE, 0x02, 0x6C, 0x0A, 0xCD, 0x12, 0xEE, 0x12, 0xED, 0x13, 0x0E, 0x03, 0x0F, 0x1A, 0xED,
    0x13, 0xB0, 0x02, 0xAD, 0x01, 0xAA, 0x02, 0x2B, 0x01, 0xC9, 0x01, 0xEA, 0x01, 0xC9, 0x01, 0x67,
    0x00, 0xC5, 0x00, 0xA4, 0x00, 0xE6, 0x0A, 0x09, 0x10, 0xE3, 0x00, 0xA3, 0x00, 0xE5, 0x00, 0xC4,
    0x00, 0xE5, 0x01, 0x06, 0x01, 0x06, 0x00, 0xE5, 0x00, 0xA4, 0x00, 0x42, 0x00, 0x42, 0x00, 0x63,
    0x00, 0x63, 0x00, 0xC4, 0x00, 0xE5, 0x01, 0x88, 0x01, 0x88, 0x00, 0xE5, 0x01, 0x04, 0x00, 0xC4,
    0x01, 0x47, 0x0B, 0x2D, 0x02, 0x6B, 0x02, 0x0A, 0x02, 0x2A, 0x01, 0xA8, 0x01, 0xA8, 0x01, 0x67,
    0x00, 0x63, 0x00, 0x01, 0x00, 0xC4, 0x01, 0x25, 0x01, 0x46, 0x01, 0xA8, 0x02, 0xAD, 0x02, 0xAE,
    0x01, 0xCB, 0x01, 0x88, 0x00, 0xE5, 0x00, 0xC5, 0x09, 0x86, 0x01, 0x05, 0x01, 0x05, 0x01, 0x26,
    0x01, 0x67, 0x01, 0x47, 0x00, 0xC5, 0x00, 0xC5, 0x01, 0x25, 0x01, 0x46, 0x01, 0x06, 0x0A, 0x4A,
    0x09, 0xE9, 0x0A, 0x2A, 0x01, 0xE9, 0x01, 0x68, 0x01, 0x88, 0x01, 0x47, 0x01, 0x88, 0x02, 0x29,
    0x01, 0x46, 0x02, 0x6D, 0x04, 0x96, 0x03, 0xD1, 0x69, 0xD7, 0xF8, 0x1F, 0xF8, 0x1F, 0xF8, 0x1F,
    0xF8, 0x1F, 0xF8, 0x1F, 0xF8, 0x1F, 0xF8, 0x1F, 0xF8, 0x1F, 0xF8, 0x1F, 0xF8, 0x1F, 0xF8, 0x1F,
    0xF8, 0x1F, 0xF8, 0x1F, 0xF8, 0x1F, 0xF8, 0x1F, 0xF8, 0x1F, 0xF8, 0x1F, 0xF8, 0x1F, 0xF8, 0x1F,
    0xF8, 0x1F, 0xF8, 0x1F, 0xF8, 0x1F, 0xF8, 0x1F, 0xF8, 0x1F, 0xF8, 0x1F, 0xF8, 0x1F, 0xF8, 0x1F,
    0xF8, 0x1F, 0xF8, 0x1F, 0xF8, 0x1F, 0xF8, 0x1F, 0xF8, 0x1F, 0xF8, 0x1F, 0xF8, 0x1F, 0xF8, 0x1F,
    0xF8, 0x1F, 0xF8, 0x1F, 0xF8, 0x1F, 0xF8, 0x1F, 0xF8, 0x1F, 0xF8, 0x1F, 0xF8, 0x1F, 0xF8, 0x1F,
    0x89, 0xF9, 0x2C, 0x91, 0x0A, 0xED, 0x02, 0x8C, 0x0A, 0xEE, 0x03, 0x0E, 0x24, 0x11, 0x1B, 0x2E,
    0x0A, 0xCD, 0x1B, 0xAF, 0x1B, 0x8F, 0x13, 0x6E, 0x08, 0xE6, 0x02, 0x0A, 0x0B, 0x0E, 0x02, 0x4C,
    0x03, 0x0E, 0x03, 0x2E, 0x02, 0x6C, 0x02, 0x6C, 0x02, 0x6C, 0x03, 0x2F, 0x1C, 0xB4, 0x1C, 0xF4,
    0x03, 0x4F, 0x02, 0x6C, 0x02, 0xAD, 0x02, 0x8C, 0x03, 0x0E, 0x0B, 0x0E, 0x02, 0x6C, 0x02, 0x4B,
    0x01, 0xEA, 0x02, 0x6C, 0x02, 0x6C, 0x02, 0x6C, 0x02, 0x6B, 0x02, 0x8C, 0x02, 0x6C, 0x02, 0x8C,
    0x02, 0xAD, 0x02, 0xAD, 0x02, 0xCE, 0x02, 0xEE, 0x02, 0xAE, 0x02, 0xEE, 0x1B, 0x0E, 0x1A, 0xAD,
    0x0B, 0x0E, 0x0A, 0xEE, 0x02, 0xCD, 0x02, 0x8D, 0x02, 0xAE, 0x02, 0x2C, 0x01, 0xEA, 0x01, 0x67,
    0x01, 0x26, 0x01, 0x67, 0x01, 0x26, 0x00, 0xC5, 0x00, 0xC5, 0x01, 0x06, 0x00, 0xE6, 0x00, 0xC6,
    0x00, 0xA3, 0x00, 0xE5, 0x00, 0xC4, 0x00, 0x84, 0x00, 0xA4, 0x00, 0xC4, 0x00, 0xE5, 0x00, 0xE5,
    0x00, 0xE5, 0x00, 0x83, 0x00, 0x63, 0x00, 0x83, 0x00, 0x62, 0x00, 0x62, 0x00, 0xA4, 0x00, 0xC4,
    0x00, 0x21, 0x00, 0x42, 0x00, 0xE5, 0x08, 0xE4, 0x01, 0xA8, 0x13, 0xCF, 0x02, 0xCC, 0x01, 0xEA,
    0x02, 0x6B, 0x03, 0x0E, 0x03, 0x4E, 0x0A, 0xCD, 0x0A, 0x09, 0x01, 0x05, 0x00, 0xE4, 0x01, 0x05,
    0x01, 0x26, 0x02, 0x4B, 0x02, 0xEE, 0x01, 0x8A, 0x01, 0x27, 0x01, 0x67, 0x00, 0xA5, 0x01, 0x05,
    0x01, 0x25, 0x00, 0xA4, 0x09, 0x05, 0x21, 0xC7, 0x01, 0xA8, 0x01, 0x66, 0x00, 0xE5, 0x01, 0x06,
    0x00, 0xC4, 0x00, 0xA4, 0x01, 0x06, 0x01, 0x88, 0x0A, 0x2A, 0x01, 0xC9, 0x01, 0x68, 0x0A, 0x2A,
    0x01, 0x87, 0x01, 0x46, 0x01, 0xA8, 0x01, 0xA8, 0x01, 0x26, 0x03, 0x31, 0x04, 0x94, 0x81, 0x98,
    0xF8, 0x1F, 0xF8, 0x1F, 0xF8, 0x1F, 0xF8, 0x1F, 0xF8, 0x1F, 0xF8, 0x1F, 0xF8, 0x1F, 0xF8, 0x1F,
    0xF8, 0x1F, 0xF8, 0x1F, 0xF8, 0x1F, 0xF8, 0x1F, 0xF8, 0x1F, 0xF8, 0x1F, 0xF8, 0x1F, 0xF8, 0x1F,
    0xF8, 0x1F, 0xF8, 0x1F, 0xF8, 0x1F, 0xF8, 0x1F, 0xF8, 0x1F, 0xF8, 0x1F, 0xF8, 0x1F, 0xF8, 0x1F,
    0xF8, 0x1F, 0xF8, 0x1F, 0xF8, 0x1F, 0xF8, 0x1F, 0xF8, 0x1F, 0xF8, 0x1F, 0xF8, 0x1F, 0xF8, 0x1F,
    0xF8, 0x1F, 0xF8, 0x1F, 0xF8, 0x1F, 0xF8, 0x1F, 0xF8, 0x1F, 0xF8, 0x1F, 0xF8, 0x1F, 0xF8, 0x1F,
    0xF8, 0x1F, 0xF8, 0x1F, 0xF8, 0x1F, 0xF8, 0x1F, 0xF8, 0x1F, 0x89, 0x17, 0x02, 0x0A, 0x02, 0x6C,
    0x02, 0x6C, 0x02, 0x8D, 0x02, 0xCD, 0x02, 0x2B, 0x02, 0x4C, 0x02, 0x6C, 0x03, 0x0E, 0x0A, 0x6A,
    0x00, 0x02, 0x02, 0x0A, 0x03, 0x2F, 0x03, 0x70, 0x0B, 0xB0, 0x03, 0x0E, 0x02, 0xCE, 0x03, 0x2E,
    0x13, 0xB1, 0x24, 0x73, 0x1C, 0x11, 0x03, 0x4F, 0x02, 0x8C, 0x0A, 0x6C, 0x02, 0x6C, 0x02, 0x4B,
    0x02, 0xCD, 0x0A, 0xAD, 0x02, 0x8C, 0x02, 0x6C, 0x02, 0x6C, 0x02, 0xAD, 0x02, 0xAD, 0x02, 0xCE,
    0x02, 0xAD, 0x02, 0xEE, 0x0A, 0xED, 0x2A, 0xEB, 0x02, 0xCE, 0x03, 0x0E, 0x02, 0xCE, 0x02, 0xEE,
    0x0B, 0x70, 0x0B, 0x0E, 0x02, 0xAE, 0x02, 0x2C, 0x02, 0x0B, 0x01, 0xCA, 0x01, 0xEB, 0x01, 0xEB,
    0x01, 0xEB, 0x02, 0x2B, 0x01, 0xC9, 0x00, 0xC4, 0x00, 0xE5, 0x00, 0xE5, 0x00, 0xE6, 0x00, 0xA5,
    0x00, 0xA5, 0x00, 0xC5, 0x00, 0xA5, 0x01, 0x08, 0x00, 0xC3, 0x00, 0x83, 0x00, 0x84, 0x00, 0xA4,
    0x00, 0x84, 0x00, 0xA4, 0x00, 0x84, 0x00, 0xC4, 0x00, 0xA4, 0x00, 0xA3, 0x00, 0x83, 0x00, 0x82,
    0x00, 0x82, 0x00, 0xC3, 0x00, 0x83, 0x00, 0xA4, 0x00, 0x21, 0x00, 0x01, 0x00, 0xC4, 0x00, 0xE5,
    0x01, 0x88, 0x0A, 0xCC, 0x02, 0xAC, 0x02, 0x4B, 0x0B, 0x0D, 0x03, 0x0E, 0x02, 0xCD, 0x02, 0x8C,
    0x02, 0x8B, 0x01, 0xC9, 0x01, 0x88, 0x02, 0x0A, 0x03, 0x0D, 0x03, 0x2E, 0x01, 0xEA, 0x01, 0x27,
    0x01, 0x26, 0x00, 0xC5, 0x09, 0x46, 0x01, 0x26, 0x11, 0xC7, 0x00, 0xC5, 0x01, 0x05, 0x11, 0xA7,
    0x01, 0x67, 0x01, 0x67, 0x01, 0x26, 0x01, 0x06, 0x01, 0x05, 0x00, 0xE5, 0x01, 0x46, 0x01, 0x47,
    0x01, 0xE9, 0x0A, 0x2A, 0x01, 0x88, 0x0A, 0x08, 0x09, 0xA7, 0x01, 0x87, 0x01, 0xA8, 0x09, 0xA8,
    0x0A, 0x4B, 0x04, 0x73, 0x82, 0x1A, 0xF8, 0x1F, 0xF8, 0x1F, 0xF8, 0x1F, 0xF8, 0x1F, 0xF8, 0x1F,
    0xF8, 0x1F, 0xF8, 0x1F, 0xF8, 0x1F, 0xF8, 0x1F, 0xF8, 0x1F, 0xF8, 0x1F, 0xF8, 0x1F, 0xF8, 0x1F,
    0xF8, 0x1F, 0xF8, 0x1F, 0xF8, 0x1F, 0xF8, 0x1F, 0xF8, 0x1F, 0xF8, 0x1F, 0xF8, 0x1F, 0xF8, 0x1F,
    0xF8, 0x1F, 0xF8, 0x1F, 0xF8, 0x1F, 0xF8, 0x1F, 0xF8, 0x1F, 0xF8, 0x1F, 0xF8, 0x1F, 0xF8, 0x1F,
    0xF8, 0x1F, 0xF8, 0x1F, 0xF8, 0x1F, 0xF8, 0x1F, 0xF8, 0x1F, 0xF8, 0x1F, 0xF8, 0x1F, 0xF8, 0x1F,
    0xF8, 0x1F, 0xF8, 0x1F, 0xF8, 0x1F, 0xF8, 0x1F, 0xF8, 0x1F, 0xF8, 0x1F, 0xF8, 0x1F, 0xF8, 0x1F,
    0xF8, 0x1F, 0xF8, 0x1F, 0x89, 0x57, 0x0C, 0x10, 0x34, 0x94, 0x24, 0x11, 0x03, 0x0E, 0x02, 0xCE,
    0x03, 0x2F, 0x02, 0xCD, 0x02, 0xED, 0x01, 0x67, 0x00, 0x64, 0x02, 0x6C, 0x03, 0x2F, 0x13, 0xF2,
    0x0B, 0xD1, 0x03, 0x71, 0x13, 0xF2, 0x0B, 0xF1, 0x0B, 0x8F, 0x02, 0xAD, 0x02, 0x8D, 0x02, 0x4C,
    0x02, 0x2B, 0x02, 0x4C, 0x02, 0x2B, 0x02, 0x4B, 0x02, 0x4C, 0x02, 0x6C, 0x02, 0x6C, 0x01, 0xEA,
    0x02, 0xCD, 0x02, 0xAC, 0x03, 0x0E, 0x0B, 0x6F, 0x03, 0x4F, 0x02, 0xEE, 0x1B, 0x6F, 0x2B, 0x2D,
    0x03, 0x0E, 0x02, 0xEE, 0x02, 0x4C, 0x0A, 0xEE, 0x0A, 0xCD, 0x02, 0x6C, 0x02, 0x4B, 0x01, 0xEB,
    0x02, 0x0B, 0x02, 0x0B, 0x01, 0xEA, 0x01, 0xC9, 0x01, 0x88, 0x01, 0x27, 0x01, 0x47, 0x01, 0x46,
    0x00, 0xA4, 0x00, 0xE6, 0x00, 0xA5, 0x00, 0xC6, 0x00, 0xE6, 0x01, 0x07, 0x01, 0x69, 0x01, 0xEB,
    0x00, 0xA3, 0x00, 0x63, 0x00, 0x83, 0x00, 0xA4, 0x00, 0xC4, 0x00, 0xA4, 0x00, 0x63, 0x00, 0xA4,
    0x00, 0x83, 0x00, 0x83, 0x00, 0x62, 0x00, 0x42, 0x00, 0x62, 0x09, 0x45, 0x12, 0x07, 0x01, 0x25,
    0x00, 0xA4, 0x00, 0x63, 0x00, 0xA3, 0x00, 0xC5, 0x01, 0xC9, 0x0A, 0xCC, 0x0A, 0xCC, 0x02, 0x4B,
    0x02, 0x09, 0x01, 0xC9, 0x02, 0x4B, 0x02, 0x4C, 0x02, 0xAD, 0x02, 0xEE, 0x02, 0xAD, 0x02, 0xEE,
    0x02, 0xED, 0x01, 0xA9, 0x00, 0xE6, 0x01, 0x87, 0x12, 0x6A, 0x1A, 0xAA, 0x09, 0xC7, 0x00, 0xA4,
    0x09, 0xA7, 0x09, 0x86, 0x01, 0x05, 0x01, 0x68, 0x01, 0x67, 0x01, 0x47, 0x01, 0x26, 0x00, 0xE5,
    0x01, 0x46, 0x01, 0x26, 0x01, 0x46, 0x01, 0xE8, 0x0A, 0x6A, 0x02, 0x09, 0x01, 0x67, 0x01, 0x06,
    0x01, 0x26, 0x01, 0x67, 0x01, 0xA7, 0x09, 0xA9, 0x03, 0xD0, 0x6A, 0xBA, 0xF8, 0x1F, 0xF8, 0x1F,
    0xF8, 0x1F, 0xF8, 0x1F, 0xF8, 0x1F, 0xF8, 0x1F, 0xF8, 0x1F, 0xF8, 0x1F, 0xF8, 0x1F, 0xF8, 0x1F,
    0xF8, 0x1F, 0xF8, 0x1F, 0xF8, 0x1F, 0xF8, 0x1F, 0xF8, 0x1F, 0xF8, 0x1F, 0xF8, 0x1F, 0xF8, 0x1F,
    0xF8, 0x1F, 0xF8, 0x1F, 0xF8, 0x1F, 0xF8, 0x1F, 0xF8, 0x1F, 0xF8, 0x1F, 0xF8, 0x1F, 0xF8, 0x1F,
    0xF8, 0x1F, 0xF8, 0x1F, 0xF8, 0x1F, 0xF8, 0x1F, 0xF8, 0x1F, 0xF8, 0x1F, 0xF8, 0x1F, 0xF8, 0x1F,
    0xF8, 0x1F, 0xF8, 0x1F, 0xF8, 0x1F, 0xF8, 0x1F, 0xF8, 0x1F, 0xF8, 0x1F, 0xF8, 0x1F, 0xF8, 0x1F,
    0xF8, 0x1F, 0xF8, 0x1F, 0xF8, 0x1F, 0xF8, 0x1F, 0xF8, 0x1F, 0xF8, 0x1F, 0xF8, 0x1F, 0x7A, 0xD9,
    0x45, 0xF6, 0x3C, 0xD4, 0x24, 0x32, 0x0C, 0x32, 0x24, 0x73, 0x0B, 0x70, 0x02, 0xEE, 0x02, 0xAC,
    0x02, 0xEE, 0x03, 0xD1, 0x1C, 0x53, 0x0C, 0x12, 0x0C, 0x33, 0x0B, 0xF1, 0x0B, 0xD1, 0x13, 0xB0,
    0x02, 0x4C, 0x02, 0x6C, 0x02, 0x8C, 0x02, 0x2B, 0x02, 0x2B, 0x02, 0x2B, 0x02, 0x0A, 0x02, 0x0A,
    0x01, 0xEA, 0x02, 0x2B, 0x02, 0x0A, 0x01, 0xCA, 0x0B, 0x0E, 0x02, 0xCD, 0x03, 0x0E, 0x02, 0xEE,
    0x02, 0xEE, 0x02, 0xAD, 0x0A, 0xCD, 0x1A, 0xCC, 0x03, 0x2F, 0x02, 0x6D, 0x02, 0x2C, 0x02, 0x0B,
    0x01, 0xCB, 0x0A, 0x0A, 0x11, 0xE9, 0x02, 0x0B, 0x01, 0xA9, 0x01, 0x47, 0x01, 0x26, 0x01, 0x26,
    0x01, 0x46, 0x00, 0xC5, 0x00, 0xE6, 0x00, 0xC5, 0x00, 0xC6, 0x01, 0x68, 0x01, 0xA9, 0x01, 0xA9,
    0x01, 0xA8, 0x01, 0xA8, 0x02, 0x0A, 0x01, 0xA8, 0x00, 0x83, 0x00, 0x83, 0x00, 0x62, 0x00, 0x63,
    0x00, 0xA3, 0x00, 0x63, 0x00, 0x84, 0x00, 0xE5, 0x00, 0xC4, 0x00, 0x83, 0x00, 0x62, 0x00, 0x62,
    0x00, 0x83, 0x00, 0xA3, 0x09, 0xA6, 0x11, 0xE7, 0x01, 0x66, 0x01, 0x05, 0x00, 0xE5, 0x09, 0x26,
    0x02, 0x4B, 0x13, 0x4E, 0x0A, 0x6B, 0x02, 0x0A, 0x02, 0x2A, 0x01, 0xA9, 0x02, 0x4B, 0x03, 0x2E,
    0x02, 0xEE, 0x02, 0x2C, 0x02, 0x0B, 0x01, 0xA9, 0x01, 0x07, 0x01, 0x06, 0x01, 0x06, 0x01, 0x26,
    0x11, 0xE8, 0x09, 0xC7, 0x01, 0xA7, 0x01, 0x26, 0x11, 0xE8, 0x11, 0xC7, 0x00, 0xE5, 0x01, 0x46,
    0x01, 0x88, 0x09, 0xA8, 0x00, 0xE5, 0x00, 0xE5, 0x01, 0x25, 0x00, 0xE5, 0x01, 0x26, 0x01, 0xC8,
    0x0A, 0x09, 0x01, 0xA8, 0x01, 0x87, 0x01, 0x26, 0x01, 0x67, 0x01, 0xA8, 0x11, 0xE9, 0x02, 0xCD,
    0x3B, 0x57, 0xF8, 0x1F, 0xF8, 0x1F, 0xF8, 0x1F, 0xF8, 0x1F, 0xF8, 0x1F, 0xF8, 0x1F, 0xF8, 0x1F,
    0xF8, 0x1F, 0xF8, 0x1F, 0xF8, 0x1F, 0xF8, 0x1F, 0xF8, 0x1F, 0xF8, 0x1F, 0xF8, 0x1F, 0xF8, 0x1F,
    0xF8, 0x1F, 0xF8, 0x1F, 0xF8, 0x1F, 0xF8, 0x1F, 0xF8, 0x1F, 0xF8, 0x1F, 0xF8, 0x1F, 0xF8, 0x1F,
    0xF8, 0x1F, 0xF8, 0x1F, 0xF8, 0x1F, 0xF8, 0x1F, 0xF8, 0x1F, 0xF8, 0x1F, 0xF8, 0x1F, 0xF8, 0x1F,
    0xF8, 0x1F, 0xF8, 0x1F, 0xF8, 0x1F, 0xF8, 0x1F, 0xF8, 0x1F, 0xF8, 0x1F, 0xF8, 0x1F, 0xF8, 0x1F,
    0xF8, 0x1F, 0xF8, 0x1F, 0xF8, 0x1F, 0xF8, 0x1F, 0xF8, 0x1F, 0xF8, 0x1F, 0xF8, 0x1F, 0xF8, 0x1F,
    0xF8, 0x1F, 0xF8, 0x1F, 0xF8, 0x1F, 0xF0, 0x3F, 0x5B, 0xD6, 0x14, 0x52, 0x0B, 0xB2, 0x0C, 0x12,
    0x0B, 0xB1, 0x0B, 0xB1, 0x03, 0xB1, 0x03, 0xD1, 0x0C, 0x12, 0x2C, 0xF4, 0x24, 0x52, 0x0B, 0xD1,
    0x13, 0x70, 0x02, 0xEE, 0x0B, 0x2F, 0x1B, 0x6F, 0x02, 0x2B, 0x0A, 0xAC, 0x02, 0x2B, 0x01, 0xEB,
    0x02, 0x2B, 0x01, 0xCA, 0x01, 0xEA, 0x02, 0x2B, 0x02, 0x0A, 0x0A, 0xAC, 0x02, 0x6C, 0x02, 0x4B,
    0x02, 0xAD, 0x02, 0xAD, 0x02, 0x6D, 0x02, 0x8D, 0x02, 0x6C, 0x02, 0x8D, 0x0A, 0xEE, 0x23, 0xD0,
    0x03, 0x50, 0x02, 0x6D, 0x02, 0x8D, 0x02, 0x4C, 0x02, 0x6C, 0x02, 0x2C, 0x02, 0x0B, 0x01, 0xEB,
    0x01, 0x68, 0x01, 0x06, 0x00, 0xA4, 0x00, 0xE5, 0x00, 0xE5, 0x00, 0xC5, 0x00, 0xC6, 0x01, 0x07,
    0x01, 0x68, 0x01, 0xE9, 0x02, 0x29, 0x02, 0x2A, 0x01, 0x66, 0x01, 0x46, 0x09, 0x86, 0x11, 0x25,
    0x00, 0x42, 0x00, 0x42, 0x00, 0x22, 0x00, 0x42, 0x00, 0x62, 0x00, 0xA4, 0x00, 0xC4, 0x01, 0x05,
    0x00, 0xE4, 0x00, 0xA3, 0x00, 0x82, 0x00, 0x82, 0x00, 0x83, 0x00, 0xA4, 0x01, 0x05, 0x01, 0x05,
    0x01, 0x26, 0x01, 0xC8, 0x01, 0x88, 0x01, 0x48, 0x02, 0x2B, 0x13, 0x4D, 0x0A, 0xCC, 0x02, 0x8B,
    0x0A, 0xAC, 0x01, 0xE9, 0x02, 0x09, 0x0B, 0x8F, 0x0B, 0x2F, 0x01, 0x8A, 0x01, 0x07, 0x01, 0x26,
    0x01, 0x47, 0x01, 0x46, 0x00, 0xA4, 0x01, 0x05, 0x01, 0x25, 0x01, 0x26, 0x09, 0x87, 0x09, 0xC8,
    0x1A, 0x4A, 0x09, 0x66, 0x00, 0x84, 0x01, 0x26, 0x01, 0x67, 0x09, 0x26, 0x00, 0xE5, 0x00, 0xE5,
    0x01, 0x46, 0x01, 0x26, 0x01, 0x26, 0x01, 0x87, 0x01, 0xE9, 0x01, 0xA8, 0x01, 0x26, 0x01, 0x26,
    0x01, 0x87, 0x09, 0x87, 0x1A, 0x6A, 0x0B, 0x72, 0xD0, 0xDE, 0xF8, 0x1F, 0xF8, 0x1F, 0xF8, 0x1F,
    0xF8, 0x1F, 0xF8, 0x1F, 0xF8, 0x1F, 0xF8, 0x1F, 0xF8, 0x1F, 0xF8, 0x1F, 0xF8, 0x1F, 0xF8, 0x1F,
    0xF8, 0x1F, 0xF8, 0x1F, 0xF8, 0x1F, 0xF8, 0x1F, 0xF8, 0x1F, 0xF8, 0x1F, 0xF8, 0x1F, 0xF8, 0x1F,
    0xF8, 0x1F, 0xF8, 0x1F, 0xF8, 0x1F, 0xF8, 0x1F, 0xF8, 0x1F, 0xF8, 0x1F, 0xF8, 0x1F, 0xF8, 0x1F,
    0xF8, 0x1F, 0xF8, 0x1F, 0xF8, 0x1F, 0xF8, 0x1F, 0xF8, 0x1F, 0xF8, 0x1F, 0xF8, 0x1F, 0xF8, 0x1F,
    0xF8, 0x1F, 0xF8, 0x1F, 0xF8, 0x1F, 0xF8, 0x1F, 0xF8, 0x1F, 0xF8, 0x1F, 0xF8, 0x1F, 0xF8, 0x1F,
    0xF8, 0x1F, 0xF8, 0x1F, 0xF8, 0x1F, 0xF8, 0x1F, 0xF8, 0x1F, 0xF8, 0x1F, 0xF8, 0x1F, 0xF8, 0x1F,
    0xC8, 0xDC, 0x13, 0xF2, 0x14, 0x32, 0x03, 0x70, 0x02, 0xEE, 0x02, 0xEE, 0x03, 0x4F, 0x1C, 0x12,
    0x13, 0xD1, 0x02, 0xEE, 0x02, 0x8D, 0x02, 0x8D, 0x02, 0xAD, 0x02, 0xCD, 0x0A, 0xCD, 0x02, 0x6C,
    0x02, 0x6C, 0x02, 0x0A, 0x01, 0xEA, 0x02, 0x8C, 0x02, 0x0B, 0x01, 0xEA, 0x02, 0x0B, 0x0A, 0xCD,
    0x02, 0x8C, 0x12, 0x6B, 0x1B, 0x4E, 0x0A, 0xCD, 0x02, 0x8D, 0x02, 0xEE, 0x02, 0x6D, 0x02, 0x4C,
    0x0B, 0x70, 0x0B, 0xB1, 0x02, 0xEF, 0x02, 0xCF, 0x02, 0x4D, 0x02, 0xAE, 0x02, 0x4C, 0x02, 0x4C,
    0x02, 0x6C, 0x0A, 0x4B, 0x09, 0xE9, 0x01, 0x67, 0x01, 0x47, 0x01, 0x26, 0x00, 0xE5, 0x00, 0xE6,
    0x00, 0xE7, 0x01, 0x89, 0x01, 0xC9, 0x01, 0x26, 0x00, 0xA4, 0x00, 0xE4, 0x01, 0x05, 0x01, 0x05,
    0x01, 0x87, 0x09, 0x86, 0x11, 0x65, 0x22, 0x07, 0x00, 0x42, 0x00, 0x42, 0x00, 0x21, 0x00, 0x42,
    0x00, 0x42, 0x00, 0x62, 0x00, 0x83, 0x00, 0x83, 0x00, 0xA3, 0x00, 0xA3, 0x00, 0x82, 0x00, 0x62,
    0x00, 0x83, 0x00, 0xE5, 0x01, 0x87, 0x01, 0xA7, 0x01, 0x87, 0x02, 0x4A, 0x1B, 0x4D, 0x02, 0x4B,
    0x02, 0x2B, 0x01, 0xC9, 0x02, 0x6B, 0x02, 0x4A, 0x02, 0x6A, 0x02, 0x2A, 0x01, 0x06, 0x01, 0x89,
    0x03, 0x2F, 0x01, 0xEB, 0x01, 0x07, 0x01, 0x67, 0x01, 0x46, 0x00, 0xE5, 0x00, 0xE5, 0x01, 0x26,
    0x01, 0x66, 0x09, 0x86, 0x12, 0x08, 0x12, 0x29, 0x12, 0x6A, 0x09, 0x66, 0x00, 0xC5, 0x01, 0x26,
    0x01, 0x47, 0x00, 0xE5, 0x00, 0xE5, 0x01, 0x26, 0x01, 0x46, 0x01, 0x05, 0x01, 0x47, 0x0A, 0x09,
    0x02, 0x4B, 0x09, 0xE9, 0x01, 0x88, 0x02, 0x09, 0x01, 0x67, 0x11, 0xA8, 0x02, 0xCB, 0x81, 0xB9,
    0xF8, 0x1F, 0xF8, 0x1F, 0xF8, 0x1F, 0xF8, 0x1F, 0xF8, 0x1F, 0xF8, 0x1F, 0xF8, 0x1F, 0xF8, 0x1F,
    0xF8, 0x1F, 0xF8, 0x1F, 0xF8, 0x1F, 0xF8, 0x1F, 0xF8, 0x1F, 0xF8, 0x1F, 0xF8, 0x1F, 0xF8, 0x1F,
    0xF8, 0x1F, 0xF8, 0x1F, 0xF8, 0x1F, 0xF8, 0x1F, 0xF8, 0x1F, 0xF8, 0x1F, 0xF8, 0x1F, 0xF8, 0x1F,
    0xF8, 0x1F, 0xF8, 0x1F, 0xF8, 0x1F, 0xF8, 0x1F, 0xF8, 0x1F, 0xF8, 0x1F, 0xF8, 0x1F, 0xF8, 0x1F,
    0xF8, 0x1F, 0xF8, 0x1F, 0xF8, 0x1F, 0xF8, 0x1F, 0xF8, 0x1F, 0xF8, 0x1F, 0xF8, 0x1F, 0xF8, 0x1F,
    0xF8, 0x1F, 0xF8, 0x1F, 0xF8, 0x1F, 0xF8, 0x1F, 0xF8, 0x1F, 0xF8, 0x1F, 0xF8, 0x1F, 0xF8, 0x1F,
    0xF8, 0x1F, 0xF8, 0x1F, 0xF8, 0x1F, 0xF8, 0x1F, 0xF8, 0x1F, 0x69, 0xD6, 0x03, 0x6E, 0x03, 0x0F,
    0x03, 0x0E, 0x02, 0xAD, 0x02, 0x0B, 0x02, 0xAD, 0x02, 0xCD, 0x02, 0xCD, 0x02, 0xAC, 0x02, 0x0B,
    0x02, 0x6C, 0x0A, 0x4C, 0x02, 0x8C, 0x02, 0x6C, 0x01, 0xEA, 0x02, 0x4C, 0x02, 0x8C, 0x02, 0x8B,
    0x02, 0x0A, 0x01, 0xEA, 0x02, 0x4B, 0x02, 0x0B, 0x02, 0x2B, 0x02, 0x8C, 0x02, 0xCE, 0x02, 0xEE,
    0x02, 0x6C, 0x02, 0x4C, 0x02, 0xEE, 0x0A, 0xCE, 0x0B, 0x50, 0x02, 0x8D, 0x02, 0x2C, 0x02, 0x4C,
    0x02, 0x0A, 0x02, 0x0A, 0x09, 0xE9, 0x01, 0xC8, 0x01, 0x67, 0x01, 0x26, 0x00, 0xE5, 0x00, 0xE6,
    0x00, 0xA4, 0x00, 0xA5, 0x01, 0x08, 0x01, 0xAA, 0x02, 0x2B, 0x01, 0x88, 0x01, 0x05, 0x00, 0x83,
    0x01, 0x05, 0x09, 0x87, 0x11, 0xA7, 0x11, 0xE8, 0x42, 0xE9, 0x4A, 0xC8, 0x2A, 0x68, 0x31, 0xE6,
    0x00, 0x42, 0x00, 0x41, 0x00, 0x41, 0x00, 0x62, 0x00, 0x42, 0x00, 0x42, 0x00, 0x42, 0x00, 0x62,
    0x00, 0x82, 0x00, 0x83, 0x00, 0x62, 0x00, 0x62, 0x00, 0xA3, 0x01, 0x66, 0x0A, 0x08, 0x01, 0x87,
    0x01, 0x25, 0x01, 0x87, 0x0A, 0xAB, 0x02, 0x8B, 0x02, 0x8C, 0x02, 0x8C, 0x01, 0xE9, 0x01, 0x26,
    0x0A, 0x29, 0x0A, 0xAB, 0x02, 0x0B, 0x0A, 0xCE, 0x03, 0x6F, 0x01, 0xCA, 0x01, 0x07, 0x01, 0x67,
    0x01, 0x05, 0x01, 0x06, 0x12, 0x08, 0x09, 0xA7, 0x09, 0xA8, 0x09, 0xA7, 0x09, 0x87, 0x12, 0x29,
    0x1A, 0xAA, 0x09, 0x66, 0x00, 0xE5, 0x01, 0x26, 0x01, 0x67, 0x01, 0x26, 0x01, 0x06, 0x01, 0x05,
    0x01, 0x26, 0x00, 0xE5, 0x01, 0xE9, 0x0A, 0x6A, 0x02, 0x0A, 0x01, 0x67, 0x01, 0xE9, 0x02, 0x29,
    0x01, 0x87, 0x01, 0xA6, 0x29, 0xAD, 0xF0, 0x1F, 0xF8, 0x1F, 0xF8, 0x1F, 0xF8, 0x1F, 0xF8, 0x1F,
    0xF8, 0x1F, 0xF8, 0x1F, 0xF8, 0x1F, 0xF8, 0x1F, 0xF8, 0x1F, 0xF8, 0x1F, 0xF8, 0x1F, 0xF8, 0x1F,
    0xF8, 0x1F, 0xF8, 0x1F, 0xF8, 0x1F, 0xF8, 0x1F, 0xF8, 0x1F, 0xF8, 0x1F, 0xF8, 0x1F, 0xF8, 0x1F,
    0xF8, 0x1F, 0xF8, 0x1F, 0xF8, 0x1F, 0xF0, 0x1E, 0xF0, 0x1E, 0xE8, 0x1D, 0xD8, 0x3B, 0xE0, 0x1C,
    0xE8, 0x1E, 0xF0, 0x1E, 0xF8, 0x1F, 0xF8, 0x1F, 0xF8, 0x1F, 0xF8, 0x1F, 0xF8, 0x1F, 0xF8, 0x1F,
    0xF8, 0x1F, 0xF8, 0x1F, 0xF8, 0x1F, 0xF8, 0x1F, 0xF8, 0x1F, 0xF8, 0x1F, 0xF8, 0x1F, 0xF8, 0x1F,
    0xF8, 0x1F, 0xF8, 0x1F, 0xF8, 0x1F, 0xF8, 0x1F, 0xF8, 0x1F, 0xF8, 0x1F, 0xF8, 0x1F, 0xF8, 0x1F,
    0xF8, 0x1F, 0xE0, 0x5D, 0x12, 0x6D, 0x02, 0x8C, 0x02, 0x6C, 0x02, 0x4B, 0x02, 0x6C, 0x02, 0x6B,
    0x01, 0xEA, 0x0A, 0xAC, 0x02, 0x4C, 0x02, 0x0B, 0x01, 0xA9, 0x02, 0x2B, 0x02, 0xCD, 0x02, 0x0A,
    0x01, 0xA9, 0x0A, 0x8C, 0x0A, 0x8B, 0x01, 0x26, 0x01, 0xC9, 0x02, 0x4B, 0x02, 0x2B, 0x02, 0x6C,
    0x02, 0x8D, 0x02, 0xAD, 0x0A, 0xEE, 0x0A, 0xEE, 0x0A, 0x6C, 0x1B, 0x2E, 0x02, 0xAD, 0x02, 0x2C,
    0x02, 0x6D, 0x02, 0x4B, 0x01, 0xEA, 0x01, 0xC8, 0x01, 0x67, 0x01, 0x05, 0x00, 0xE5, 0x01, 0x46,
    0x00, 0xC4, 0x00, 0xA4, 0x00, 0xE6, 0x01, 0x69, 0x01, 0x47, 0x01, 0xA8, 0x02, 0x0A, 0x01, 0xE9,
    0x01, 0x26, 0x00, 0x83, 0x00, 0xC4, 0x09, 0x46, 0x2A, 0x27, 0x42, 0x45, 0x52, 0x84, 0x4A, 0xA6,
    0x5A, 0x65, 0x42, 0x25, 0x29, 0xE6, 0x31, 0xE4, 0x00, 0x41, 0x00, 0x21, 0x00, 0x21, 0x00, 0x41,
    0x00, 0x42, 0x00, 0x42, 0x00, 0x42, 0x00, 0x62, 0x00, 0x83, 0x00, 0x62, 0x00, 0x42, 0x00, 0x22,
    0x00, 0x62, 0x01, 0x05, 0x09, 0xC7, 0x01, 0x05, 0x00, 0xA4, 0x00, 0xE5, 0x01, 0x26, 0x01, 0xC9,
    0x02, 0xAC, 0x02, 0xAC, 0x02, 0x8C, 0x01, 0xC8, 0x09, 0xA8, 0x0A, 0x6A, 0x02, 0xEE, 0x04, 0x12,
    0x02, 0x8D, 0x01, 0x68, 0x01, 0x26, 0x01, 0x46, 0x01, 0xA7, 0x09, 0xC8, 0x22, 0x8A, 0x09, 0xA8,
    0x12, 0x49, 0x09, 0xC7, 0x01, 0xA8, 0x2B, 0x8E, 0x2A, 0xCA, 0x01, 0x25, 0x01, 0x05, 0x01, 0x26,
    0x01, 0x47, 0x01, 0x06, 0x01, 0x06, 0x01, 0x05, 0x01, 0x05, 0x01, 0x26, 0x01, 0xE9, 0x0A, 0x6A,
    0x01, 0xC9, 0x01, 0xC8, 0x09, 0xE9, 0x09, 0xA8, 0x11, 0xA7, 0x02, 0x08, 0x91, 0x17, 0xF8, 0x1F,
    0xF8, 0x1F, 0xF8, 0x1F, 0xF8, 0x1F, 0xF8, 0x1F, 0xF8, 0x1F, 0xF8, 0x1F, 0xF8, 0x1F, 0xF8, 0x1F,
    0xF8, 0x1F, 0xF8, 0x1F, 0xF8, 0x1F, 0xF8, 0x1F, 0xF8, 0x1F, 0xF8, 0x1F, 0xF8, 0x1F, 0xF8, 0x1F,
    0xF8, 0x1F, 0xF8, 0x1F, 0xD8, 0x1B, 0xA0, 0x35, 0x80, 0x51, 0x50, 0x4C, 0x30, 0x47, 0x18, 0x45,
    0x10, 0xA5, 0x11, 0x87, 0x11, 0xA8, 0x09, 0x47, 0x09, 0x48, 0x19, 0x48, 0x28, 0xC8, 0x48, 0x6B,
    0x70, 0x50, 0x98, 0x54, 0xD0, 0x3A, 0xF8, 0x1F, 0xF8, 0x1F, 0xF8, 0x1F, 0xF8, 0x1F, 0xF8, 0x1F,
    0xF8, 0x1F, 0xF8, 0x1F, 0xF8, 0x1F, 0xF8, 0x1F, 0xF8, 0x1F, 0xF8, 0x1F, 0xF8, 0x1F, 0xF8, 0x1F,
    0xF8, 0x1F, 0xF8, 0x1F, 0xF8, 0x1F, 0xF8, 0x1F, 0xF8, 0x1F, 0xF8, 0x1F, 0x69, 0x54, 0x02, 0x4A,
    0x01, 0xCB, 0x02, 0x0B, 0x12, 0x4A, 0x1A, 0x4A, 0x02, 0x2B, 0x02, 0x2C, 0x02, 0xCD, 0x02, 0xED,
    0x01, 0xEA, 0x01, 0xEB, 0x02, 0x2B, 0x01, 0xC9, 0x0A, 0x2A, 0x0A, 0x8C, 0x0A, 0x8B, 0x12, 0x4A,
    0x02, 0x0A, 0x02, 0x2B, 0x02, 0x8D, 0x03, 0x2F, 0x0B, 0x2F, 0x02, 0xAD, 0x12, 0x8C, 0x0A, 0x8C,
    0x0B, 0x70, 0x0B, 0xB0, 0x01, 0x89, 0x01, 0xEA, 0x02, 0x09, 0x09, 0xA7, 0x01, 0xC9, 0x01, 0xA7,
    0x00, 0xE4, 0x00, 0xA4, 0x00, 0xE5, 0x00, 0xC4, 0x00, 0xC6, 0x01, 0x49, 0x02, 0x4B, 0x02, 0x0A,
    0x01, 0xC9, 0x01, 0xE8, 0x01, 0x25, 0x00, 0xC4, 0x00, 0xE5, 0x01, 0x67, 0x22, 0x07, 0x42, 0x66,
    0x52, 0x64, 0x49, 0xC1, 0x4A, 0x02, 0x51, 0xE2, 0x4A, 0x23, 0x52, 0x63, 0x6A, 0xC2, 0x93, 0xA2,
    0x00, 0x21, 0x00, 0x21, 0x00, 0x21, 0x00, 0x21, 0x00, 0x62, 0x00, 0x62, 0x00, 0x63, 0x00, 0x82,
    0x00, 0x62, 0x00, 0x62, 0x00, 0x42, 0x00, 0x21, 0x00, 0x63, 0x09, 0x05, 0x19, 0xA6, 0x01, 0x25,
    0x00, 0xE5, 0x01, 0x25, 0x09, 0x46, 0x09, 0xA7, 0x01, 0xC8, 0x02, 0x2A, 0x02, 0xAC, 0x01, 0xE9,
    0x02, 0x0A, 0x02, 0x4B, 0x03, 0x0F, 0x03, 0xF1, 0x02, 0x2C, 0x01, 0x27, 0x01, 0x47, 0x09, 0xA8,
    0x01, 0xE9, 0x1A, 0xEB, 0x11, 0xE9, 0x09, 0xA8, 0x12, 0x49, 0x01, 0x67, 0x0A, 0x2A, 0x2B, 0x8E,
    0x5A, 0xC6, 0x29, 0x01, 0x00, 0xE4, 0x01, 0x47, 0x01, 0x26, 0x00, 0xE5, 0x01, 0x26, 0x01, 0x86,
    0x00, 0xE5, 0x01, 0x26, 0x01, 0xC8, 0x0A, 0x09, 0x01, 0x88, 0x12, 0x2A, 0x09, 0xE9, 0x11, 0xE8,
    0x02, 0x6A, 0x1A, 0x91, 0xF0, 0x1E, 0xF8, 0x1F, 0xF8, 0x1F, 0xF8, 0x1F, 0xF8, 0x1F, 0xF8, 0x1F,
    0xF8, 0x1F, 0xF8, 0x1F, 0xF8, 0x1F, 0xF8, 0x1F, 0xF8, 0x1F, 0xF8, 0x1F, 0xF8, 0x1F, 0xF8, 0x1F,
    0xF8, 0x1F, 0xF8, 0x1F, 0xF8, 0x1F, 0xD0, 0x1A, 0x88, 0x52, 0x40, 0x8A, 0x08, 0xC4, 0x00, 0xE3,
    0x00, 0xA1, 0x00, 0xC1, 0x00, 0x82, 0x00, 0xE4, 0x0A, 0x4A, 0x13, 0x2D, 0x02, 0xAD, 0x02, 0xAD,
    0x02, 0x8B, 0x01, 0xE7, 0x01, 0x24, 0x01, 0x03, 0x00, 0xE2, 0x01, 0x24, 0x00, 0xE4, 0x30, 0x89,
    0x80, 0x72, 0xE0, 0x3D, 0xF8, 0x1F, 0xF8, 0x1F, 0xF8, 0x1F, 0xF8, 0x1F, 0xF8, 0x1F, 0xF8, 0x1F,
    0xF8, 0x1F, 0xF8, 0x1F, 0xF8, 0x1F, 0xF8, 0x1F, 0xF8, 0x1F, 0xF8, 0x1F, 0xF8, 0x1F, 0xF8, 0x1F,
    0xF8, 0x1F, 0xF8, 0x1F, 0xD0, 0x5C, 0x02, 0x8D, 0x0B, 0x2E, 0x02, 0x2B, 0x02, 0x0A, 0x02, 0x0B,
    0x02, 0xCE, 0x0B, 0x2E, 0x02, 0xED, 0x02, 0x6B, 0x02, 0x6C, 0x0A, 0xED, 0x02, 0x2B, 0x02, 0x0A,
    0x02, 0x2A, 0x02, 0x2A, 0x02, 0x6C, 0x03, 0x0E, 0x02, 0x6C, 0x02, 0x2B, 0x02, 0xEE, 0x0B, 0x90,
    0x12, 0x6B, 0x0A, 0x6B, 0x03, 0x0F, 0x03, 0x50, 0x13, 0xD1, 0x02, 0xCE, 0x02, 0x0A, 0x01, 0xE9,
    0x01, 0x87, 0x01, 0x06, 0x01, 0x67, 0x01, 0x05, 0x00, 0xA4, 0x00, 0xC6, 0x01, 0xAA, 0x01, 0xAA,
    0x02, 0x0B, 0x02, 0x8D, 0x02, 0x8B, 0x01, 0x05, 0x00, 0x83, 0x00, 0x84, 0x01, 0x26, 0x09, 0xA7,
    0x22, 0x07, 0x42, 0x66, 0x5A, 0x84, 0x5A, 0x42, 0x41, 0xC2, 0x5A, 0xA4, 0x73, 0x03, 0x8B, 0x20,
    0x9B, 0xC0, 0xA3, 0xE0, 0xB4, 0x00, 0xB4, 0x00, 0x00, 0x21, 0x00, 0x41, 0x00, 0x21, 0x00, 0x21,
    0x00, 0x41, 0x00, 0x62, 0x00, 0x62, 0x00, 0x62, 0x00, 0x82, 0x00, 0x83, 0x00, 0x83, 0x00, 0xA3,
    0x00, 0x83, 0x01, 0x25, 0x09, 0x86, 0x09, 0x86, 0x09, 0x66, 0x11, 0x25, 0x00, 0xE4, 0x01, 0x05,
    0x00, 0xC4, 0x01, 0xE9, 0x0A, 0xEC, 0x01, 0xEA, 0x02, 0x4B, 0x02, 0xAD, 0x03, 0x70, 0x04, 0x11,
    0x02, 0x0C, 0x01, 0x27, 0x01, 0x26, 0x09, 0xE9, 0x23, 0x0C, 0x1A, 0xEC, 0x12, 0x09, 0x11, 0xE9,
    0x12, 0x09, 0x0A, 0x09, 0x2B, 0xCF, 0x44, 0x71, 0x21, 0xC5, 0x28, 0xE2, 0x01, 0x25, 0x01, 0x87,
    0x01, 0x46, 0x01, 0x06, 0x01, 0x46, 0x01, 0x26, 0x01, 0x46, 0x01, 0x87, 0x09, 0xE9, 0x0A, 0x09,
    0x01, 0xA8, 0x11, 0xE9, 0x09, 0xA7, 0x09, 0x88, 0x03, 0x6E, 0x71, 0xD6, 0xF8, 0x1F, 0xF8, 0x1F,
    0xF8, 0x1F, 0xF8, 0x1F, 0xF8, 0x1F, 0xF8, 0x1F, 0xF8, 0x1F, 0xF8, 0x1F, 0xF8, 0x1F, 0xF8, 0x1F,
    0xF8, 0x1F, 0xF8, 0x1F, 0xF8, 0x1F, 0xF8, 0x1F, 0xF8, 0x1F, 0xE0, 0x1C, 0x58, 0x6D, 0x00, 0xE4,
    0x01, 0x23, 0x01, 0x44, 0x01, 0x66, 0x09, 0x67, 0x01, 0x05, 0x00, 0x84, 0x01, 0x47, 0x13, 0x2E,
    0x34, 0xB4, 0x34, 0xB4, 0x03, 0xF3, 0x0B, 0xD1, 0x13, 0x0E, 0x02, 0x09, 0x01, 0x47, 0x01, 0x68,
    0x01, 0xCA, 0x01, 0xE9, 0x01, 0x67, 0x01, 0x66, 0x01, 0x64, 0x10, 0xA5, 0x80, 0x72, 0xE8, 0x1D,
    0xF8, 0x1F, 0xF8, 0x1F, 0xF8, 0x1F, 0xF8, 0x1F, 0xF8, 0x1F, 0xF8, 0x1F, 0xF8, 0x1F, 0xF8, 0x1F,
    0xF8, 0x1F, 0xF8, 0x1F, 0xF8, 0x1F, 0xF8, 0x1F, 0xF8, 0x1F, 0xF8, 0x1F, 0xF8, 0x1F, 0x42, 0x31,
    0x02, 0xAB, 0x02, 0x0B, 0x02, 0x2B, 0x02, 0x2B, 0x02, 0x8D, 0x02, 0xAC, 0x02, 0x4B, 0x02, 0x2B,
    0x02, 0x2B, 0x02, 0x0A, 0x01, 0xEA, 0x01, 0xEA, 0x01, 0xEA, 0x02, 0x2B, 0x02, 0x6C, 0x02, 0xEE,
    0x02, 0xAD, 0x02, 0x8D, 0x0B, 0x2F, 0x13, 0x8F, 0x5B, 0x29, 0x0A, 0xED, 0x03, 0x0E, 0x02, 0xAD,
    0x02, 0x6D, 0x02, 0x6C, 0x01, 0xA9, 0x01, 0x67, 0x01, 0x66, 0x00, 0xC4, 0x00, 0x83, 0x00, 0x63,
    0x00, 0xE6, 0x01, 0xEA, 0x01, 0xEA, 0x01, 0xA8, 0x01, 0xA7, 0x01, 0xA7, 0x00, 0xE4, 0x00, 0x83,
    0x00, 0xA3, 0x11, 0x85, 0x22, 0x27, 0x4A, 0xA6, 0x52, 0x64, 0x4A, 0x03, 0x52, 0x22, 0x6A, 0xC2,
    0x83, 0x20, 0xB4, 0xA2, 0xBC, 0x82, 0xB3, 0xE0, 0xBC, 0x00, 0xAB, 0xC0, 0xA3, 0xA0, 0xAB, 0xC0,
    0x00, 0x42, 0x00, 0x83, 0x00, 0x62, 0x00, 0x41, 0x00, 0x41, 0x00, 0x62, 0x00, 0x62, 0x00, 0x42,
    0x00, 0x62, 0x00, 0x62, 0x00, 0xA4, 0x01, 0x26, 0x01, 0x87, 0x01, 0x47, 0x09, 0xC8, 0x11, 0xC8,
    0x09, 0x87, 0x11, 0x65, 0x08, 0xE4, 0x00, 0xE4, 0x01, 0x25, 0x01, 0xC8, 0x02, 0x2A, 0x02, 0x09,
    0x02, 0x0A, 0x02, 0xED, 0x03, 0x4F, 0x03, 0x0E, 0x01, 0xA9, 0x01, 0x47, 0x01, 0x26, 0x01, 0x06,
    0x12, 0x09, 0x0A, 0x09, 0x11, 0xC7, 0x09, 0x46, 0x09, 0x66, 0x0A, 0x2A, 0x3C, 0x30, 0x33, 0xCE,
    0x01, 0x06, 0x00, 0xE5, 0x01, 0x47, 0x01, 0x47, 0x01, 0x26, 0x01, 0x26, 0x01, 0x26, 0x01, 0x67,
    0x02, 0x4A, 0x0A, 0x4A, 0x1A, 0x6A, 0x09, 0xC8, 0x01, 0x67, 0x09, 0x67, 0x01, 0x45, 0x02, 0x4B,
    0x03, 0xB2, 0xC0, 0x7A, 0xF8, 0x1F, 0xF8, 0x1F, 0xF8, 0x1F, 0xF8, 0x1F, 0xF8, 0x1F, 0xF8, 0x1F,
    0xF8, 0x1F, 0xF8, 0x1F, 0xF8, 0x1F, 0xF8, 0x1F, 0xF8, 0x1F, 0xF8, 0x1F, 0xF8, 0x1F, 0xF8, 0x1F,
    0xB0, 0x37, 0x11, 0x07, 0x01, 0xA6, 0x01, 0xA8, 0x01, 0x88, 0x09, 0xA8, 0x09, 0x87, 0x01, 0x87,
    0x01, 0x26, 0x01, 0x06, 0x23, 0xB0, 0x45, 0x35, 0x4D, 0x55, 0x14, 0x12, 0x0C, 0x33, 0x23, 0xF0,
    0x1B, 0x0D, 0x01, 0x88, 0x01, 0xC8, 0x02, 0x0A, 0x02, 0x8D, 0x02, 0xAD, 0x02, 0x4B, 0x0A, 0x6B,
    0x01, 0x88, 0x01, 0x87, 0x01, 0x44, 0x18, 0xE7, 0xB8, 0x78, 0xF8, 0x1F, 0xF8, 0x1F, 0xF8, 0x1F,
    0xF8, 0x1F, 0xF8, 0x1F, 0xF8, 0x1F, 0xF8, 0x1F, 0xF8, 0x1F, 0xF8, 0x1F, 0xF8, 0x1F, 0xF8, 0x1F,
    0xF8, 0x1F, 0xF8, 0x1F, 0xF8, 0x1F, 0x88, 0xF6, 0x02, 0x4A, 0x02, 0x4C, 0x02, 0x4B, 0x02, 0x8C,
    0x02, 0x0B, 0x0A, 0x4B, 0x1A, 0x8A, 0x02, 0x0A, 0x01, 0x88, 0x02, 0x0A, 0x02, 0x0A, 0x01, 0xE9,
    0x0A, 0x4B, 0x02, 0xAD, 0x02, 0x8D, 0x02, 0xCE, 0x02, 0xAD, 0x03, 0x2F, 0x03, 0x4F, 0x02, 0xAC,
    0x22, 0xCC, 0x02, 0xCD, 0x01, 0xEA, 0x01, 0xA9, 0x01, 0xCA, 0x01, 0xE9, 0x01, 0x47, 0x01, 0x46,
    0x08, 0xC4, 0x08, 0xA4, 0x01, 0x07, 0x01, 0x68, 0x01, 0x47, 0x01, 0xC8, 0x01, 0x05, 0x00, 0x83,
    0x00, 0x83, 0x00, 0x63, 0x00, 0x83, 0x19, 0x65, 0x3A, 0x05, 0x52, 0x64, 0x4A, 0x44, 0x4A, 0x23,
    0x4A, 0x03, 0x52, 0x62, 0x9B, 0xA1, 0xBC, 0x60, 0x9B, 0xA0, 0xAB, 0xC0, 0xA3, 0x80, 0xA3, 0xA0,
    0xAB, 0xE0, 0xB4, 0x00, 0xB4, 0x00, 0xAB, 0xE0, 0x00, 0x42, 0x00, 0x62, 0x00, 0xA3, 0x00, 0x82,
    0x00, 0x42, 0x00, 0x21, 0x00, 0x41, 0x00, 0x62, 0x00, 0x42, 0x00, 0x42, 0x09, 0x25, 0x12, 0x08,
    0x0A, 0x08, 0x01, 0xA8, 0x01, 0xC8, 0x01, 0xC8, 0x09, 0x87, 0x01, 0x25, 0x01, 0x46, 0x01, 0x25,
    0x01, 0x46, 0x01, 0x05, 0x01, 0x47, 0x01, 0xA8, 0x02, 0x2B, 0x03, 0x4F, 0x03, 0x0E, 0x01, 0xEB,
    0x01, 0x07, 0x01, 0x47, 0x01, 0x25, 0x00, 0x83, 0x09, 0xC7, 0x09, 0x66, 0x00, 0xC4, 0x00, 0xC4,
    0x09, 0x66, 0x09, 0x67, 0x09, 0xE9, 0x12, 0x28, 0x01, 0x06, 0x01, 0x46, 0x01, 0x67, 0x01, 0x46,
    0x00, 0xE5, 0x01, 0x26, 0x01, 0x46, 0x0A, 0x8B, 0x13, 0x2D, 0x12, 0x6A, 0x09, 0xE8, 0x01, 0x67,
    0x01, 0xA8, 0x01, 0x87, 0x09, 0xC9, 0x03, 0xF2, 0x22, 0xF2, 0xF0, 0x1E, 0xF8, 0x1F, 0xF8, 0x1F,
    0xF8, 0x1F, 0xF8, 0x1F, 0xF8, 0x1F, 0xF8, 0x1F, 0xF8, 0x1F, 0xF8, 0x1F, 0xF8, 0x1F, 0xF8, 0x1F,
    0xF8, 0x1F, 0xF8, 0x1F, 0xF8, 0x1F, 0x88, 0x33, 0x01, 0x66, 0x02, 0x08, 0x01, 0xA9, 0x01, 0xC8,
    0x01, 0xC8, 0x0A, 0x09, 0x12, 0x4A, 0x01, 0x46, 0x00, 0xE6, 0x0A, 0xAD, 0x2C, 0x93, 0x4D, 0x14,
    0x1C, 0x73, 0x02, 0x0C, 0x01, 0x49, 0x23, 0x8E, 0x01, 0x67, 0x01, 0x26, 0x01, 0xE9, 0x0A, 0xEE,
    0x02, 0xCD, 0x02, 0xAD, 0x0A, 0xED, 0x0B, 0x0E, 0x02, 0x8C, 0x02, 0x2B, 0x0A, 0x0A, 0x0A, 0x08,
    0x01, 0x45, 0x98, 0x75, 0xF8, 0x1F, 0xF8, 0x1F, 0xF8, 0x1F, 0xF8, 0x1F, 0xF8, 0x1F, 0xF8, 0x1F,
    0xF8, 0x1F, 0xF8, 0x1F, 0xF8, 0x1F, 0xF8, 0x1F, 0xF8, 0x1F, 0xF8, 0x1F, 0xF8, 0x1F, 0xC8, 0x7C,
    0x02, 0x6C, 0x02, 0x6B, 0x02, 0x0B, 0x02, 0x2B, 0x01, 0xEA, 0x02, 0x4B, 0x12, 0x8B, 0x02, 0x0A,
    0x02, 0x2B, 0x12, 0xAC, 0x22, 0x49, 0x12, 0xCC, 0x0B, 0x0E, 0x03, 0x0E, 0x22, 0xCB, 0x12, 0x4A,
    0x02, 0x0A, 0x1A, 0xCC, 0x22, 0xEC, 0x02, 0x0B, 0x02, 0x4C, 0x02, 0x0B, 0x01, 0xEA, 0x01, 0xA9,
    0x01, 0x68, 0x01, 0x26, 0x00, 0xE5, 0x00, 0xE5, 0x00, 0xC6, 0x01, 0x68, 0x01, 0xC8, 0x01, 0x26,
    0x00, 0xC4, 0x00, 0xE5, 0x00, 0xE4, 0x00, 0xC4, 0x09, 0x25, 0x19, 0x85, 0x3A, 0x46, 0x5A, 0xA4,
    0x4A, 0x23, 0x49, 0xE2, 0x5A, 0x61, 0x6A, 0xC2, 0x93, 0x81, 0xAC, 0x00, 0xB3, 0xE0, 0xAB, 0xA0,
    0x8B, 0x20, 0x9B, 0x60, 0xAB, 0xE0, 0xAB, 0xE0, 0xA3, 0xE0, 0x93, 0x80, 0x6A, 0x81, 0x39, 0x81,
    0x00, 0x42, 0x00, 0x42, 0x00, 0xA3, 0x00, 0xA3, 0x00, 0x62, 0x00, 0x21, 0x00, 0x42, 0x00, 0x41,
    0x00, 0x42, 0x00, 0x62, 0x00, 0xA3, 0x09, 0x86, 0x12, 0x09, 0x01, 0x88, 0x01, 0xE9, 0x01, 0xE9,
    0x01, 0x67, 0x01, 0x46, 0x01, 0x66, 0x01, 0x05, 0x00, 0xC4, 0x00, 0xC4, 0x01, 0x05, 0x01, 0x87,
    0x02, 0xCD, 0x0B, 0xF1, 0x02, 0xEE, 0x01, 0x69, 0x01, 0x07, 0x01, 0x67, 0x00, 0xE4, 0x19, 0x86,
    0x11, 0xA6, 0x01, 0x24, 0x08, 0xC4, 0x00, 0x83, 0x00, 0xE5, 0x09, 0x86, 0x01, 0x05, 0x01, 0x46,
    0x01, 0x06, 0x01, 0x26, 0x01, 0x26, 0x00, 0xE5, 0x01, 0x05, 0x01, 0x26, 0x01, 0xEA, 0x24, 0x10,
    0x12, 0x8B, 0x01, 0x68, 0x09, 0x87, 0x01, 0x67, 0x09, 0xC8, 0x01, 0x87, 0x03, 0xB2, 0x04, 0xB5,
    0x59, 0x93, 0xF8, 0x1F, 0xF8, 0x1F, 0xF8, 0x1F, 0xF8, 0x1F, 0xF8, 0x1F, 0xF8, 0x1F, 0xF8, 0x1F,
    0xF8, 0x1F, 0xF8, 0x1F, 0xF8, 0x1F, 0xF8, 0x1F, 0xF8, 0x1F, 0xF8, 0x1F, 0x90, 0x74, 0x01, 0xC6,
    0x02, 0x2A, 0x01, 0xC8, 0x01, 0x67, 0x01, 0x26, 0x09, 0x87, 0x12, 0x29, 0x09, 0xC8, 0x00, 0xE6,
    0x02, 0x2C, 0x1C, 0x32, 0x34, 0x93, 0x13, 0xB2, 0x03, 0xF4, 0x13, 0xD1, 0x1B, 0x0E, 0x0A, 0xCB,
    0x01, 0x06, 0x01, 0xA8, 0x02, 0x6C, 0x03, 0x0E, 0x02, 0xAD, 0x02, 0xAC, 0x0A, 0x6C, 0x02, 0xCE,
    0x02, 0xEE, 0x0B, 0x4F, 0x13, 0x0D, 0x11, 0x67, 0x01, 0x26, 0x01, 0x85, 0xA8, 0x57, 0xF8, 0x1F,
    0xF8, 0x1F, 0xF8, 0x1F, 0xF8, 0x1F, 0xF8, 0x1F, 0xF8, 0x1F, 0xF8, 0x1F, 0xF8, 0x1F, 0xF8, 0x1F,
    0xF8, 0x1F, 0xF8, 0x1F, 0xF8, 0x1F, 0xF0, 0x1E, 0x1A, 0x0E, 0x02, 0x2B, 0x02, 0x0B, 0x02, 0x0A,
    0x12, 0x09, 0x2A, 0x68, 0x02, 0x2B, 0x02, 0x4B, 0x02, 0x2C, 0x02, 0x2C, 0x1A, 0xCC, 0x12, 0xED,
    0x22, 0xCB, 0x22, 0xAA, 0x12, 0x4B, 0x1A, 0xEE, 0x0B, 0x4F, 0x12, 0x6B, 0x12, 0x4A, 0x01, 0xEB,
    0x19, 0xE8, 0x12, 0x29, 0x02, 0x2C, 0x01, 0xC9, 0x00, 0xE5, 0x00, 0x63, 0x00, 0x84, 0x01, 0x47,
    0x01, 0xA8, 0x01, 0xC8, 0x01, 0x26, 0x00, 0xA3, 0x00, 0xC4, 0x00, 0x83, 0x19, 0x23, 0x39, 0xE4,
    0x5A, 0xC6, 0x52, 0xA4, 0x52, 0x43, 0x52, 0x43, 0x62, 0xA2, 0x83, 0x21, 0x9B, 0x80, 0xAB, 0xE0,
    0xAB, 0xC0, 0xA3, 0xA0, 0xA3, 0xA0, 0xAB, 0xE0, 0xB4, 0x20, 0xA3, 0xA0, 0x93, 0x41, 0x72, 0xA1,
    0x52, 0x03, 0x29, 0x84, 0x21, 0xA5, 0x29, 0xC5, 0x00, 0xA3, 0x00, 0xA3, 0x00, 0x83, 0x00, 0xA3,
    0x00, 0xA4, 0x00, 0xA3, 0x00, 0x83, 0x00, 0x42, 0x00, 0x62, 0x00, 0x62, 0x00, 0x83, 0x01, 0x46,
    0x09, 0x87, 0x09, 0xC8, 0x0A, 0x29, 0x09, 0xE8, 0x01, 0x05, 0x01, 0x66, 0x01, 0x86, 0x01, 0x25,
    0x00, 0xE5, 0x09, 0x45, 0x01, 0x25, 0x01, 0xC9, 0x0B, 0x2F, 0x0B, 0x4E, 0x01, 0x89, 0x01, 0x07,
    0x01, 0x06, 0x00, 0xE5, 0x00, 0xE4, 0x11, 0x45, 0x00, 0xC4, 0x00, 0xC3, 0x00, 0xC4, 0x01, 0x25,
    0x00, 0xE5, 0x01, 0x25, 0x01, 0x86, 0x01, 0x26, 0x01, 0x26, 0x01, 0x66, 0x00, 0xE5, 0x00, 0xA4,
    0x01, 0x05, 0x01, 0x06, 0x1B, 0x4E, 0x1B, 0x8E, 0x01, 0xE9, 0x09, 0xC8, 0x01, 0xA8, 0x01, 0xA7,
    0x01, 0x67, 0x02, 0xCE, 0x04, 0xF8, 0x03, 0xD1, 0x88, 0xD5, 0xF8, 0x1F, 0xF8, 0x1F, 0xF8, 0x1F,
    0xF8, 0x1F, 0xF8, 0x1F, 0xF8, 0x1F, 0xF8, 0x1F, 0xF8, 0x1F, 0xF8, 0x1F, 0xF8, 0x1F, 0xF8, 0x1F,
    0xF8, 0x1F, 0xC0, 0x59, 0x0A, 0x2A, 0x02, 0x2A, 0x01, 0x88, 0x09, 0x87, 0x01, 0x87, 0x09, 0x46,
    0x29, 0xC6, 0x01, 0x26, 0x01, 0x07, 0x2A, 0x08, 0x44, 0x0F, 0x34, 0xF4, 0x13, 0xB2, 0x03, 0xB4,
    0x14, 0x95, 0x1C, 0x11, 0x0A, 0xAB, 0x01, 0xA8, 0x02, 0x2B, 0x0A, 0xEE, 0x02, 0xCE, 0x02, 0xEE,
    0x02, 0x4C, 0x02, 0xAD, 0x02, 0xCE, 0x03, 0x2E, 0x13, 0x4F, 0x13, 0x6F, 0x03, 0x2F, 0x02, 0x2B,
    0x0A, 0x2B, 0x02, 0x29, 0x18, 0xC6, 0xD8, 0x1C, 0xF8, 0x1F, 0xF8, 0x1F, 0xF8, 0x1F, 0xF8, 0x1F,
    0xF8, 0x1F, 0xF8, 0x1F, 0xF8, 0x1F, 0xF8, 0x1F, 0xF8, 0x1F, 0xF8, 0x1F, 0xF8, 0x1F, 0xF8, 0x1F,
    0x49, 0xB1, 0x02, 0x6A, 0x02, 0x2B, 0x12, 0x4A, 0x12, 0x4A, 0x0A, 0x2A, 0x02, 0x0B, 0x02, 0x2B,
    0x02, 0xCD, 0x0B, 0x2F, 0x2B, 0x0A, 0x5A, 0x43, 0x3A, 0x06, 0x42, 0x88, 0x0C, 0x12, 0x2D, 0x76,
    0x0B, 0x0F, 0x01, 0xEB, 0x01, 0x49, 0x01, 0x8A, 0x01, 0xEA, 0x01, 0xEA, 0x01, 0xE9, 0x01, 0x46,
    0x00, 0xC4, 0x00, 0x43, 0x01, 0x06, 0x01, 0x47, 0x00, 0xA4, 0x00, 0xA3, 0x00, 0xE5, 0x00, 0xC4,
    0x00, 0xC4, 0x10, 0xE3, 0x4A, 0x43, 0x6A, 0xA2, 0x62, 0xA3, 0x4A, 0x44, 0x73, 0x02, 0x93, 0xA0,
    0xAC, 0x00, 0xAB, 0xC0, 0x9B, 0x80, 0xA3, 0xA0, 0xAB, 0xC0, 0xAC, 0x00, 0xA3, 0xC0, 0x8B, 0x41,
    0x6A, 0xA1, 0x49, 0xE1, 0x31, 0x82, 0x31, 0x83, 0x29, 0xC5, 0x3A, 0x25, 0x5A, 0xA4, 0x6A, 0xE3,
    0x01, 0x26, 0x01, 0xC8, 0x01, 0xA8, 0x00, 0xE5, 0x00, 0xC4, 0x00, 0xE4, 0x00, 0xE4, 0x00, 0x83,
    0x00, 0x62, 0x00, 0xA3, 0x00, 0xA3, 0x01, 0x05, 0x09, 0xA7, 0x01, 0x66, 0x0A, 0x29, 0x0A, 0x49,
    0x09, 0xA7, 0x01, 0x25, 0x01, 0x25, 0x01, 0x05, 0x01, 0x05, 0x01, 0x66, 0x01, 0x67, 0x02, 0x2A,
    0x02, 0xED, 0x01, 0xA9, 0x00, 0xC7, 0x01, 0x26, 0x00, 0xE5, 0x00, 0xA3, 0x01, 0x04, 0x01, 0x04,
    0x00, 0xE4, 0x00, 0xE5, 0x01, 0x05, 0x01, 0x26, 0x01, 0x46, 0x01, 0x26, 0x09, 0x66, 0x01, 0x26,
    0x01, 0x06, 0x01, 0x05, 0x01, 0x26, 0x01, 0x25, 0x01, 0x26, 0x02, 0x8B, 0x13, 0x6E, 0x02, 0x2A,
    0x09, 0xE9, 0x01, 0x88, 0x0A, 0x09, 0x11, 0x87, 0x02, 0x0B, 0x04, 0x96, 0x04, 0xD8, 0x03, 0x0F,
    0xB0, 0x57, 0xF8, 0x1F, 0xF8, 0x1F, 0xF8, 0x1F, 0xF8, 0x1F, 0xF8, 0x1F, 0xF8, 0x1F, 0xF8, 0x1F,
    0xF8, 0x1F, 0xF8, 0x1F, 0xF8, 0x1F, 0xF8, 0x1F, 0xF8, 0x1F, 0x41, 0x4E, 0x02, 0x49, 0x0A, 0x0A,
    0x0A, 0x09, 0x11, 0xE9, 0x01, 0x87, 0x09, 0x66, 0x19, 0x65, 0x01, 0x48, 0x13, 0x50, 0x6C, 0xD0,
    0x5C, 0x0F, 0x13, 0xD2, 0x03, 0xB4, 0x0C, 0x54, 0x13, 0xD0, 0x02, 0x6B, 0x01, 0x47, 0x02, 0x6C,
    0x0B, 0x6F, 0x02, 0xCE, 0x0B, 0x0E, 0x02, 0x8C, 0x02, 0x6C, 0x02, 0xCD, 0x0B, 0x4F, 0x13, 0x6F,
    0x0B, 0x0E, 0x03, 0x4F, 0x03, 0x90, 0x03, 0x70, 0x02, 0xCD, 0x01, 0xC9, 0x01, 0x03, 0x68, 0x4F,
    0xF8, 0x1F, 0xF8, 0x1F, 0xF8, 0x1F, 0xF8, 0x1F, 0xF8, 0x1F, 0xF8, 0x1F, 0xF8, 0x1F, 0xF8, 0x1F,
    0xF8, 0x1F, 0xF8, 0x1F, 0xF8, 0x1F, 0xF8, 0x1F, 0x69, 0x13, 0x02, 0x8A, 0x0A, 0xAD, 0x12, 0x8B,
    0x0A, 0x4B, 0x02, 0x8C, 0x02, 0x6C, 0x1A, 0xEC, 0x3B, 0x0B, 0x22, 0xEC, 0x12, 0x29, 0x42, 0xA8,
    0x24, 0x10, 0x1B, 0x2E, 0x03, 0x90, 0x02, 0xAD, 0x02, 0x2B, 0x01, 0xEB, 0x01, 0xCA, 0x02, 0x0B,
    0x02, 0x0A, 0x01, 0x67, 0x00, 0xC4, 0x00, 0x84, 0x00, 0xE5, 0x00, 0xC6, 0x01, 0x27, 0x01, 0x25,
    0x00, 0x83, 0x00, 0xA4, 0x01, 0x47, 0x11, 0xC7, 0x31, 0xE5, 0x4A, 0x44, 0x4A, 0x23, 0x52, 0x43,
    0x73, 0x02, 0x8B, 0x60, 0xAB, 0xC0, 0xAB, 0xC0, 0xA3, 0x80, 0xA4, 0x01, 0xB4, 0x40, 0xA3, 0xA0,
    0x7B, 0x02, 0x52, 0x63, 0x39, 0xE4, 0x29, 0x84, 0x21, 0x84, 0x21, 0x84, 0x31, 0xC5, 0x5A, 0x83,
    0x5A, 0xA3, 0x5A, 0xA3, 0x5A, 0x81, 0x41, 0xC0, 0x02, 0x4B, 0x0B, 0xAF, 0x0B, 0x4D, 0x01, 0x87,
    0x01, 0x05, 0x00, 0xE4, 0x00, 0xE4, 0x00, 0xE4, 0x00, 0xA3, 0x00, 0xE4, 0x09, 0x45, 0x00, 0xE5,
    0x09, 0x87, 0x01, 0x46, 0x09, 0xE8, 0x09, 0xC8, 0x01, 0x87, 0x00, 0xE4, 0x00, 0xE4, 0x00, 0xE5,
    0x00, 0xE5, 0x01, 0x66, 0x01, 0xC9, 0x0A, 0xCC, 0x02, 0xCC, 0x01, 0x68, 0x01, 0x27, 0x01, 0x26,
    0x00, 0xE4, 0x00, 0xE4, 0x00, 0xE4, 0x01, 0x05, 0x01, 0x05, 0x01, 0x06, 0x01, 0x26, 0x01, 0x46,
    0x01, 0x26, 0x01, 0x26, 0x01, 0x26, 0x00, 0xE5, 0x00, 0xE5, 0x01, 0x46, 0x01, 0x46, 0x01, 0x06,
    0x0A, 0x09, 0x2C, 0x30, 0x13, 0x0C, 0x01, 0x88, 0x01, 0x87, 0x01, 0xC8, 0x09, 0x87, 0x0A, 0x0A,
    0x04, 0x14, 0x04, 0xB7, 0x03, 0xD4, 0x02, 0x2C, 0xD0, 0x3A, 0xF8, 0x1F, 0xF8, 0x1F, 0xF8, 0x1F,
    0xF8, 0x1F, 0xF8, 0x1F, 0xF8, 0x1F, 0xF8, 0x1F, 0xF8, 0x1F, 0xF8, 0x1F, 0xF8, 0x1F, 0xF8, 0x1F,
    0xC8, 0x5A, 0x01, 0xE9, 0x0A, 0x2A, 0x12, 0x4A, 0x0A, 0x09, 0x01, 0x47, 0x01, 0x27, 0x02, 0x2B,
    0x02, 0xAD, 0x34, 0x93, 0x4D, 0x75, 0x24, 0x73, 0x0B, 0x91, 0x03, 0xB3, 0x0C, 0x74, 0x0B, 0xF1,
    0x02, 0x4B, 0x01, 0x88, 0x0A, 0xCD, 0x0B, 0x4E, 0x02, 0xAD, 0x02, 0xAD, 0x02, 0x8C, 0x02, 0x8C,
    0x13, 0x2F, 0x1B, 0x4F, 0x1B, 0x6F, 0x13, 0x0E, 0x02, 0xAD, 0x0B, 0xB0, 0x0B, 0x2E, 0x02, 0x4B,
    0x0B, 0x0E, 0x01, 0xEA, 0x01, 0xA7, 0x18, 0xE7, 0xE8, 0x1E, 0xF8, 0x1F, 0xF8, 0x1F, 0xF8, 0x1F,
    0xF8, 0x1F, 0xF8, 0x1F, 0xF8, 0x1F, 0xF8, 0x1F, 0xF8, 0x1F, 0xF8, 0x1F, 0xF8, 0x1F, 0xF8, 0x1F,
    0x88, 0xF5, 0x02, 0xAB, 0x12, 0x8B, 0x2A, 0xA9, 0x22, 0xCA, 0x12, 0xAB, 0x02, 0x0A, 0x7B, 0x85,
    0xBB, 0xC2, 0x3A, 0xA9, 0x01, 0xCA, 0x01, 0x8A, 0x13, 0x2E, 0x02, 0x4C, 0x02, 0x8D, 0x01, 0xCA,
    0x02, 0x0B, 0x01, 0xA8, 0x01, 0xA9, 0x01, 0x88, 0x01, 0x05, 0x00, 0xA5, 0x01, 0x07, 0x01, 0x67,
    0x01, 0x26, 0x01, 0x06, 0x00, 0xA4, 0x00, 0xE4, 0x00, 0xC4, 0x08, 0xE3, 0x3A, 0x24, 0x52, 0x43,
    0x42, 0x03, 0x39, 0xE4, 0x62, 0xA2, 0x93, 0xA0, 0xAB, 0xE0, 0xA3, 0xA0, 0x93, 0x40, 0x9B, 0x80,
    0x9B, 0x80, 0x83, 0x41, 0x6A, 0xE3, 0x31, 0xC3, 0x29, 0xC5, 0x32, 0x05, 0x42, 0x45, 0x42, 0x64,
    0x52, 0x63, 0x4A, 0x63, 0x5A, 0xA3, 0x62, 0xC3, 0x62, 0x82, 0x31, 0x81, 0x18, 0xE1, 0x08, 0x61,
    0x23, 0xF0, 0x13, 0x6E, 0x02, 0x2A, 0x01, 0xE9, 0x01, 0x46, 0x00, 0xC4, 0x00, 0xC4, 0x09, 0x45,
    0x19, 0x85, 0x09, 0x05, 0x09, 0x87, 0x01, 0x46, 0x01, 0x66, 0x01, 0xC8, 0x1A, 0x49, 0x09, 0xA8,
    0x01, 0x46, 0x00, 0xE4, 0x01, 0x04, 0x01, 0x05, 0x01, 0x05, 0x01, 0x46, 0x02, 0x0A, 0x02, 0xCC,
    0x01, 0xEA, 0x01, 0x07, 0x01, 0x06, 0x00, 0xE5, 0x00, 0xE4, 0x00, 0xC4, 0x00, 0xE5, 0x01, 0x05,
    0x01, 0x25, 0x09, 0x45, 0x00, 0xE5, 0x00, 0xC4, 0x00, 0xE5, 0x01, 0x87, 0x01, 0x46, 0x00, 0xC5,
    0x01, 0x05, 0x01, 0x46, 0x01, 0x05, 0x01, 0x87, 0x1A, 0xCB, 0x0A, 0x8B, 0x01, 0xE9, 0x01, 0x87,
    0x01, 0x87, 0x09, 0xA7, 0x09, 0xC9, 0x03, 0xF4, 0x04, 0xD7, 0x03, 0xB3, 0x03, 0x30, 0x09, 0xAA,
    0xE8, 0x1D, 0xF8, 0x1F, 0xF8, 0x1F, 0xF8, 0x1F, 0xF8, 0x1F, 0xF8, 0x1F, 0xF8, 0x1F, 0xF8, 0x1F,
    0xF8, 0x1F, 0xF8, 0x1F, 0xF8, 0x1F, 0xF8, 0x1F, 0x71, 0x13, 0x02, 0x48, 0x12, 0x09, 0x09, 0xC8,
    0x01, 0x26, 0x01, 0x27, 0x13, 0x6E, 0x14, 0x32, 0x34, 0xF5, 0x4D, 0x55, 0x14, 0x32, 0x0B, 0xF2,
    0x0B, 0xF3, 0x04, 0x14, 0x0B, 0xD0, 0x0A, 0x6B, 0x01, 0x48, 0x0A, 0xEE, 0x1B, 0x90, 0x02, 0x8C,
    0x02, 0x4C, 0x02, 0xAC, 0x02, 0x8D, 0x0B, 0x2F, 0x13, 0x6F, 0x0B, 0x0E, 0x0B, 0x0E, 0x0A, 0xEE,
    0x0B, 0x2F, 0x0B, 0x4F, 0x02, 0x8C, 0x02, 0x6C, 0x12, 0xCC, 0x02, 0x0A, 0x01, 0xC9, 0x01, 0x04,
    0xA8, 0x36, 0xF8, 0x1F, 0xF8, 0x1F, 0xF8, 0x1F, 0xF8, 0x1F, 0xF8, 0x1F, 0xF8, 0x1F, 0xF8, 0x1F,
    0xF8, 0x1F, 0xF8, 0x1F, 0xF8, 0x1F, 0xF8, 0x1F, 0xA8, 0xF8, 0x0A, 0x89, 0xAC, 0x67, 0x8B, 0xC7,
    0x3A, 0x27, 0x11, 0xA8, 0x01, 0xEA, 0x22, 0xAA, 0x42, 0xC9, 0x1A, 0x29, 0x02, 0x6C, 0x02, 0x8C,
    0x02, 0x2C, 0x02, 0x0B, 0x01, 0xEA, 0x01, 0xEA, 0x01, 0x46, 0x01, 0x26, 0x00, 0xE5, 0x00, 0x63,
    0x00, 0x85, 0x01, 0x28, 0x02, 0x0B, 0x01, 0xC8, 0x00, 0xA3, 0x00, 0xC4, 0x00, 0x83, 0x00, 0xA4,
    0x21, 0xA5, 0x4A, 0x44, 0x52, 0x85, 0x4A, 0x24, 0x4A, 0x23, 0x7B, 0x22, 0xAB, 0xC0, 0xA3, 0xA0,
    0xA3, 0x80, 0xA3, 0xC0, 0x8B, 0x40, 0x6A, 0xA1, 0x3A, 0x24, 0x31, 0xC5, 0x31, 0xE5, 0x3A, 0x24,
    0x5A, 0x83, 0x5A, 0xA2, 0x62, 0xA2, 0x6A, 0xC1, 0x62, 0x81, 0x5A, 0x41, 0x5A, 0x01, 0x39, 0x81,
    0x18, 0xE1, 0x00, 0x41, 0x00, 0x61, 0x00, 0x42, 0x24, 0x30, 0x0A, 0x29, 0x01, 0x06, 0x09, 0x87,
    0x01, 0x87, 0x01, 0x25, 0x00, 0xE5, 0x00, 0xE4, 0x11, 0x05, 0x11, 0xA7, 0x11, 0xE7, 0x01, 0x86,
    0x01, 0x26, 0x01, 0x87, 0x0A, 0x4A, 0x12, 0xAB, 0x09, 0x86, 0x00, 0xE4, 0x00, 0xE4, 0x01, 0x05,
    0x00, 0xE5, 0x01, 0x67, 0x02, 0x4A, 0x02, 0x6B, 0x01, 0x47, 0x00, 0xC5, 0x00, 0xE5, 0x00, 0xC5,
    0x00, 0xE5, 0x01, 0x05, 0x01, 0x26, 0x01, 0x26, 0x01, 0x25, 0x01, 0x05, 0x00, 0xC4, 0x00, 0xA4,
    0x00, 0xE5, 0x01, 0x46, 0x01, 0x05, 0x01, 0x46, 0x01, 0x46, 0x01, 0x25, 0x01, 0x46, 0x0A, 0x29,
    0x02, 0x09, 0x01, 0x88, 0x01, 0x47, 0x09, 0xA7, 0x09, 0x87, 0x09, 0x88, 0x03, 0x71, 0x04, 0xB6,
    0x03, 0x93, 0x03, 0x31, 0x02, 0x4B, 0x19, 0x28, 0xF0, 0x1E, 0xF8, 0x1F, 0xF8, 0x1F, 0xF8, 0x1F,
    0xF8, 0x1F, 0xF8, 0x1F, 0xF8, 0x1F, 0xF8, 0x1F, 0xF8, 0x1F, 0xF8, 0x1F, 0xF8, 0x1F, 0xF8, 0x1F,
    0x62, 0x12, 0x02, 0x07, 0x01, 0x26, 0x01, 0x88, 0x0A, 0x0A, 0x2B, 0xF0, 0x35, 0x13, 0x2C, 0xB4,
    0x2C, 0xB4, 0x03, 0xF2, 0x03, 0xB1, 0x14, 0x53, 0x04, 0x14, 0x0C, 0x32, 0x0A, 0xEC, 0x01, 0xA8,
    0x2B, 0x4E, 0x23, 0xB0, 0x02, 0x8C, 0x02, 0x8C, 0x02, 0xCD, 0x02, 0xED, 0x03, 0x0E, 0x0B, 0x4F,
    0x0B, 0x2E, 0x0A, 0xCD, 0x03, 0x70, 0x0B, 0xB0, 0x0B, 0x2F, 0x02, 0xEE, 0x02, 0x2B, 0x02, 0x0B,
    0x02, 0x8C, 0x02, 0x4B, 0x01, 0xC9, 0x01, 0x23, 0x80, 0x51, 0xF8, 0x1F, 0xF8, 0x1F, 0xF8, 0x1F,
    0xF8, 0x1F, 0xF8, 0x1F, 0xF8, 0x1F, 0xF8, 0x1F, 0xF8, 0x1F, 0xF8, 0x1F, 0xF8, 0x1F, 0xF8, 0x1F,
    0xB0, 0xD9, 0x1A, 0x69, 0x4A, 0xC9, 0x12, 0x6B, 0x02, 0x4C, 0x02, 0x0C, 0x02, 0x4C, 0x12, 0x8B,
    0x02, 0x6C, 0x02, 0x4C, 0x02, 0x0A, 0x09, 0xA9, 0x1A, 0x09, 0x01, 0x67, 0x01, 0x26, 0x01, 0x26,
    0x00, 0xC5, 0x01, 0x06, 0x00, 0xC5, 0x00, 0xE6, 0x01, 0xA9, 0x02, 0x4B, 0x02, 0x2A, 0x01, 0x25,
    0x00, 0x83, 0x00, 0xC4, 0x09, 0x46, 0x2A, 0x06, 0x42, 0x25, 0x3A, 0x05, 0x42, 0x24, 0x72, 0xE1,
    0xA3, 0xE0, 0xAB, 0xC0, 0x9B, 0x80, 0xA3, 0xC0, 0x8B, 0x20, 0x62, 0xA2, 0x3A, 0x04, 0x21, 0x84,
    0x29, 0xC5, 0x4A, 0x64, 0x5A, 0xC3, 0x62, 0xA1, 0x62, 0xA1, 0x6A, 0xA1, 0x62, 0x40, 0x5A, 0x00,
    0x52, 0x00, 0x39, 0x81, 0x39, 0xE5, 0x10, 0xE3, 0x00, 0x21, 0x00, 0x21, 0x00, 0x21, 0x00, 0x83,
    0x12, 0xCB, 0x01, 0x87, 0x09, 0x25, 0x00, 0xE4, 0x01, 0x46, 0x09, 0x66, 0x00, 0xC4, 0x00, 0xC4,
    0x00, 0xC4, 0x01, 0x05, 0x09, 0x87, 0x01, 0x87, 0x09, 0xE8, 0x09, 0x87, 0x02, 0x4A, 0x12, 0xCB,
    0x01, 0x66, 0x01, 0x05, 0x00, 0xE4, 0x00, 0xC4, 0x00, 0xE5, 0x01, 0xA8, 0x02, 0x29, 0x01, 0x88,
    0x01, 0x06, 0x00, 0xE5, 0x00, 0xE4, 0x01, 0x26, 0x01, 0x26, 0x01, 0x25, 0x01, 0x46, 0x01, 0x05,
    0x00, 0xE5, 0x00, 0xE5, 0x00, 0xE5, 0x01, 0x05, 0x00, 0xE4, 0x00, 0xE5, 0x01, 0x05, 0x01, 0x46,
    0x01, 0x26, 0x00, 0xE5, 0x01, 0xE8, 0x0A, 0x09, 0x01, 0xE9, 0x01, 0xA8, 0x01, 0x87, 0x09, 0x66,
    0x11, 0xC8, 0x03, 0x50, 0x04, 0xB7, 0x03, 0x93, 0x02, 0xF0, 0x02, 0xCF, 0x02, 0x6A, 0x31, 0x8A,
    0xF0, 0x1E, 0xF8, 0x1F, 0xF8, 0x1F, 0xF8, 0x1F, 0xF8, 0x1F, 0xF8, 0x1F, 0xF8, 0x1F, 0xF8, 0x1F,
    0xF8, 0x1F, 0xF8, 0x1F, 0xF8, 0x1F, 0xF8, 0x1F, 0x39, 0x8C, 0x01, 0x05, 0x12, 0x6C, 0x45, 0x15,
    0x45, 0x96, 0x25, 0x35, 0x0C, 0xD5, 0x14, 0x53, 0x03, 0xF2, 0x03, 0xF2, 0x0C, 0x32, 0x0C, 0x34,
    0x04, 0x34, 0x0B, 0x6E, 0x09, 0xE8, 0x0A, 0xED, 0x1B, 0x6F, 0x02, 0x6C, 0x02, 0x6C, 0x02, 0xCD,
    0x02, 0xED, 0x13, 0x6F, 0x13, 0x8F, 0x13, 0x4F, 0x13, 0x0E, 0x03, 0x2F, 0x13, 0xD0, 0x0B, 0x0E,
    0x02, 0xAD, 0x02, 0x4C, 0x02, 0x2B, 0x02, 0x4B, 0x02, 0x6B, 0x02, 0x4B, 0x02, 0x2B, 0x01, 0xA5,
    0x68, 0x6F, 0xF8, 0x1F, 0xF8, 0x1F, 0xF8, 0x1F, 0xF8, 0x1F, 0xF8, 0x1F, 0xF8, 0x1F, 0xF8, 0x1F,
    0xF8, 0x1F, 0xF8, 0x1F, 0xF8, 0x1F, 0xF8, 0x1F, 0xB0, 0x9A, 0x02, 0x4B, 0x01, 0xEA, 0x01, 0xCA,
    0x02, 0x0B, 0x02, 0x4C, 0x02, 0x6C, 0x22, 0xAA, 0x0A, 0x09, 0x01, 0xA9, 0x01, 0x88, 0x01, 0x26,
    0x08, 0xE4, 0x00, 0xA4, 0x00, 0xA4, 0x00, 0x84, 0x01, 0x07, 0x01, 0xCA, 0x0A, 0x6C, 0x02, 0x2B,
    0x02, 0x09, 0x0A, 0x4A, 0x00, 0xE5, 0x00, 0xC4, 0x01, 0x25, 0x19, 0xC6, 0x42, 0x66, 0x42, 0x04,
    0x31, 0xC4, 0x52, 0x43, 0x93, 0x60, 0xB3, 0xE0, 0xA3, 0xA0, 0x9B, 0xC0, 0x8B, 0x60, 0x5A, 0x62,
    0x21, 0x84, 0x29, 0x85, 0x31, 0xE4, 0x52, 0x84, 0x62, 0x82, 0x62, 0xA2, 0x62, 0x81, 0x62, 0x20,
    0x5A, 0x20, 0x5A, 0x20, 0x49, 0xA0, 0x39, 0x60, 0x29, 0x42, 0x10, 0xC2, 0x08, 0xC2, 0x00, 0x20,
    0x00, 0x22, 0x00, 0x63, 0x00, 0xE5, 0x09, 0x86, 0x09, 0x46, 0x00, 0xE4, 0x01, 0x04, 0x00, 0xE5,
    0x01, 0x26, 0x09, 0x66, 0x01, 0x25, 0x00, 0xC4, 0x00, 0xC4, 0x01, 0x46, 0x09, 0x86, 0x12, 0x09,
    0x0A, 0x28, 0x00, 0xE5, 0x09, 0xA7, 0x01, 0x87, 0x00, 0xE5, 0x01, 0x05, 0x01, 0x45, 0x01, 0x25,
    0x01, 0x26, 0x02, 0x09, 0x02, 0x0A, 0x01, 0x07, 0x00, 0xE5, 0x00, 0xE5, 0x00, 0xE5, 0x01, 0x26,
    0x01, 0x05, 0x01, 0x05, 0x01, 0x05, 0x00, 0xE4, 0x01, 0x05, 0x00, 0xE5, 0x01, 0x05, 0x00, 0xE4,
    0x00, 0xC4, 0x09, 0x66, 0x09, 0xE8, 0x0A, 0x29, 0x0A, 0x29, 0x11, 0xE8, 0x09, 0xE8, 0x01, 0xC8,
    0x01, 0xC8, 0x01, 0xA8, 0x01, 0x66, 0x01, 0x25, 0x1B, 0x4E, 0x04, 0x96, 0x03, 0xD4, 0x02, 0xAF,
    0x02, 0x2C, 0x02, 0x2B, 0x0A, 0xCC, 0x41, 0xEC, 0xF0, 0x1E, 0xF8, 0x1F, 0xF8, 0x1F, 0xF8, 0x1F,
    0xF8, 0x1F, 0xF8, 0x1F, 0xF8, 0x1F, 0xF8, 0x1F, 0xF8, 0x1F, 0xF8, 0x1F, 0xF8, 0x1F, 0xF0, 0x1E,
    0x19, 0x2A, 0x13, 0x2E, 0x45, 0x14, 0x3C, 0xD3, 0x0C, 0x74, 0x04, 0xB5, 0x04, 0xB5, 0x03, 0xF2,
    0x03, 0xB2, 0x04, 0x33, 0x03, 0xD3, 0x04, 0x15, 0x0C, 0x12, 0x0A, 0x6B, 0x1A, 0x29, 0x13, 0x90,
    0x02, 0xCD, 0x0A, 0xAD, 0x0B, 0x0E, 0x13, 0x2E, 0x02, 0xEE, 0x1B, 0xB0, 0x33, 0xF0, 0x1B, 0x4E,
    0x0A, 0xCD, 0x0B, 0xB0, 0x0B, 0x0E, 0x02, 0xCD, 0x02, 0x6C, 0x02, 0x4B, 0x02, 0x4B, 0x02, 0x6B,
    0x02, 0x4B, 0x02, 0x2B, 0x0A, 0x8C, 0x01, 0x65, 0x50, 0xAD, 0xF8, 0x1F, 0xF8, 0x1F, 0xF8, 0x1F,
    0xF8, 0x1F, 0xF8, 0x1F, 0xF8, 0x1F, 0xF8, 0x1F, 0xF8, 0x1F, 0xF8, 0x1F, 0xF8, 0x1F, 0xF8, 0x1F,
    0xB8, 0x9A, 0x01, 0xEB, 0x02, 0x0B, 0x02, 0x2B, 0x02, 0x0A, 0x02, 0x09, 0x01, 0xC9, 0x01, 0xA8,
    0x09, 0x87, 0x01, 0x46, 0x01, 0x05, 0x00, 0xE5, 0x00, 0x83, 0x00, 0x42, 0x00, 0x83, 0x00, 0xC5,
    0x01, 0xCA, 0x02, 0xCD, 0x0A, 0xCC, 0x09, 0x87, 0x01, 0x26, 0x01, 0x26, 0x01, 0x04, 0x19, 0x85,
    0x3A, 0x26, 0x42, 0x67, 0x52, 0x43, 0x6A, 0xC1, 0x83, 0x21, 0xA3, 0xC1, 0xAB, 0xC0, 0x9B, 0xA0,
    0x8B, 0x40, 0x6A, 0xE3, 0x3A, 0x24, 0x39, 0xE4, 0x42, 0x23, 0x52, 0x83, 0x62, 0x81, 0x5A, 0x61,
    0x52, 0x01, 0x49, 0xA0, 0x41, 0x80, 0x39, 0x60, 0x31, 0x41, 0x29, 0x21, 0x29, 0x62, 0x19, 0x02,
    0x08, 0x81, 0x00, 0x00, 0x08, 0x40, 0x08, 0x82, 0x09, 0x46, 0x01, 0x05, 0x01, 0x05, 0x01, 0x25,
    0x00, 0xE5, 0x00, 0xA4, 0x00, 0xC4, 0x09, 0x87, 0x1A, 0x48, 0x01, 0xA7, 0x01, 0x66, 0x00, 0xE4,
    0x00, 0xE4, 0x01, 0x04, 0x01, 0x05, 0x09, 0xC7, 0x02, 0x29, 0x00, 0xE4, 0x00, 0xA3, 0x01, 0x25,
    0x09, 0x45, 0x01, 0x05, 0x01, 0x05, 0x00, 0xE4, 0x01, 0xA8, 0x02, 0x4B, 0x02, 0x2A, 0x01, 0x06,
    0x00, 0xE4, 0x00, 0xE4, 0x00, 0xE5, 0x09, 0x45, 0x11, 0x85, 0x01, 0x05, 0x00, 0xE4, 0x00, 0xE4,
    0x00, 0xA3, 0x00, 0xC4, 0x00, 0xE5, 0x00, 0xC4, 0x01, 0x05, 0x09, 0xC7, 0x1A, 0x8A, 0x12, 0x49,
    0x01, 0xE8, 0x12, 0x29, 0x09, 0xE8, 0x01, 0xA8, 0x01, 0x87, 0x01, 0x46, 0x01, 0x26, 0x02, 0x4C,
    0x04, 0x34, 0x04, 0x35, 0x02, 0xF0, 0x02, 0x6C, 0x1B, 0x2E, 0x3B, 0xF0, 0x23, 0x4D, 0x31, 0xAA,
    0xF0, 0x1E, 0xF8, 0x1F, 0xF8, 0x1F, 0xF8, 0x1F, 0xF8, 0x1F, 0xF8, 0x1F, 0xF8, 0x1F, 0xF8, 0x1F,
    0xF8, 0x1F, 0xF8, 0x1F, 0xF8, 0x1F, 0xF8, 0x1F, 0x63, 0x95, 0x34, 0xB2, 0x2B, 0xF1, 0x03, 0xB1,
    0x03, 0xB3, 0x04, 0x54, 0x04, 0x94, 0x03, 0xD2, 0x03, 0xF2, 0x04, 0x13, 0x03, 0xD4, 0x04, 0x13,
    0x03, 0x2E, 0x01, 0xC9, 0x02, 0xCD, 0x03, 0x0F, 0x13, 0x0E, 0x0A, 0xCD, 0x03, 0x0E, 0x13, 0xB0,
    0x03, 0x2F, 0x1B, 0x4E, 0x0A, 0xCD, 0x1B, 0x2E, 0x02, 0xAD, 0x0B, 0xB0, 0x03, 0x0E, 0x0B, 0x0E,
    0x02, 0x2B, 0x02, 0x6C, 0x02, 0x6C, 0x0A, 0xEC, 0x01, 0xEA, 0x02, 0x6C, 0x0A, 0x6C, 0x01, 0x44,
    0x68, 0x90, 0xF8, 0x1F, 0xF8, 0x1F, 0xF8, 0x1F, 0xF8, 0x1F, 0xF8, 0x1F, 0xF8, 0x1F, 0xF8, 0x1F,
    0xF8, 0x1F, 0xF8, 0x1F, 0xF8, 0x1F, 0xF8, 0x1F, 0xB0, 0x99, 0x01, 0xCA, 0x01, 0xEA, 0x01, 0xC9,
    0x01, 0x67, 0x00, 0xC4, 0x00, 0xC4, 0x00, 0xA4, 0x00, 0x84, 0x00, 0x84, 0x00, 0xA4, 0x00, 0x84,
    0x00, 0xA4, 0x01, 0x26, 0x01, 0x48, 0x02, 0x2B, 0x02, 0xCD, 0x02, 0x4A, 0x02, 0x09, 0x01, 0x46,
    0x00, 0x83, 0x09, 0x04, 0x42, 0x04, 0x52, 0x44, 0x31, 0xE5, 0x5A, 0x62, 0x93, 0x80, 0xB3, 0xE0,
    0xA3, 0xA0, 0x9B, 0xA0, 0x83, 0x20, 0x62, 0xA1, 0x31, 0xC4, 0x29, 0xC5, 0x52, 0x84, 0x6A, 0xC2,
    0x62, 0x81, 0x5A, 0x20, 0x49, 0xE1, 0x29, 0x00, 0x10, 0x40, 0x08, 0x40, 0x10, 0x81, 0x08, 0x61,
    0x00, 0x61, 0x08, 0x82, 0x00, 0x41, 0x00, 0x21, 0x00, 0x41, 0x00, 0x20, 0x19, 0x03, 0x1A, 0x09,
    0x09, 0x67, 0x00, 0xA4, 0x00, 0x62, 0x00, 0xE6, 0x09, 0x66, 0x00, 0xE4, 0x00, 0xA3, 0x01, 0x04,
    0x09, 0x86, 0x01, 0xA7, 0x09, 0x86, 0x00, 0xE4, 0x00, 0xE4, 0x00, 0xE4, 0x00, 0xA3, 0x01, 0x05,
    0x01, 0x05, 0x00, 0xA4, 0x00, 0xC3, 0x00, 0xE4, 0x01, 0x25, 0x01, 0x04, 0x00, 0xA3, 0x00, 0xA4,
    0x01, 0xE9, 0x02, 0x0A, 0x01, 0x06, 0x00, 0xC4, 0x00, 0xC3, 0x00, 0xC4, 0x00, 0xE5, 0x19, 0x45,
    0x29, 0xA5, 0x00, 0xC4, 0x00, 0xC5, 0x00, 0xA4, 0x00, 0x63, 0x00, 0xE5, 0x00, 0xE5, 0x01, 0x67,
    0x09, 0xC8, 0x0A, 0x09, 0x09, 0xE8, 0x01, 0x06, 0x01, 0x06, 0x01, 0x88, 0x01, 0xC8, 0x01, 0x67,
    0x01, 0x47, 0x02, 0x2B, 0x03, 0x71, 0x04, 0x76, 0x04, 0x55, 0x03, 0x31, 0x02, 0x8D, 0x0A, 0xAC,
    0x44, 0x71, 0x33, 0xF0, 0x02, 0x08, 0x10, 0xE6, 0xF0, 0x1E, 0xF8, 0x1F, 0xF8, 0x1F, 0xF8, 0x1F,
    0xF8, 0x1F, 0xF8, 0x1F, 0xF8, 0x1F, 0xF8, 0x1F, 0xF8, 0x1F, 0xF8, 0x1F, 0xF8, 0x1F, 0xF8, 0x1F,
    0x6B, 0x16, 0x14, 0x10, 0x0B, 0xB2, 0x03, 0xF4, 0x04, 0x14, 0x04, 0x34, 0x04, 0x12, 0x03, 0xD2,
    0x04, 0x13, 0x03, 0xF4, 0x04, 0x15, 0x04, 0x32, 0x02, 0x6A, 0x01, 0xA8, 0x02, 0xAC, 0x02, 0x8D,
    0x0A, 0xCD, 0x13, 0x2E, 0x13, 0xB0, 0x03, 0x0E, 0x0B, 0x2E, 0x13, 0x2E, 0x12, 0xCD, 0x0A, 0x8C,
    0x03, 0x50, 0x0B, 0x90, 0x03, 0x2E, 0x02, 0xAC, 0x02, 0x2B, 0x02, 0xAC, 0x02, 0x6B, 0x02, 0x2A,
    0x02, 0x2B, 0x02, 0x8C, 0x01, 0xC9, 0x01, 0x64, 0x80, 0x72, 0xF8, 0x1F, 0xF8, 0x1F, 0xF8, 0x1F,
    0xF8, 0x1F, 0xF8, 0x1F, 0xF8, 0x1F, 0xF8, 0x1F, 0xF8, 0x1F, 0xF8, 0x1F, 0xF8, 0x1F, 0xF8, 0x1F,
    0xA8, 0x98, 0x01, 0x87, 0x00, 0xE5, 0x00, 0xC5, 0x00, 0x63, 0x00, 0x84, 0x00, 0xA5, 0x00, 0xC6,
    0x01, 0x07, 0x00, 0xE7, 0x01, 0x27, 0x01, 0x68, 0x01, 0xA9, 0x01, 0xC8, 0x01, 0xC9, 0x02, 0x09,
    0x01, 0xA7, 0x01, 0x46, 0x09, 0x86, 0x09, 0x04, 0x21, 0x64, 0x39, 0xC4, 0x39, 0xC4, 0x39, 0xC3,
    0x6A, 0xE2, 0xA3, 0xC0, 0xAB, 0xC0, 0x9B, 0xA0, 0xA3, 0xE0, 0x72, 0xA0, 0x31, 0xA4, 0x21, 0x84,
    0x42, 0x23, 0x62, 0xC3, 0x6A, 0xA1, 0x5A, 0x41, 0x39, 0x60, 0x28, 0xE0, 0x08, 0x60, 0x00, 0x41,
    0x00, 0x41, 0x00, 0x83, 0x00, 0x63, 0x01, 0x05, 0x00, 0xE4, 0x00, 0x83, 0x00, 0x83, 0x09, 0x05,
    0x01, 0x04, 0x01, 0x25, 0x12, 0x08, 0x09, 0xE8, 0x00, 0xE6, 0x01, 0x06, 0x01, 0x06, 0x01, 0xA9,
    0x01, 0x86, 0x01, 0x25, 0x00, 0x82, 0x00, 0xE5, 0x12, 0x08, 0x09, 0x87, 0x01, 0x87, 0x01, 0x25,
    0x01, 0x25, 0x01, 0x04, 0x00, 0xE4, 0x09, 0x05, 0x00, 0xA3, 0x00, 0x83, 0x00, 0xA3, 0x09, 0x25,
    0x01, 0x66, 0x01, 0x04, 0x00, 0x62, 0x00, 0xE5, 0x02, 0x6A, 0x01, 0xA8, 0x00, 0xC5, 0x00, 0xC4,
    0x00, 0xC3, 0x00, 0xE5, 0x01, 0x25, 0x11, 0xC7, 0x01, 0x46, 0x00, 0x63, 0x00, 0xE4, 0x00, 0xE4,
    0x00, 0xE5, 0x01, 0x67, 0x0A, 0x08, 0x0A, 0x09, 0x01, 0xA7, 0x01, 0x87, 0x01, 0x67, 0x01, 0x87,
    0x01, 0x87, 0x01, 0x87, 0x01, 0x67, 0x01, 0xA9, 0x03, 0x0F, 0x04, 0x96, 0x04, 0xB7, 0x03, 0xF4,
    0x03, 0x31, 0x02, 0x6D, 0x12, 0xED, 0x34, 0x51, 0x34, 0x0F, 0x02, 0x4A, 0x01, 0x46, 0x08, 0xA4,
    0xE8, 0x1D, 0xF8, 0x1F, 0xF8, 0x1F, 0xF8, 0x1F, 0xF8, 0x1F, 0xF8, 0x1F, 0xF8, 0x1F, 0xF8, 0x1F,
    0xF8, 0x1F, 0xF8, 0x1F, 0xF8, 0x1F, 0xF8, 0x1F, 0x81, 0xD9, 0x04, 0x33, 0x03, 0xF4, 0x03, 0xF5,
    0x04, 0x95, 0x04, 0x95, 0x03, 0xD2, 0x03, 0x91, 0x03, 0xD2, 0x03, 0xF4, 0x0C, 0x75, 0x0B, 0x8F,
    0x01, 0x87, 0x01, 0xC9, 0x03, 0x0E, 0x02, 0x8C, 0x02, 0x2B, 0x13, 0x6F, 0x0B, 0x6F, 0x02, 0xAD,
    0x1B, 0x4F, 0x1B, 0x6E, 0x13, 0x0D, 0x12, 0xED, 0x13, 0xB0, 0x0B, 0x0E, 0x02, 0xAC, 0x02, 0x2B,
    0x02, 0x8C, 0x02, 0xAD, 0x02, 0x0A, 0x01, 0xEA, 0x02, 0x6B, 0x02, 0xAC, 0x02, 0x4A, 0x01, 0x86,
    0xB8, 0x38, 0xF8, 0x1F, 0xF8, 0x1F, 0xF8, 0x1F, 0xF8, 0x1F, 0xF8, 0x1F, 0xF8, 0x1F, 0xF8, 0x1F,
    0xF8, 0x1F, 0xF8, 0x1F, 0xF8, 0x1F, 0xF8, 0x1F, 0x98, 0x76, 0x01, 0x46, 0x01, 0x06, 0x01, 0x06,
    0x01, 0x27, 0x01, 0x27, 0x01, 0xEA, 0x01, 0xC9, 0x01, 0x88, 0x01, 0xC8, 0x01, 0xC9, 0x01, 0x67,
    0x01, 0x05, 0x00, 0xE4, 0x00, 0xC4, 0x00, 0xE4, 0x11, 0x03, 0x29, 0x63, 0x29, 0x83, 0x29, 0xA4,
    0x42, 0x25, 0x4A, 0x43, 0x6A, 0xC2, 0x93, 0xA1, 0xAB, 0xC0, 0xA3, 0xA0, 0xA3, 0xC0, 0xA3, 0xC0,
    0x62, 0xA2, 0x21, 0x84, 0x3A, 0x25, 0x5A, 0x62, 0x5A, 0x40, 0x6A, 0x61, 0x5A, 0x20, 0x31, 0x40,
    0x10, 0x81, 0x10, 0xC3, 0x00, 0x82, 0x00, 0x21, 0x01, 0x26, 0x01, 0xA8, 0x01, 0x26, 0x01, 0x66,
    0x01, 0x25, 0x00, 0xE5, 0x00, 0xE5, 0x00, 0xE5, 0x00, 0xE5, 0x01, 0x06, 0x01, 0x67, 0x00, 0xE6,
    0x01, 0x48, 0x01, 0xC9, 0x01, 0xEA, 0x02, 0x2C, 0x09, 0x86, 0x00, 0xE4, 0x00, 0xE4, 0x00, 0xE4,
    0x09, 0x87, 0x12, 0x29, 0x12, 0x29, 0x11, 0x66, 0x01, 0x04, 0x09, 0x25, 0x01, 0x05, 0x00, 0xE4,
    0x00, 0xE4, 0x00, 0xA3, 0x00, 0x83, 0x09, 0x04, 0x09, 0x45, 0x01, 0x04, 0x00, 0x42, 0x01, 0x26,
    0x02, 0x6A, 0x01, 0x47, 0x01, 0x05, 0x00, 0xA3, 0x00, 0xE4, 0x01, 0x05, 0x01, 0x26, 0x09, 0x86,
    0x00, 0xE5, 0x00, 0xC4, 0x01, 0x05, 0x01, 0x05, 0x09, 0x87, 0x12, 0x29, 0x11, 0xC8, 0x01, 0x46,
    0x01, 0x67, 0x01, 0x67, 0x01, 0x87, 0x01, 0x87, 0x01, 0x66, 0x01, 0x88, 0x02, 0x8D, 0x04, 0x14,
    0x04, 0x76, 0x03, 0xD4, 0x03, 0x11, 0x02, 0xF0, 0x02, 0x8C, 0x01, 0xEA, 0x23, 0x4E, 0x3B, 0xEF,
    0x02, 0x29, 0x01, 0xA8, 0x01, 0x26, 0x00, 0xC4, 0xC8, 0x39, 0xF8, 0x1F, 0xF8, 0x1F, 0xF8, 0x1F,
    0xF8, 0x1F, 0xF8, 0x1F, 0xF8, 0x1F, 0xF8, 0x1F, 0xF8, 0x1F, 0xF8, 0x1F, 0xF8, 0x1F, 0xF8, 0x1F,
    0xD8, 0xBE, 0x03, 0xF4, 0x0C, 0x75, 0x25, 0x36, 0x2D, 0x77, 0x1C, 0xD5, 0x04, 0x33, 0x03, 0x91,
    0x03, 0xF3, 0x03, 0xF4, 0x0C, 0x94, 0x23, 0x0C, 0x09, 0x46, 0x02, 0x4B, 0x02, 0xED, 0x02, 0x8C,
    0x02, 0x8C, 0x0B, 0x0D, 0x0B, 0x2E, 0x02, 0xED, 0x2B, 0xAF, 0x1A, 0xAC, 0x0A, 0xED, 0x1B, 0x2E,
    0x13, 0x90, 0x02, 0xEE, 0x02, 0x4B, 0x02, 0x8C, 0x02, 0xAC, 0x02, 0x2B, 0x02, 0x4B, 0x02, 0x4B,
    0x02, 0x2A, 0x02, 0x0A, 0x02, 0x6A, 0x29, 0x4A, 0xF8, 0x1F, 0xF8, 0x1F, 0xF8, 0x1F, 0xF8, 0x1F,
    0xF8, 0x1F, 0xF8, 0x1F, 0xF8, 0x1F, 0xF8, 0x1F, 0xF8, 0x1F, 0xF8, 0x1F, 0xF8, 0x1F, 0xF8, 0x1F,
    0x80, 0xF5, 0x01, 0xE7, 0x01, 0x68, 0x01, 0xC9, 0x01, 0x87, 0x01, 0xC9, 0x01, 0xE9, 0x01, 0xA7,
    0x00, 0xC4, 0x00, 0x62, 0x00, 0x62, 0x00, 0xA3, 0x08, 0xE4, 0x09, 0x04, 0x19, 0x63, 0x29, 0x83,
    0x31, 0xC4, 0x42, 0x04, 0x42, 0x24, 0x62, 0xA3, 0x83, 0x41, 0xA3, 0xC0, 0xAB, 0xA0, 0xA3, 0xC0,
    0xA3, 0xC0, 0x9B, 0x80, 0x6A, 0xA1, 0x41, 0xE3, 0x3A, 0x25, 0x5A, 0xA3, 0x5A, 0x61, 0x49, 0xE0,
    0x31, 0x60, 0x31, 0x20, 0x29, 0x00, 0x00, 0x62, 0x00, 0xA4, 0x01, 0x87, 0x01, 0x25, 0x00, 0xA4,
    0x00, 0xE6, 0x01, 0x06, 0x01, 0x06, 0x01, 0x67, 0x00, 0xE5, 0x00, 0xC5, 0x00, 0xE6, 0x01, 0x47,
    0x01, 0x47, 0x01, 0x88, 0x01, 0x47, 0x01, 0x27, 0x01, 0x88, 0x09, 0xCA, 0x02, 0x6C, 0x02, 0x4B,
    0x09, 0xA6, 0x00, 0xE4, 0x00, 0xC4, 0x00, 0xE4, 0x00, 0xE5, 0x09, 0xC7, 0x12, 0x29, 0x1A, 0x29,
    0x11, 0x66, 0x01, 0x46, 0x09, 0x66, 0x01, 0x05, 0x00, 0xE4, 0x00, 0xA3, 0x00, 0xE4, 0x00, 0xA3,
    0x00, 0xC3, 0x00, 0xE4, 0x00, 0xA3, 0x01, 0x87, 0x01, 0xA8, 0x01, 0x06, 0x01, 0x05, 0x00, 0xC4,
    0x01, 0x25, 0x00, 0xE5, 0x09, 0x25, 0x00, 0xE5, 0x00, 0xC4, 0x00, 0xC4, 0x01, 0x46, 0x0A, 0x08,
    0x09, 0xC8, 0x01, 0x46, 0x01, 0x46, 0x09, 0xE8, 0x01, 0xA7, 0x09, 0xA7, 0x09, 0x86, 0x01, 0x88,
    0x03, 0x50, 0x04, 0x14, 0x04, 0x55, 0x03, 0xF4, 0x03, 0x52, 0x03, 0x11, 0x02, 0xF0, 0x02, 0x8C,
    0x12, 0xCC, 0x0A, 0x8C, 0x2B, 0xAF, 0x12, 0xCC, 0x01, 0x67, 0x01, 0x87, 0x01, 0x46, 0x00, 0xA2,
    0xA8, 0x15, 0xF8, 0x1F, 0xF8, 0x1F, 0xF8, 0x1F, 0xF8, 0x1F, 0xF8, 0x1F, 0xF8, 0x1F, 0xF8, 0x1F,
    0xF8, 0x1F, 0xF8, 0x1F, 0xF8, 0x1F, 0xF8, 0x1F, 0xF8, 0x1F, 0x83, 0xBA, 0x4E, 0x57, 0x55, 0x97,
    0x4D, 0x96, 0x45, 0x35, 0x0C, 0x53, 0x03, 0xB2, 0x03, 0xF4, 0x03, 0xF4, 0x14, 0x53, 0x12, 0x49,
    0x09, 0x04, 0x32, 0xC9, 0x01, 0xA9, 0x09, 0xEA, 0x0B, 0x4F, 0x02, 0xCD, 0x02, 0xCD, 0x0B, 0x4F,
    0x23, 0x2D, 0x01, 0xEA, 0x13, 0x4E, 0x13, 0x4E, 0x0B, 0x4F, 0x0A, 0xED, 0x12, 0xCD, 0x02, 0xAD,
    0x02, 0x8C, 0x02, 0x4B, 0x02, 0x8C, 0x02, 0x6B, 0x02, 0x0A, 0x01, 0xCA, 0x01, 0xE7, 0x80, 0xD3,
    0xF8, 0x1F, 0xF8, 0x1F, 0xF8, 0x1F, 0xF8, 0x1F, 0xF8, 0x1F, 0xF8, 0x1F, 0xF8, 0x1F, 0xF8, 0x1F,
    0xF8, 0x1F, 0xF8, 0x1F, 0xF8, 0x1F, 0xF8, 0x1F, 0x61, 0x32, 0x01, 0x86, 0x10, 0xE4, 0x11, 0x04,
    0x00, 0xA4, 0x01, 0x46, 0x01, 0x87, 0x01, 0x25, 0x00, 0x42, 0x08, 0xA2, 0x19, 0x02, 0x29, 0x83,
    0x3A, 0x05, 0x3A, 0x25, 0x5A, 0xA3, 0x62, 0x82, 0x5A, 0xA2, 0x83, 0x41, 0x93, 0x80, 0xAB, 0xE0,
    0xAB, 0xE0, 0xB4, 0x00, 0xA3, 0xC0, 0xA3, 0xE0, 0x83, 0xA2, 0x39, 0xE3, 0x31, 0xE4, 0x39, 0xE3,
    0x52, 0x21, 0x5A, 0x40, 0x41, 0x80, 0x29, 0x00, 0x18, 0x80, 0x08, 0x41, 0x00, 0x63, 0x01, 0x05,
    0x01, 0x06, 0x00, 0xE6, 0x00, 0xC5, 0x01, 0x06, 0x01, 0x48, 0x01, 0x48, 0x01, 0x48, 0x02, 0x0A,
    0x01, 0x47, 0x00, 0xE6, 0x01, 0x68, 0x01, 0x27, 0x01, 0x69, 0x01, 0x68, 0x01, 0x48, 0x02, 0x0B,
    0x01, 0x89, 0x0A, 0x6D, 0x02, 0x8C, 0x01, 0xEA, 0x01, 0x25, 0x01, 0x04, 0x00, 0xC4, 0x01, 0x05,
    0x09, 0x66, 0x01, 0x66, 0x09, 0x66, 0x11, 0xE8, 0x11, 0xE8, 0x01, 0x67, 0x01, 0x46, 0x01, 0x45,
    0x00, 0xE4, 0x00, 0xC4, 0x01, 0x05, 0x01, 0x04, 0x00, 0xC3, 0x00, 0xC3, 0x01, 0x05, 0x02, 0x09,
    0x01, 0xC8, 0x00, 0xE5, 0x00, 0xE4, 0x01, 0x05, 0x00, 0xC4, 0x00, 0xE5, 0x01, 0x25, 0x00, 0xE5,
    0x09, 0x05, 0x11, 0x46, 0x01, 0x87, 0x01, 0xE9, 0x01, 0x87, 0x01, 0x47, 0x0A, 0x09, 0x12, 0x08,
    0x01, 0x25, 0x01, 0x06, 0x0A, 0x0A, 0x03, 0xF3, 0x04, 0x55, 0x03, 0x93, 0x03, 0x31, 0x02, 0xCF,
    0x02, 0xEF, 0x03, 0x50, 0x02, 0xCD, 0x02, 0x6C, 0x23, 0x8F, 0x23, 0x8F, 0x33, 0xAE, 0x0A, 0x4A,
    0x01, 0x46, 0x09, 0x87, 0x09, 0x87, 0x01, 0x23, 0x80, 0x72, 0xF8, 0x1F, 0xF8, 0x1F, 0xF8, 0x1F,
    0xF8, 0x1F, 0xF8, 0x1F, 0xF8, 0x1F, 0xF8, 0x1F, 0xF8, 0x1F, 0xF8, 0x1F, 0xF8, 0x1F, 0xF8, 0x1F,
    0xF8, 0x1F, 0xF0, 0xDF, 0x7D, 0xB9, 0x5E, 0x17, 0x55, 0x97, 0x4D, 0x76, 0x04, 0x13, 0x03, 0xF4,
    0x03, 0xF5, 0x04, 0x75, 0x33, 0xCF, 0x09, 0x46, 0x09, 0x86, 0x19, 0xE8, 0x02, 0x0A, 0x02, 0x4C,
    0x02, 0xEE, 0x0B, 0x4F, 0x03, 0x4F, 0x23, 0xB0, 0x1A, 0xCB, 0x01, 0xC9, 0x23, 0x8F, 0x1B, 0x8F,
    0x13, 0x2E, 0x02, 0x0A, 0x02, 0x4B, 0x02, 0x8C, 0x02, 0x4A, 0x02, 0x6B, 0x02, 0x8B, 0x02, 0x2A,
    0x02, 0x2B, 0x02, 0x29, 0x39, 0x8E, 0xF8, 0x1E, 0xF8, 0x1F, 0xF8, 0x1F, 0xF8, 0x1F, 0xF8, 0x1F,
    0xF8, 0x1F, 0xF8, 0x1F, 0xF8, 0x1F, 0xF8, 0x1F, 0xF8, 0x1F, 0xF8, 0x1F, 0xF8, 0x1F, 0xF8, 0x1F,
    0x39, 0x6E, 0x01, 0xE8, 0x09, 0x05, 0x08, 0x82, 0x00, 0x83, 0x00, 0x83, 0x10, 0xE3, 0x10, 0xC2,
    0x19, 0x02, 0x31, 0xA3, 0x31, 0xC3, 0x52, 0x42, 0x5A, 0x62, 0x6A, 0xE2, 0x93, 0x81, 0xA3, 0xA0,
    0xA3, 0xA0, 0xA3, 0xA0, 0xA3, 0xA0, 0xA3, 0xC0, 0xAB, 0xC0, 0xA3, 0xE0, 0x83, 0x21, 0x4A, 0x02,
    0x3A, 0x24, 0x4A, 0x43, 0x52, 0x63, 0x31, 0x81, 0x29, 0x20, 0x20, 0xC0, 0x10, 0x60, 0x08, 0xA3,
    0x01, 0x06, 0x00, 0xE5, 0x00, 0xE6, 0x01, 0x27, 0x01, 0x48, 0x01, 0x47, 0x01, 0x27, 0x01, 0x88,
    0x01, 0x88, 0x09, 0xA8, 0x09, 0x46, 0x01, 0x68, 0x19, 0xE8, 0x01, 0x68, 0x01, 0x69, 0x01, 0x89,
    0x01, 0xCA, 0x01, 0xCA, 0x02, 0x0B, 0x02, 0x2B, 0x0A, 0x2A, 0x23, 0x0C, 0x0A, 0x2A, 0x01, 0x89,
    0x00, 0xC3, 0x01, 0x04, 0x00, 0xE4, 0x09, 0x04, 0x01, 0x05, 0x00, 0xE4, 0x01, 0x25, 0x09, 0x86,
    0x09, 0xA7, 0x09, 0xA7, 0x01, 0x46, 0x01, 0x45, 0x09, 0x25, 0x01, 0x04, 0x01, 0x25, 0x01, 0x46,
    0x00, 0xE4, 0x00, 0xC4, 0x01, 0x66, 0x02, 0x09, 0x01, 0x67, 0x00, 0xC4, 0x01, 0x05, 0x00, 0xE5,
    0x10, 0xE4, 0x09, 0x45, 0x00, 0xE4, 0x00, 0xC4, 0x01, 0x45, 0x09, 0xA7, 0x01, 0x47, 0x01, 0x87,
    0x01, 0x26, 0x01, 0x05, 0x09, 0x46, 0x01, 0xC9, 0x02, 0xCE, 0x03, 0x50, 0x03, 0x72, 0x03, 0xB3,
    0x03, 0x31, 0x02, 0x8E, 0x02, 0x6C, 0x0A, 0x8B, 0x0A, 0x2A, 0x01, 0xC9, 0x02, 0x6B, 0x2B, 0xD0,
    0x2B, 0xAF, 0x13, 0x0D, 0x1A, 0xAB, 0x01, 0x67, 0x01, 0x66, 0x09, 0xA7, 0x09, 0x87, 0x01, 0x84,
    0x48, 0x6B, 0xF8, 0x1F, 0xF8, 0x1F, 0xF8, 0x1F, 0xF8, 0x1F, 0xF8, 0x1F, 0xF8, 0x1F, 0xF8, 0x1F,
    0xF8, 0x1F, 0xF8, 0x1F, 0xF8, 0x1F, 0xF8, 0x1F, 0xF8, 0x1F, 0xF8, 0x1F, 0xD9, 0x9E, 0x65, 0xD8,
    0x5D, 0xF6, 0x34, 0xF5, 0x04, 0x14, 0x04, 0x15, 0x04, 0x35, 0x2D, 0x15, 0x09, 0xC8, 0x00, 0xE5,
    0x0A, 0x4A, 0x02, 0x0A, 0x02, 0x6C, 0x02, 0x8D, 0x03, 0x4F, 0x03, 0x0E, 0x13, 0x4F, 0x2B, 0x8E,
    0x0A, 0x2A, 0x02, 0x6B, 0x13, 0x4F, 0x0B, 0x8F, 0x0B, 0x2E, 0x02, 0x2A, 0x02, 0x2B, 0x02, 0x6B,
    0x01, 0xE9, 0x02, 0x4B, 0x02, 0x2A, 0x0A, 0x2B, 0x02, 0x6A, 0x1A, 0x0B, 0xC8, 0x5B, 0xF8, 0x1F,
    0xF8, 0x1F, 0xF8, 0x1F, 0xF8, 0x1F, 0xF8, 0x1F, 0xF8, 0x1F, 0xF8, 0x1F, 0xF8, 0x1F, 0xF8, 0x1F,
    0xF8, 0x1F, 0xF8, 0x1F, 0xF8, 0x1F, 0xE8, 0x3E, 0x09, 0x48, 0x00, 0x83, 0x00, 0x62, 0x00, 0x62,
    0x00, 0x83, 0x11, 0x44, 0x42, 0x03, 0x39, 0xE4, 0x21, 0x63, 0x41, 0xE2, 0x7B, 0x00, 0x9B, 0xA0,
    0xA3, 0xC0, 0xAB, 0xC0, 0xA3, 0x80, 0x9B, 0x80, 0x9B, 0x60, 0x8B, 0x20, 0x83, 0x40, 0x7B, 0x01,
    0x52, 0x42, 0x39, 0xE3, 0x31, 0xE4, 0x42, 0x03, 0x5A, 0xA2, 0x49, 0xC0, 0x31, 0x20, 0x18, 0xC1,
    0x08, 0xA2, 0x00, 0xA3, 0x01, 0x26, 0x01, 0x68, 0x01, 0x88, 0x02, 0x0A, 0x01, 0x27, 0x09, 0x68,
    0x09, 0x88, 0x01, 0x47, 0x01, 0x27, 0x01, 0x68, 0x01, 0x88, 0x09, 0x88, 0x11, 0xE9, 0x02, 0x6C,
    0x01, 0xEA, 0x09, 0xE9, 0x09, 0xE9, 0x01, 0xAA, 0x01, 0x89, 0x01, 0xEA, 0x01, 0xCA, 0x01, 0xA9,
    0x01, 0x88, 0x19, 0xA7, 0x29, 0xA6, 0x01, 0x68, 0x00, 0xC3, 0x00, 0xC3, 0x00, 0xA2, 0x00, 0xA3,
    0x00, 0xC4, 0x09, 0x45, 0x01, 0x25, 0x01, 0x45, 0x09, 0x66, 0x09, 0x87, 0x01, 0x66, 0x01, 0x25,
    0x01, 0x66, 0x01, 0x05, 0x01, 0x25, 0x01, 0x46, 0x00, 0xA4, 0x00, 0xE5, 0x01, 0xA7, 0x02, 0x09,
    0x01, 0x26, 0x00, 0xE4, 0x00, 0xE5, 0x00, 0xC4, 0x31, 0xA3, 0x19, 0x44, 0x00, 0xE4, 0x00, 0xC4,
    0x01, 0x25, 0x01, 0x26, 0x01, 0x46, 0x01, 0x05, 0x01, 0x68, 0x01, 0xEA, 0x02, 0x8D, 0x03, 0xB2,
    0x03, 0xD4, 0x03, 0xB3, 0x03, 0x31, 0x02, 0xF0, 0x02, 0xCE, 0x02, 0x2A, 0x01, 0xE8, 0x0A, 0x4A,
    0x12, 0xAB, 0x0A, 0xAC, 0x2B, 0xAF, 0x44, 0x51, 0x23, 0x2D, 0x02, 0x0A, 0x01, 0x87, 0x01, 0x46,
    0x01, 0xC8, 0x01, 0xE8, 0x01, 0xC9, 0x0A, 0x07, 0x18, 0xE6, 0xF0, 0x1E, 0xF8, 0x1F, 0xF8, 0x1F,
    0xF8, 0x1F, 0xF8, 0x1F, 0xF8, 0x1F, 0xF8, 0x1F, 0xF8, 0x1F, 0xF8, 0x1F, 0xF8, 0x1F, 0xF8, 0x1F,
    0xF8, 0x1F, 0xF8, 0x1F, 0xF8, 0x1F, 0xE1, 0x5E, 0x6D, 0x17, 0x04, 0xB3, 0x04, 0x36, 0x03, 0xD5,
    0x14, 0xD7, 0x3C, 0xD3, 0x01, 0x06, 0x01, 0x87, 0x12, 0x8A, 0x01, 0xA8, 0x02, 0x8C, 0x02, 0xAD,
    0x03, 0x4F, 0x0B, 0x0E, 0x02, 0x6C, 0x33, 0xAF, 0x0A, 0x2B, 0x0A, 0xCD, 0x0B, 0x6F, 0x03, 0x2E,
    0x02, 0xAC, 0x0A, 0x4B, 0x02, 0x2B, 0x02, 0x6B, 0x02, 0x8C, 0x02, 0x2A, 0x01, 0xEA, 0x02, 0x69,
    0x29, 0xCD, 0xD0, 0x5C, 0xF8, 0x1F, 0xF8, 0x1F, 0xF8, 0x1F, 0xF8, 0x1F, 0xF8, 0x1F, 0xF8, 0x1F,
    0xF8, 0x1F, 0xF8, 0x1F, 0xF8, 0x1F, 0xF8, 0x1F, 0xF8, 0x1F, 0xF8, 0x1F, 0xF8, 0x1F, 0xB0, 0x78,
    0x00, 0xE3, 0x00, 0xA3, 0x00, 0x82, 0x10, 0xC2, 0x29, 0xA3, 0x29, 0xA5, 0x19, 0xA6, 0x29, 0x84,
    0x4A, 0x02, 0xA3, 0xC0, 0xBC, 0x20, 0xC4, 0x20, 0xAB, 0xC0, 0xA3, 0xA0, 0x9B, 0xA0, 0x8B, 0x40,
    0x52, 0x42, 0x29, 0xA4, 0x29, 0xC4, 0x21, 0x84, 0x21, 0x83, 0x42, 0x02, 0x5A, 0x61, 0x49, 0xE0,
    0x31, 0x20, 0x08, 0xC2, 0x09, 0x04, 0x00, 0xE5, 0x01, 0x88, 0x01, 0xA9, 0x01, 0x88, 0x01, 0x67,
    0x01, 0x27, 0x01, 0x89, 0x01, 0x88, 0x01, 0x68, 0x01, 0x48, 0x01, 0x68, 0x01, 0x48, 0x01, 0x88,
    0x01, 0xC9, 0x01, 0xEB, 0x02, 0x4C, 0x02, 0x2B, 0x01, 0xCA, 0x11, 0xC8, 0x39, 0xC4, 0x01, 0x89,
    0x01, 0x48, 0x01, 0x89, 0x01, 0x69, 0x01, 0x48, 0x01, 0xC9, 0x01, 0x68, 0x01, 0x27, 0x01, 0x69,
    0x00, 0xE4, 0x00, 0xC3, 0x00, 0xA2, 0x00, 0x82, 0x00, 0xA3, 0x09, 0x04, 0x00, 0xE4, 0x09, 0x25,
    0x09, 0x25, 0x01, 0x05, 0x01, 0x25, 0x01, 0x46, 0x00, 0xE5, 0x01, 0x46, 0x01, 0x66, 0x01, 0x46,
    0x00, 0xA4, 0x00, 0xC4, 0x01, 0x67, 0x01, 0x67, 0x00, 0xE5, 0x01, 0x05, 0x01, 0x05, 0x01, 0x25,
    0x01, 0x25, 0x00, 0xE5, 0x00, 0xE4, 0x01, 0x25, 0x01, 0x25, 0x01, 0x46, 0x01, 0x26, 0x02, 0x2C,
    0x03, 0x71, 0x03, 0x71, 0x03, 0x72, 0x03, 0x52, 0x02, 0xCF, 0x02, 0x4D, 0x02, 0x4C, 0x02, 0x4C,
    0x02, 0x2A, 0x0A, 0x09, 0x0A, 0x29, 0x12, 0xAB, 0x44, 0x10, 0x33, 0xCF, 0x33, 0xAF, 0x33, 0xCF,
    0x1A, 0xEC, 0x01, 0x87, 0x01, 0x46, 0x01, 0x87, 0x01, 0xE9, 0x02, 0x4A, 0x0A, 0x8C, 0x2B, 0x2C,
    0x09, 0x23, 0xA8, 0x16, 0xF8, 0x1F, 0xF8, 0x1F, 0xF8, 0x1F, 0xF8, 0x1F, 0xF8, 0x1F, 0xF8, 0x1F,
    0xF8, 0x1F, 0xF8, 0x1F, 0xF8, 0x1F, 0xF8, 0x1F, 0xF8, 0x1F, 0xF8, 0x1F, 0xF8, 0x1F, 0xF8, 0x1F,
    0xE8, 0xBE, 0x53, 0x18, 0x04, 0x55, 0x04, 0x15, 0x1D, 0x36, 0x2B, 0x0D, 0x01, 0x06, 0x02, 0x09,
    0x0A, 0x09, 0x01, 0x67, 0x0A, 0xED, 0x02, 0xAE, 0x13, 0x8F, 0x0A, 0xED, 0x02, 0x8C, 0x23, 0x2E,
    0x01, 0xE9, 0x02, 0x6B, 0x0A, 0xED, 0x02, 0xAC, 0x02, 0x0A, 0x02, 0x4B, 0x02, 0xAC, 0x0A, 0x6C,
    0x02, 0x4B, 0x02, 0x6A, 0x0A, 0xCB, 0x51, 0xD2, 0xE0, 0x5E, 0xF8, 0x1F, 0xF8, 0x1F, 0xF8, 0x1F,
    0xF8, 0x1F, 0xF8, 0x1F, 0xF8, 0x1F, 0xF8, 0x1F, 0xF8, 0x1F, 0xF8, 0x1F, 0xF8, 0x1F, 0xF8, 0x1F,
    0xF8, 0x1F, 0xF8, 0x1F, 0xF8, 0x1F, 0x70, 0x70, 0x00, 0xC1, 0x08, 0xE3, 0x29, 0x62, 0x41, 0xE3,
    0x31, 0xE4, 0x19, 0xC7, 0x19, 0xA6, 0x52, 0x63, 0xA3, 0xC0, 0xBC, 0x20, 0xAB, 0xC0, 0xA3, 0xA0,
    0x9B, 0x80, 0xA3, 0xC0, 0x83, 0x40, 0x31, 0xA2, 0x29, 0xC4, 0x32, 0x05, 0x42, 0x23, 0x5A, 0x82,
    0x6A, 0xC1, 0x52, 0x00, 0x29, 0x00, 0x10, 0x61, 0x00, 0xA3, 0x01, 0x68, 0x01, 0x89, 0x01, 0x48,
    0x01, 0x47, 0x01, 0x27, 0x01, 0x48, 0x01, 0x68, 0x01, 0x27, 0x01, 0x27, 0x01, 0x88, 0x01, 0x68,
    0x01, 0x89, 0x01, 0x88, 0x01, 0x89, 0x0A, 0x0A, 0x21, 0xE8, 0x01, 0xA9, 0x01, 0xA9, 0x01, 0x89,
    0x01, 0x07, 0x01, 0x27, 0x09, 0x88, 0x01, 0x89, 0x01, 0x68, 0x01, 0xA9, 0x01, 0xCA, 0x01, 0x8A,
    0x01, 0xEA, 0x01, 0x89, 0x01, 0xA9, 0x01, 0xCA, 0x00, 0xA3, 0x00, 0xA3, 0x00, 0xC3, 0x00, 0x83,
    0x00, 0xC3, 0x00, 0xE4, 0x00, 0xE4, 0x09, 0x25, 0x09, 0x45, 0x00, 0xE4, 0x01, 0x25, 0x01, 0x87,
    0x01, 0x05, 0x01, 0x25, 0x09, 0xA7, 0x01, 0x66, 0x01, 0x25, 0x01, 0x25, 0x01, 0x66, 0x01, 0x05,
    0x00, 0xE5, 0x01, 0x05, 0x01, 0x26, 0x01, 0x25, 0x00, 0xE4, 0x00, 0x84, 0x00, 0xE5, 0x01, 0x46,
    0x01, 0x66, 0x01, 0x46, 0x02, 0x8E, 0x03, 0xF4, 0x03, 0x30, 0x02, 0xAF, 0x02, 0x8F, 0x02, 0x2C,
    0x01, 0xEA, 0x01, 0xC8, 0x01, 0xE8, 0x0A, 0x09, 0x0A, 0x4A, 0x12, 0xAB, 0x12, 0xCB, 0x23, 0x6D,
    0x2B, 0xCF, 0x1A, 0xEC, 0x12, 0x4A, 0x12, 0x4A, 0x09, 0xC8, 0x01, 0x67, 0x01, 0xA7, 0x01, 0xA8,
    0x01, 0xA8, 0x0A, 0x09, 0x1B, 0x2D, 0x22, 0x08, 0x00, 0xE3, 0x60, 0xCE, 0xF8, 0x1F, 0xF8, 0x1F,
    0xF8, 0x1F, 0xF8, 0x1F, 0xF8, 0x1F, 0xF8, 0x1F, 0xF8, 0x1F, 0xF8, 0x1F, 0xF8, 0x1F, 0xF8, 0x1F,
    0xF8, 0x1F, 0xF8, 0x1F, 0xF8, 0x1F, 0xF8, 0x1F, 0xF8, 0x1F, 0xF8, 0x1F, 0xB9, 0x1D, 0x3B, 0x58,
    0x1C, 0x93, 0x01, 0x86, 0x01, 0x66, 0x02, 0x6A, 0x01, 0xA8, 0x09, 0x88, 0x0A, 0x8C, 0x0A, 0x6C,
    0x0A, 0xED, 0x1B, 0x0E, 0x13, 0x0D, 0x0A, 0x8C, 0x0A, 0x4B, 0x1B, 0x0D, 0x0A, 0xEE, 0x0B, 0x0E,
    0x02, 0x4B, 0x02, 0x6B, 0x02, 0xCB, 0x02, 0xAA, 0x02, 0x8A, 0x3A, 0x30, 0xB9, 0x1B, 0xF8, 0x1F,
    0xF8, 0x1F, 0xF8, 0x1F, 0xF8, 0x1F, 0xF8, 0x1F, 0xF8, 0x1F, 0xF8, 0x1F, 0xF8, 0x1F, 0xF8, 0x1F,
    0xF8, 0x1F, 0xF8, 0x1F, 0xF8, 0x1F, 0xF8, 0x1F, 0xF8, 0x1F, 0xF8, 0x1F, 0xF8, 0x1F, 0x40, 0xE6,
    0x21, 0x41, 0x31, 0x82, 0x42, 0x03, 0x39, 0xE4, 0x21, 0xE6, 0x52, 0xC5, 0x83, 0x42, 0x9B, 0xA0,
    0xA3, 0xA0, 0x9B, 0xA0, 0x9B, 0x80, 0xA3, 0xC0, 0x93, 0x80, 0x4A, 0x22, 0x21, 0x84, 0x19, 0x84,
    0x52, 0x62, 0x5A, 0x41, 0x5A, 0x41, 0x5A, 0x41, 0x41, 0xA0, 0x10, 0x60, 0x00, 0xA3, 0x01, 0x47,
    0x01, 0x68, 0x01, 0x88, 0x01, 0x48, 0x01, 0x88, 0x01, 0x48, 0x01, 0x48, 0x01, 0x48, 0x01, 0x69,
    0x01, 0xAA, 0x01, 0xA9, 0x01, 0xC9, 0x01, 0xCA, 0x01, 0xEB, 0x01, 0xCA, 0x09, 0xC9, 0x22, 0x08,
    0x01, 0x68, 0x01, 0x68, 0x01, 0xA9, 0x01, 0x88, 0x01, 0x69, 0x01, 0x89, 0x01, 0x89, 0x01, 0x68,
    0x01, 0x88, 0x09, 0xA9, 0x01, 0xAA, 0x01, 0xAA, 0x01, 0xEB, 0x01, 0xCA, 0x01, 0xC9, 0x01, 0x88,
    0x00, 0x83, 0x00, 0xA3, 0x00, 0xC3, 0x00, 0x62, 0x00, 0xC4, 0x01, 0x04, 0x00, 0xE4, 0x00, 0xC3,
    0x00, 0xE4, 0x00, 0xC4, 0x00, 0xC4, 0x01, 0xA7, 0x01, 0x46, 0x01, 0x66, 0x01, 0x46, 0x01, 0x26,
    0x01, 0x46, 0x01, 0x46, 0x01, 0x87, 0x00, 0xE5, 0x00, 0xE5, 0x01, 0x05, 0x01, 0x26, 0x01, 0x05,
    0x00, 0xE4, 0x00, 0xA4, 0x01, 0x25, 0x01, 0x87, 0x01, 0x46, 0x01, 0xEA, 0x03, 0x72, 0x03, 0x11,
    0x02, 0xAF, 0x02, 0x6D, 0x01, 0xA9, 0x09, 0xE9, 0x09, 0xE9, 0x0A, 0x09, 0x0A, 0x09, 0x0A, 0x4A,
    0x1A, 0xCB, 0x1B, 0x2D, 0x2B, 0x8E, 0x33, 0xCF, 0x2B, 0x4D, 0x09, 0xC8, 0x01, 0x67, 0x01, 0x87,
    0x01, 0x67, 0x01, 0x87, 0x01, 0xA8, 0x01, 0xE9, 0x02, 0x09, 0x0A, 0x2A, 0x22, 0xAA, 0x01, 0x06,
    0x0A, 0x09, 0x29, 0xC9, 0xE0, 0x1C, 0xF8, 0x1F, 0xF8, 0x1F, 0xF8, 0x1F, 0xF8, 0x1F, 0xF8, 0x1F,
    0xF8, 0x1F, 0xF8, 0x1F, 0xF8, 0x1F, 0xF8, 0x1F, 0xF8, 0x1F, 0xF8, 0x1F, 0xF8, 0x1F, 0xF8, 0x1F,
    0xF8, 0x1F, 0xF8, 0x1F, 0xF8, 0x1F, 0xF8, 0x3F, 0xC8, 0xBB, 0x70, 0xD2, 0x41, 0xAB, 0x22, 0x6A,
    0x01, 0xC7, 0x02, 0x28, 0x03, 0x0C, 0x02, 0x2A, 0x02, 0xCB, 0x13, 0x4D, 0x13, 0x8E, 0x0A, 0xAB,
    0x02, 0x49, 0x03, 0x4D, 0x03, 0x8D, 0x02, 0xEB, 0x02, 0x29, 0x02, 0x4B, 0x2A, 0x2F, 0x71, 0x54,
    0xC0, 0x9A, 0xF8, 0x1F, 0xF8, 0x1F, 0xF8, 0x1F, 0xF8, 0x1F, 0xF8, 0x1F, 0xF8, 0x1F, 0xF8, 0x1F,
    0xF8, 0x1F, 0xF8, 0x1F, 0xF8, 0x1F, 0xF8, 0x1F, 0xF8, 0x1F, 0xF8, 0x1F, 0xF8, 0x1F, 0xF8, 0x1F,
    0xF8, 0x1F, 0xF8, 0x1F, 0xC8, 0x97, 0x42, 0x00, 0x41, 0xE2, 0x31, 0xC3, 0x31, 0xE6, 0x3A, 0x66,
    0x6B, 0x24, 0x93, 0x80, 0xA3, 0xA0, 0x9B, 0x80, 0xA3, 0xA0, 0x9B, 0xC2, 0x73, 0x24, 0x5A, 0x42,
    0x31, 0xA4, 0x19, 0xA5, 0x3A, 0x04, 0x52, 0x62, 0x6A, 0xA0, 0x5A, 0x40, 0x39, 0xA0, 0x20, 0xC0,
    0x08, 0x82, 0x00, 0xA4, 0x01, 0xA8, 0x01, 0xA9, 0x01, 0x68, 0x01, 0x68, 0x01, 0x48, 0x01, 0x68,
    0x01, 0x68, 0x01, 0xA9, 0x02, 0x2B, 0x02, 0x0B, 0x01, 0xEA, 0x01, 0xCA, 0x01, 0xA9, 0x01, 0xA9,
    0x02, 0x0B, 0x01, 0x6A, 0x01, 0xA9, 0x09, 0xA9, 0x01, 0x89, 0x01, 0xA9, 0x02, 0x0A, 0x02, 0x0A,
    0x0A, 0x6B, 0x01, 0xA9, 0x00, 0x64, 0x01, 0x68, 0x01, 0xC9, 0x0A, 0x2A, 0x01, 0xAA, 0x01, 0xEA,
    0x01, 0xC9, 0x01, 0x88, 0x00, 0xC5, 0x00, 0x84, 0x01, 0x04, 0x00, 0xE4, 0x00, 0x83, 0x00, 0x83,
    0x00, 0xC4, 0x00, 0xC3, 0x00, 0xE4, 0x00, 0xE4, 0x00, 0xE4, 0x00, 0xA3, 0x00, 0xC4, 0x01, 0x25,
    0x01, 0x25, 0x01, 0x87, 0x02, 0x4A, 0x01, 0xE9, 0x01, 0xC8, 0x01, 0x87, 0x00, 0xE5, 0x00, 0xC4,
    0x01, 0x05, 0x01, 0x25, 0x00, 0xE5, 0x00, 0xC4, 0x00, 0xE4, 0x01, 0x25, 0x01, 0x46, 0x01, 0x26,
    0x00, 0xC5, 0x02, 0xAE, 0x03, 0x10, 0x02, 0x4D, 0x01, 0xE9, 0x01, 0x87, 0x01, 0xC8, 0x0A, 0x4A,
    0x12, 0x8B, 0x0A, 0x6B, 0x12, 0xCC, 0x1A, 0xEC, 0x1A, 0xEC, 0x12, 0xCC, 0x33, 0xAF, 0x23, 0x6E,
    0x09, 0xC9, 0x01, 0x67, 0x01, 0x67, 0x01, 0x87, 0x01, 0x87, 0x09, 0xC8, 0x02, 0x2A, 0x02, 0x4B,
    0x02, 0x2A, 0x02, 0x09, 0x12, 0x29, 0x00, 0xE6, 0x1A, 0xAC, 0x1A, 0xEA, 0x88, 0xF3, 0xF8, 0x1F,
    0xF8, 0x1F, 0xF8, 0x1F, 0xF8, 0x1F, 0xF8, 0x1F, 0xF8, 0x1F, 0xF8, 0x1F, 0xF8, 0x1F, 0xF8, 0x1F,
    0xF8, 0x1F, 0xF8, 0x1F, 0xF8, 0x1F, 0xF8, 0x1F, 0xF8, 0x1F, 0xF8, 0x1F, 0xF8, 0x1F, 0xF8, 0x1F,
    0xF8, 0x1F, 0xF8, 0x1F, 0xF8, 0x1F, 0xE0, 0x5C, 0xB0, 0x98, 0x88, 0xD5, 0x69, 0x94, 0x59, 0x72,
    0x51, 0xD1, 0x39, 0xF1, 0x4B, 0x12, 0x4A, 0x51, 0x41, 0x70, 0x5A, 0x13, 0x69, 0xF5, 0x80, 0xF5,
    0xB0, 0x78, 0xD8, 0x5C, 0xF8, 0x1F, 0xF8, 0x1F, 0xF8, 0x1F, 0xF8, 0x1F, 0xF8, 0x1F, 0xF8, 0x1F,
    0xF8, 0x1F, 0xF8, 0x1F, 0xF8, 0x1F, 0xF8, 0x1F, 0xF8, 0x1F, 0xF8, 0x1F, 0xF8, 0x1F, 0xF8, 0x1F,
    0xF8, 0x1F, 0xF8, 0x1F, 0xF8, 0x1F, 0xF8, 0x1F, 0xF8, 0x1F, 0xF8, 0x1F, 0x81, 0xCC, 0x32, 0x43,
    0x31, 0xE6, 0x3A, 0x46, 0x5A, 0xE4, 0x8B, 0x81, 0x9B, 0xA0, 0xA3, 0xA0, 0x9B, 0xA0, 0x8B, 0x60,
    0x7B, 0x64, 0x52, 0xE8, 0x29, 0xE6, 0x21, 0x64, 0x5A, 0xA4, 0x6A, 0xC2, 0x52, 0x61, 0x5A, 0x60,
    0x39, 0x60, 0x10, 0x80, 0x00, 0x61, 0x00, 0xA4, 0x01, 0xC8, 0x01, 0x68, 0x01, 0x67, 0x01, 0x27,
    0x01, 0x68, 0x01, 0x68, 0x01, 0x89, 0x01, 0x89, 0x01, 0xCA, 0x02, 0x0B, 0x01, 0xEB, 0x01, 0xAA,
    0x01, 0x69, 0x01, 0x69, 0x01, 0xAA, 0x01, 0xA9, 0x02, 0x0B, 0x01, 0x89, 0x01, 0x89, 0x01, 0xCA,
    0x01, 0x89, 0x01, 0xA9, 0x01, 0xA9, 0x01, 0xC9, 0x01, 0xEA, 0x01, 0x68, 0x00, 0x64, 0x01, 0x68,
    0x01, 0xA9, 0x02, 0x0A, 0x01, 0xEA, 0x01, 0xA9, 0x01, 0x06, 0x00, 0x64, 0x00, 0xE7, 0x01, 0xAA,
    0x01, 0x05, 0x01, 0x05, 0x01, 0x25, 0x01, 0x25, 0x01, 0x25, 0x00, 0xE4, 0x01, 0x05, 0x01, 0x05,
    0x01, 0x25, 0x01, 0x26, 0x01, 0x66, 0x01, 0x05, 0x01, 0x05, 0x01, 0xC9, 0x02, 0x6B, 0x01, 0xE9,
    0x01, 0x87, 0x01, 0x05, 0x00, 0xA4, 0x00, 0xC4, 0x01, 0x26, 0x01, 0x66, 0x01, 0x05, 0x00, 0xC4,
    0x01, 0x05, 0x01, 0x66, 0x01, 0x67, 0x00, 0xE5, 0x01, 0xEA, 0x03, 0x30, 0x02, 0x6C, 0x01, 0x88,
    0x01, 0x46, 0x01, 0xC8, 0x12, 0xAB, 0x0A, 0x6B, 0x1B, 0x4D, 0x1B, 0x2D, 0x12, 0xCC, 0x2B, 0xAF,
    0x33, 0xCE, 0x12, 0xAB, 0x12, 0xEC, 0x33, 0x6D, 0x09, 0xE8, 0x01, 0x66, 0x01, 0x66, 0x01, 0x87,
    0x01, 0xC8, 0x01, 0xE9, 0x02, 0x2A, 0x02, 0x2A, 0x01, 0xC8, 0x09, 0xE9, 0x19, 0xE8, 0x01, 0xA9,
    0x44, 0xB2, 0x4C, 0x2F, 0x29, 0xCA, 0xD8, 0x1C, 0xF8, 0x1F, 0xF8, 0x1F, 0xF8, 0x1F, 0xF8, 0x1F,
    0xF8, 0x1F, 0xF8, 0x1F, 0xF8, 0x1F, 0xF8, 0x1F, 0xF8, 0x1F, 0xF8, 0x1F, 0xF8, 0x1F, 0xF8, 0x1F,
    0xF8, 0x1F, 0xF8, 0x1F, 0xF8, 0x1F, 0xF8, 0x1F, 0xF8, 0x1F, 0xF8, 0x1F, 0xF8, 0x1F, 0xF8, 0x1F,
    0xF8, 0x1F, 0xF8, 0x1F, 0xF8, 0x1F, 0xF8, 0x1F, 0xF8, 0x1F, 0xF8, 0x1F, 0xF8, 0x1F, 0xF8, 0x1F,
    0xF8, 0x1F, 0xF8, 0x1F, 0xF8, 0x1F, 0xF8, 0x1F, 0xF8, 0x1F, 0xF8, 0x1F, 0xF8, 0x1F, 0xF8, 0x1F,
    0xF8, 0x1F, 0xF8, 0x1F, 0xF8, 0x1F, 0xF8, 0x1F, 0xF8, 0x1F, 0xF8, 0x1F, 0xF8, 0x1F, 0xF8, 0x1F,
    0xF8, 0x1F, 0xF8, 0x1F, 0xF8, 0x1F, 0xF8, 0x1F, 0xF8, 0x1F, 0xF8, 0x1F, 0xF8, 0x1F, 0xF8, 0x1F,
    0xF8, 0x1F, 0xC8, 0x99, 0x3A, 0xC7, 0x3A, 0x87, 0x5A, 0xE5, 0x8B, 0x82, 0x9B, 0xA0, 0x9B, 0xA0,
    0x9B, 0xA0, 0x83, 0x40, 0x5A, 0xA2, 0x31, 0xC3, 0x31, 0xC4, 0x42, 0x24, 0x42, 0x02, 0x52, 0x42,
    0x52, 0x00, 0x49, 0xC0, 0x20, 0xE1, 0x10, 0xC2, 0x00, 0x21, 0x01, 0x06, 0x01, 0x88, 0x01, 0x68,
    0x01, 0x68, 0x01, 0x27, 0x01, 0x48, 0x01, 0xCA, 0x01, 0xEB, 0x01, 0xCA, 0x02, 0x2C, 0x01, 0xA9,
    0x01, 0x68, 0x01, 0xAA, 0x01, 0x49, 0x01, 0xAA, 0x02, 0x0B, 0x01, 0xCA, 0x01, 0xEA, 0x01, 0xCA,
    0x01, 0x68, 0x01, 0xC9, 0x01, 0xC9, 0x09, 0xC9, 0x0A, 0x0A, 0x09, 0xA8, 0x01, 0x06, 0x01, 0x47,
    0x01, 0xC9, 0x01, 0x68, 0x01, 0x89, 0x01, 0x47, 0x01, 0x27, 0x01, 0x88, 0x01, 0x06, 0x00, 0x64,
    0x11, 0x05, 0x1A, 0x8C, 0x0B, 0x70, 0x0B, 0x2F, 0x00, 0xE4, 0x01, 0x05, 0x01, 0x05, 0x00, 0xE4,
    0x01, 0x05, 0x01, 0x25, 0x01, 0x86, 0x01, 0x25, 0x01, 0x66, 0x01, 0xC7, 0x01, 0x66, 0x01, 0x25,
    0x01, 0x47, 0x02, 0x0A, 0x01, 0xC8, 0x00, 0xE5, 0x00, 0xC4, 0x00, 0xC4, 0x01, 0x25, 0x01, 0x05,
    0x01, 0x47, 0x01, 0xC7, 0x01, 0x05, 0x00, 0xC4, 0x01, 0x66, 0x01, 0x87, 0x01, 0x66, 0x01, 0x26,
    0x02, 0xCE, 0x02, 0xCE, 0x01, 0xA9, 0x01, 0x87, 0x0A, 0x09, 0x0A, 0x4A, 0x0A, 0xAB, 0x23, 0x6E,
    0x3C, 0x30, 0x2B, 0x4E, 0x23, 0x2D, 0x1A, 0xEB, 0x12, 0x49, 0x09, 0xE8, 0x09, 0xC8, 0x11, 0xE8,
    0x01, 0x67, 0x01, 0x87, 0x01, 0xA7, 0x01, 0x87, 0x01, 0xC8, 0x01, 0xE9, 0x02, 0x4A, 0x01, 0xC8,
    0x01, 0x67, 0x23, 0x2C, 0x08, 0xE4, 0x02, 0x0C, 0x6E, 0x37, 0x33, 0xCF, 0x01, 0x86, 0x60, 0x8E,
    0xF8, 0x1F, 0xF8, 0x1F, 0xF8, 0x1F, 0xF8, 0x1F, 0xF8, 0x1F, 0xF8, 0x1F, 0xF8, 0x1F, 0xF8, 0x1F,
    0xF8, 0x1F, 0xF8, 0x1F, 0xF8, 0x1F, 0xF8, 0x1F, 0xF8, 0x1F, 0xF8, 0x1F, 0xF8, 0x1F, 0xF8, 0x1F,
    0xF8, 0x1F, 0xF8, 0x1F, 0xF8, 0x1F, 0xF8, 0x1F, 0xF8, 0x1F, 0xF8, 0x1F, 0xF8, 0x1F, 0xF8, 0x1F,
    0xF8, 0x1F, 0xF8, 0x1F, 0xF8, 0x1F, 0xF8, 0x1F, 0xF8, 0x1F, 0xF8, 0x1F, 0xF8, 0x1F, 0xF8, 0x1F,
    0xF8, 0x1F, 0xF8, 0x1F, 0xF8, 0x1F, 0xF8, 0x1F, 0xF8, 0x1F, 0xF8, 0x1F, 0xF8, 0x1F, 0xF8, 0x1F,
    0xF8, 0x1F, 0xF8, 0x1F, 0xF8, 0x1F, 0xF8, 0x1F, 0xF8, 0x1F, 0xF8, 0x1F, 0xF8, 0x1F, 0xF8, 0x1F,
    0xF8, 0x1F, 0xF8, 0x1F, 0xF8, 0x1F, 0xF8, 0x1F, 0xF8, 0x1F, 0x69, 0xCB, 0x53, 0x04, 0x8B, 0x83,
    0x9B, 0xC0, 0xA3, 0xC0, 0x93, 0x60, 0x7A, 0xE0, 0x52, 0x22, 0x21, 0x84, 0x29, 0xC4, 0x42, 0x23,
    0x4A, 0x01, 0x51, 0xA0, 0x31, 0x40, 0x31, 0x20, 0x10, 0x81, 0x00, 0x82, 0x01, 0x47, 0x01, 0x87,
    0x01, 0x67, 0x01, 0xA8, 0x01, 0x89, 0x01, 0x69, 0x01, 0x48, 0x01, 0xA9, 0x01, 0xEB, 0x01, 0xEB,
    0x01, 0xCA, 0x09, 0xEA, 0x12, 0x2A, 0x09, 0xC9, 0x01, 0x68, 0x01, 0x69, 0x02, 0x0B, 0x02, 0x6D,
    0x02, 0x0B, 0x02, 0x0A, 0x01, 0xEA, 0x01, 0x68, 0x01, 0x89, 0x0A, 0x4C, 0x0A, 0x2B, 0x0A, 0x2C,
    0x02, 0x6D, 0x43, 0x4C, 0x12, 0x6B, 0x12, 0xED, 0x13, 0x0E, 0x0A, 0xCE, 0x0A, 0xCE, 0x02, 0x4C,
    0x01, 0x89, 0x01, 0x48, 0x01, 0xCA, 0x01, 0x69, 0x22, 0x4A, 0x2B, 0x0D, 0x02, 0x4D, 0x02, 0x0C,
    0x01, 0x25, 0x01, 0x05, 0x00, 0xE5, 0x01, 0x87, 0x01, 0x66, 0x01, 0x67, 0x01, 0x66, 0x01, 0x25,
    0x01, 0x05, 0x01, 0x46, 0x01, 0xA8, 0x01, 0xE9, 0x02, 0x09, 0x02, 0x8B, 0x01, 0xA8, 0x00, 0xA4,
    0x00, 0xC4, 0x01, 0x25, 0x01, 0x05, 0x01, 0x05, 0x01, 0x46, 0x01, 0x46, 0x01, 0x05, 0x01, 0x26,
    0x01, 0x87, 0x01, 0x87, 0x09, 0x86, 0x01, 0x48, 0x03, 0x30, 0x02, 0x6C, 0x01, 0xA8, 0x0A, 0x29,
    0x12, 0xAB, 0x0A, 0xAB, 0x1B, 0x0D, 0x33, 0xCF, 0x23, 0x2D, 0x12, 0x6A, 0x12, 0x4A, 0x0A, 0x09,
    0x09, 0xA7, 0x01, 0x46, 0x01, 0x66, 0x01, 0x66, 0x01, 0x66, 0x01, 0x87, 0x01, 0xA8, 0x02, 0x09,
    0x01, 0xE9, 0x02, 0x29, 0x01, 0xE9, 0x01, 0x47, 0x1B, 0x0D, 0x2A, 0xEB, 0x01, 0x28, 0x24, 0x74,
    0x76, 0x99, 0x0B, 0x0E, 0x01, 0xAA, 0x01, 0x45, 0xB0, 0x58, 0xF8, 0x1F, 0xF8, 0x1F, 0xF8, 0x1F,
    0xF8, 0x1F, 0xF8, 0x1F, 0xF8, 0x1F, 0xF8, 0x1F, 0xF8, 0x1F, 0xF8, 0x1F, 0xF8, 0x1F, 0xF8, 0x1F,
    0xF8, 0x1F, 0xF8, 0x1F, 0xF8, 0x1F, 0xF8, 0x1F, 0xF8, 0x1F, 0xF8, 0x1F, 0xF8, 0x1F, 0xF8, 0x1F,
    0xF8, 0x1F, 0xF8, 0x1F, 0xF8, 0x1F, 0xF8, 0x1F, 0xF8, 0x1F, 0xF8, 0x1F, 0xF8, 0x1F, 0xF8, 0x1F,
    0xF8, 0x1F, 0xF8, 0x1F, 0xF8, 0x1F, 0xF8, 0x1F, 0xF8, 0x1F, 0xF8, 0x1F, 0xF8, 0x1F, 0xF8, 0x1F,
    0xF8, 0x1F, 0xF8, 0x1F, 0xF8, 0x1F, 0xF8, 0x1F, 0xF8, 0x1F, 0xF8, 0x1F, 0xF8, 0x1F, 0xF8, 0x1F,
    0xF8, 0x1F, 0xF8, 0x1F, 0xF8, 0x1F, 0xF8, 0x1F, 0xF8, 0x1F, 0xF8, 0x1F, 0xF8, 0x1F, 0xF8, 0x1F,
    0xC1, 0x53, 0x8B, 0xC0, 0x93, 0x60, 0x93, 0x60, 0x8B, 0x20, 0x62, 0x81, 0x41, 0xC2, 0x31, 0xC4,
    0x31, 0xC3, 0x41, 0xE1, 0x41, 0xA0, 0x31, 0x20, 0x10, 0x80, 0x08, 0xA2, 0x01, 0x05, 0x01, 0x47,
    0x01, 0x46, 0x01, 0x88, 0x01, 0xC9, 0x01, 0x88, 0x01, 0x47, 0x01, 0x27, 0x01, 0xAA, 0x01, 0xEA,
    0x01, 0xEA, 0x02, 0x4B, 0x02, 0x8D, 0x02, 0x2B, 0x01, 0xCA, 0x01, 0x68, 0x19, 0xC8, 0x32, 0x27,
    0x09, 0xA8, 0x02, 0x2B, 0x0B, 0x4F, 0x23, 0xD0, 0x02, 0x0A, 0x01, 0xC9, 0x01, 0x88, 0x01, 0xC9,
    0x1A, 0xCB, 0x22, 0x09, 0x01, 0x09, 0x01, 0xAA, 0x01, 0x6A, 0x01, 0x69, 0x01, 0xAA, 0x01, 0xCB,
    0x02, 0x2C, 0x01, 0xCB, 0x01, 0xCB, 0x02, 0x6D, 0x02, 0x8D, 0x02, 0xAE, 0x13, 0x90, 0x22, 0xED,
    0x02, 0xAF, 0x01, 0xEC, 0x01, 0x6B, 0x01, 0xED, 0x01, 0xE8, 0x01, 0xE9, 0x01, 0xA8, 0x01, 0xA8,
    0x01, 0x87, 0x01, 0x67, 0x01, 0x67, 0x01, 0x87, 0x01, 0xC8, 0x02, 0x29, 0x02, 0x2A, 0x02, 0x09,
    0x01, 0xA8, 0x01, 0xA8, 0x01, 0x06, 0x00, 0xC4, 0x00, 0xC4, 0x01, 0x05, 0x00, 0xC4, 0x01, 0x26,
    0x01, 0x26, 0x00, 0xE5, 0x01, 0x26, 0x01, 0x67, 0x01, 0xA7, 0x01, 0xA7, 0x09, 0x66, 0x01, 0xC9,
    0x03, 0x30, 0x02, 0x0B, 0x01, 0xC8, 0x0A, 0x29, 0x1A, 0xEC, 0x12, 0xEC, 0x1B, 0x2D, 0x23, 0x4E,
    0x13, 0x0D, 0x12, 0xAC, 0x02, 0x09, 0x01, 0xA8, 0x01, 0x87, 0x01, 0x46, 0x01, 0x25, 0x01, 0x46,
    0x01, 0xA7, 0x01, 0xA7, 0x01, 0xE9, 0x02, 0xAC, 0x02, 0x09, 0x01, 0xC8, 0x01, 0x87, 0x02, 0x2A,
    0x23, 0x2C, 0x01, 0x06, 0x2B, 0xF1, 0x6E, 0x78, 0x34, 0x72, 0x02, 0x8E, 0x02, 0x2B, 0x01, 0xC8,
    0x20, 0xE8, 0xE0, 0x3D, 0xF8, 0x1F, 0xF8, 0x1F, 0xF8, 0x1F, 0xF8, 0x1F, 0xF8, 0x1F, 0xF8, 0x1F,
    0xF8, 0x1F, 0xF8, 0x1F, 0xF8, 0x1F, 0xF8, 0x1F, 0xF8, 0x1F, 0xF8, 0x1F, 0xF8, 0x1F, 0xF8, 0x1F,
    0xF8, 0x1F, 0xF8, 0x1F, 0xF8, 0x1F, 0xF8, 0x1F, 0xF8, 0x1F, 0xF8, 0x1F, 0xF8, 0x1F, 0xF8, 0x1F,
    0xF8, 0x1F, 0xF8, 0x1F, 0xF8, 0x1F, 0xF8, 0x1F, 0xF8, 0x1F, 0xF8, 0x1F, 0xF8, 0x1F, 0xF8, 0x1F,
    0xF8, 0x1F, 0xF8, 0x1F, 0xF8, 0x1F, 0xF8, 0x1F, 0xF8, 0x1F, 0xF8, 0x1F, 0xF8, 0x1F, 0xF8, 0x1F,
    0xF8, 0x1F, 0xF8, 0x1F, 0xF8, 0x1F, 0xF8, 0x1F, 0xF8, 0x1F, 0xF8, 0x1F, 0xF8, 0x1F, 0xF8, 0x1F,
    0xF8, 0x1F, 0xF8, 0x1F, 0xF8, 0x1F, 0xE0, 0x79, 0x93, 0x22, 0x8B, 0x60, 0x7B, 0x01, 0x4A, 0x42,
    0x29, 0xC5, 0x3A, 0x04, 0x4A, 0x23, 0x42, 0x02, 0x31, 0x60, 0x20, 0xE0, 0x10, 0x81, 0x08, 0xE4,
    0x01, 0x87, 0x01, 0x67, 0x01, 0x88, 0x01, 0x88, 0x01, 0x89, 0x01, 0x89, 0x01, 0x68, 0x01, 0xCA,
    0x01, 0xCA, 0x09, 0xEA, 0x01, 0xC9, 0x11, 0xC8, 0x01, 0xAA, 0x01, 0xA9, 0x01, 0xCA, 0x12, 0x2A,
    0x09, 0xC9, 0x01, 0xCA, 0x01, 0x88, 0x01, 0x88, 0x01, 0xEA, 0x02, 0x2B, 0x12, 0x6B, 0x0A, 0x4B,
    0x01, 0xC9, 0x00, 0xA5, 0x11, 0xA7, 0x22, 0x8B, 0x12, 0x0A, 0x1A, 0x4A, 0x02, 0x8D, 0x01, 0xEA,
    0x01, 0xAA, 0x01, 0xAB, 0x01, 0x49, 0x01, 0x49, 0x01, 0x49, 0x01, 0x8A, 0x02, 0x0C, 0x02, 0x2C,
    0x01, 0xCB, 0x02, 0x4D, 0x1B, 0x4F, 0x23, 0x4F, 0x0A, 0xAE, 0x01, 0xCC, 0x12, 0xAE, 0x01, 0x8B,
    0x01, 0xE9, 0x01, 0xE9, 0x02, 0x0A, 0x02, 0x09, 0x01, 0xE9, 0x01, 0xE9, 0x02, 0x2A, 0x01, 0xC8,
    0x02, 0x09, 0x01, 0x67, 0x01, 0x06, 0x00, 0xE5, 0x00, 0xA4, 0x00, 0xC4, 0x09, 0x04, 0x00, 0xE4,
    0x01, 0x05, 0x09, 0x25, 0x01, 0x46, 0x01, 0x26, 0x00, 0xE4, 0x00, 0xE4, 0x01, 0x66, 0x02, 0x29,
    0x01, 0xA7, 0x01, 0x66, 0x11, 0xA7, 0x09, 0x68, 0x02, 0xAE, 0x01, 0xEA, 0x01, 0xA8, 0x02, 0x09,
    0x0A, 0x6A, 0x23, 0x6E, 0x3C, 0x71, 0x3C, 0x51, 0x34, 0x11, 0x1B, 0x4E, 0x0A, 0x4A, 0x01, 0xA8,
    0x01, 0xA7, 0x01, 0xA7, 0x01, 0x86, 0x01, 0x87, 0x01, 0xA7, 0x01, 0x88, 0x02, 0x09, 0x02, 0x4A,
    0x01, 0xC8, 0x01, 0xA8, 0x02, 0x09, 0x23, 0x4D, 0x11, 0xE8, 0x00, 0xE7, 0x34, 0x52, 0x2C, 0x72,
    0x02, 0x2D, 0x02, 0xEF, 0x02, 0xAE, 0x02, 0x6C, 0x02, 0x29, 0x40, 0xEC, 0xF8, 0x1F, 0xF8, 0x1F,
    0xF8, 0x1F, 0xF8, 0x1F, 0xF8, 0x1F, 0xF8, 0x1F, 0xF8, 0x1F, 0xF8, 0x1F, 0xF8, 0x1F, 0xF8, 0x1F,
    0xF8, 0x1F, 0xF8, 0x1F, 0xF8, 0x1F, 0xF8, 0x1F, 0xF8, 0x1F, 0xF8, 0x1F, 0xF8, 0x1F, 0xF8, 0x1F,
    0xF8, 0x1F, 0xF8, 0x1F, 0xF8, 0x1F, 0xF8, 0x1F, 0xF8, 0x1F, 0xF8, 0x1F, 0xF8, 0x1F, 0xF8, 0x1F,
    0xF8, 0x1F, 0xF8, 0x1F, 0xF8, 0x1F, 0xF8, 0x1F, 0xF8, 0x1F, 0xF8, 0x1F, 0xF8, 0x1F, 0xF8, 0x1F,
    0xF8, 0x1F, 0xF8, 0x1F, 0xF8, 0x1F, 0xF8, 0x1F, 0xF8, 0x1F, 0xF8, 0x1F, 0xF8, 0x1F, 0xF8, 0x1F,
    0xF8, 0x1F, 0xF8, 0x1F, 0xF8, 0x1F, 0xF8, 0x1F, 0xF8, 0x1F, 0xF8, 0x1F, 0xF0, 0x1D, 0x82, 0x05,
    0x62, 0xC0, 0x4A, 0x23, 0x3A, 0x24, 0x3A, 0x04, 0x42, 0x02, 0x52, 0x42, 0x41, 0xA0, 0x10, 0xC1,
    0x00, 0x82, 0x00, 0xA4, 0x01, 0x67, 0x01, 0xA8, 0x01, 0x67, 0x01, 0x47, 0x01, 0x88, 0x01, 0x69,
    0x01, 0xCA, 0x01, 0xCA, 0x01, 0xCA, 0x01, 0xEB, 0x01, 0xEB, 0x01, 0xCA, 0x01, 0xA9, 0x01, 0xA9,
    0x01, 0xA9, 0x01, 0xA9, 0x01, 0x89, 0x01, 0xA9, 0x01, 0x68, 0x01, 0x48, 0x22, 0x07, 0x32, 0x48,
    0x02, 0x4C, 0x01, 0xEB, 0x1A, 0x4C, 0x0A, 0x8D, 0x02, 0x0B, 0x01, 0x89, 0x02, 0x4C, 0x02, 0x0B,
    0x01, 0xEB, 0x02, 0x4C, 0x02, 0x4C, 0x01, 0xEA, 0x12, 0x6C, 0x12, 0x8D, 0x01, 0x89, 0x01, 0x48,
    0x02, 0x2B, 0x01, 0xCA, 0x02, 0x2B, 0x01, 0xEA, 0x02, 0x0B, 0x01, 0xCB, 0x02, 0x0C, 0x02, 0x0B,
    0x01, 0xEC, 0x0A, 0xAD, 0x01, 0xCB, 0x01, 0x2A, 0x01, 0x26, 0x00, 0xE6, 0x01, 0x88, 0x02, 0xCC,
    0x02, 0x8B, 0x01, 0xE9, 0x01, 0x88, 0x00, 0xE5, 0x00, 0xE5, 0x00, 0xA3, 0x00, 0x63, 0x00, 0xC4,
    0x01, 0x05, 0x01, 0x25, 0x00, 0xE4, 0x08, 0xE4, 0x01, 0x46, 0x01, 0x66, 0x11, 0x86, 0x00, 0xA4,
    0x00, 0xA3, 0x00, 0xC4, 0x01, 0x87, 0x01, 0xA7, 0x01, 0x87, 0x12, 0x08, 0x00, 0xE4, 0x02, 0x0B,
    0x03, 0x71, 0x01, 0xCA, 0x01, 0x87, 0x02, 0x28, 0x0A, 0x2A, 0x23, 0xAF, 0x55, 0x13, 0x54, 0xF3,
    0x3C, 0x51, 0x1B, 0x2D, 0x0A, 0x8B, 0x0A, 0x09, 0x01, 0xA8, 0x01, 0x87, 0x01, 0x87, 0x01, 0x67,
    0x01, 0x87, 0x01, 0xC8, 0x02, 0x09, 0x01, 0xE9, 0x01, 0xC8, 0x01, 0xE9, 0x02, 0x2A, 0x0A, 0xEC,
    0x02, 0xAC, 0x0B, 0x91, 0x4D, 0x96, 0x23, 0xF1, 0x02, 0xAF, 0x03, 0x50, 0x03, 0xB3, 0x03, 0x31,
    0x02, 0xAE, 0x01, 0xC8, 0x50, 0xEE, 0xF8, 0x3F, 0xF8, 0x1F, 0xF8, 0x1F, 0xF8, 0x1F, 0xF8, 0x1F,
    0xF8, 0x1F, 0xF8, 0x1F, 0xF8, 0x1F, 0xF8, 0x1F, 0xF8, 0x1F, 0xF8, 0x1F, 0xF8, 0x1F, 0xF8, 0x1F,
    0xF8, 0x1F, 0xF8, 0x1F, 0xF8, 0x1F, 0xF8, 0x1F, 0xF8, 0x1F, 0xF8, 0x1F, 0xF8, 0x1F, 0xF8, 0x1F,
    0xF8, 0x1F, 0xF8, 0x1F, 0xF8, 0x1F, 0xF8, 0x1F, 0xF8, 0x1F, 0xF8, 0x1F, 0xF8, 0x1F, 0xF8, 0x1F,
    0xF8, 0x1F, 0xF8, 0x1F, 0xF8, 0x1F, 0xF8, 0x1F, 0xF8, 0x1F, 0xF8, 0x1F, 0xF8, 0x1F, 0xF8, 0x1F,
    0xF8, 0x1F, 0xF8, 0x1F, 0xF8, 0x1F, 0xF8, 0x1F, 0xF8, 0x1F, 0xF8, 0x1F, 0xF8, 0x1F, 0xF8, 0x1F,
    0xF8, 0x1F, 0xF0, 0x1E, 0x60, 0xE9, 0x32, 0x01, 0x42, 0x24, 0x4A, 0x64, 0x4A, 0x01, 0x41, 0xA0,
    0x31, 0x40, 0x10, 0xC2, 0x00, 0xC4, 0x01, 0x47, 0x01, 0x87, 0x01, 0x67, 0x01, 0x88, 0x01, 0x48,
    0x01, 0x68, 0x09, 0x47, 0x09, 0xC9, 0x02, 0x0B, 0x01, 0xEA, 0x01, 0xCA, 0x01, 0x89, 0x01, 0xAA,
    0x01, 0xCA, 0x01, 0xCA, 0x01, 0xCA, 0x01, 0xEA, 0x01, 0xC9, 0x01, 0x87, 0x01, 0x47, 0x01, 0x26,
    0x01, 0xA8, 0x02, 0x2C, 0x12, 0x2A, 0x19, 0xA8, 0x01, 0x69, 0x01, 0xAA, 0x01, 0x8A, 0x01, 0xCA,
    0x01, 0xEA, 0x0A, 0x6C, 0x01, 0xEB, 0x02, 0x0B, 0x01, 0xA9, 0x01, 0x88, 0x01, 0x68, 0x01, 0x68,
    0x02, 0x0A, 0x02, 0xCD, 0x01, 0xCA, 0x01, 0xAA, 0x02, 0x0A, 0x01, 0xA9, 0x02, 0x0A, 0x02, 0x8D,
    0x01, 0x69, 0x01, 0xA9, 0x01, 0xA9, 0x01, 0x08, 0x01, 0x49, 0x01, 0x49, 0x0A, 0x4D, 0x0B, 0x2F,
    0x00, 0xE5, 0x00, 0xA4, 0x00, 0xC5, 0x01, 0x47, 0x01, 0x47, 0x00, 0xE5, 0x00, 0x84, 0x00, 0x83,
    0x00, 0xA4, 0x00, 0x83, 0x00, 0xE5, 0x01, 0x46, 0x01, 0x05, 0x01, 0x46, 0x01, 0x46, 0x09, 0x46,
    0x01, 0x26, 0x01, 0x46, 0x09, 0x05, 0x00, 0xA4, 0x00, 0xE4, 0x09, 0x66, 0x01, 0x66, 0x01, 0x26,
    0x09, 0xA8, 0x1A, 0x28, 0x01, 0x05, 0x03, 0x30, 0x03, 0x50, 0x01, 0xA9, 0x01, 0xC7, 0x0A, 0x08,
    0x01, 0xE9, 0x23, 0x8E, 0x44, 0xD3, 0x44, 0x92, 0x13, 0x6E, 0x23, 0xAE, 0x1B, 0x0C, 0x0A, 0x4A,
    0x02, 0x09, 0x01, 0xC8, 0x01, 0xC8, 0x01, 0xA7, 0x01, 0xE9, 0x01, 0xE9, 0x02, 0x29, 0x0A, 0x29,
    0x01, 0xE9, 0x02, 0x4A, 0x02, 0x0B, 0x02, 0xCF, 0x3D, 0x15, 0x44, 0xD3, 0x23, 0xB0, 0x02, 0xAF,
    0x03, 0x10, 0x03, 0xB3, 0x04, 0x15, 0x03, 0x93, 0x03, 0x30, 0x2B, 0x6F, 0x12, 0x68, 0x59, 0x0E,
    0xF0, 0x1F, 0xF8, 0x1F, 0xF8, 0x1F, 0xF8, 0x1F, 0xF8, 0x1F, 0xF8, 0x1F, 0xF8, 0x1F, 0xF8, 0x1F,
    0xF8, 0x1F, 0xF8, 0x1F, 0xF8, 0x1F, 0xF8, 0x1F, 0xF8, 0x1F, 0xF8, 0x1F, 0xF8, 0x1F, 0xF8, 0x1F,
    0xF8, 0x1F, 0xF8, 0x1F, 0xF8, 0x1F, 0xF8, 0x1F, 0xF8, 0x1F, 0xF8, 0x1F, 0xF8, 0x1F, 0xF8, 0x1F,
    0xF8, 0x1F, 0xF8, 0x1F, 0xF8, 0x1F, 0xF8, 0x1F, 0xF8, 0x1F, 0xF8, 0x1F, 0xF8, 0x1F, 0xF8, 0x1F,
    0xF8, 0x1F, 0xF8, 0x1F, 0xF8, 0x1F, 0xF8, 0x1F, 0xF8, 0x1F, 0xF8, 0x1F, 0xF8, 0x1F, 0xF8, 0x1F,
    0xF8, 0x1F, 0xF8, 0x1F, 0xF8, 0x1F, 0xF8, 0x1F, 0xF0, 0x1F, 0x68, 0xEA, 0x3A, 0x60, 0x62, 0xA3,
    0x6A, 0xA1, 0x41, 0xA0, 0x18, 0xC0, 0x00, 0xC3, 0x01, 0x05, 0x01, 0x67, 0x01, 0x68, 0x01, 0x68,
    0x01, 0xC9, 0x01, 0x47, 0x01, 0x48, 0x01, 0xA9, 0x01, 0xEA, 0x02, 0x0B, 0x02, 0x0B, 0x01, 0xEB,
    0x01, 0xEB, 0x02, 0x2B, 0x01, 0xEA, 0x12, 0x09, 0x01, 0xC9, 0x01, 0x88, 0x01, 0xC8, 0x01, 0xC9,
    0x01, 0x88, 0x01, 0x88, 0x01, 0x48, 0x09, 0xA7, 0x01, 0xA9, 0x01, 0xAA, 0x00, 0xE7, 0x01, 0x08,
    0x01, 0x88, 0x01, 0x68, 0x01, 0x27, 0x01, 0x47, 0x01, 0x47, 0x01, 0x48, 0x01, 0x47, 0x00, 0xE5,
    0x00, 0xA4, 0x00, 0xE5, 0x01, 0x26, 0x00, 0xE6, 0x00, 0xE6, 0x01, 0x27, 0x01, 0x68, 0x01, 0xCB,
    0x01, 0xAA, 0x01, 0x68, 0x12, 0xCD, 0x2C, 0x10, 0x0A, 0x6C, 0x02, 0x4B, 0x12, 0xCD, 0x12, 0xCD,
    0x02, 0x2C, 0x0A, 0xCE, 0x02, 0xEE, 0x02, 0x2B, 0x00, 0xC4, 0x00, 0xA3, 0x00, 0xA4, 0x00, 0xA4,
    0x00, 0xA4, 0x00, 0xC4, 0x00, 0xE4, 0x00, 0xC4, 0x01, 0x05, 0x00, 0xE5, 0x00, 0xC5, 0x00, 0xC4,
    0x00, 0x63, 0x00, 0xA4, 0x00, 0xA4, 0x00, 0xC4, 0x01, 0x05, 0x08, 0xE4, 0x00, 0xC4, 0x00, 0xC4,
    0x01, 0x05, 0x01, 0x26, 0x01, 0x26, 0x01, 0x67, 0x01, 0x66, 0x01, 0x04, 0x01, 0xEB, 0x04, 0x13,
    0x02, 0xEF, 0x01, 0x48, 0x01, 0x87, 0x01, 0x66, 0x09, 0xC8, 0x12, 0xCC, 0x34, 0x10, 0x44, 0x92,
    0x2C, 0x11, 0x23, 0x8E, 0x0A, 0xAC, 0x12, 0x8A, 0x01, 0xE9, 0x01, 0xE9, 0x01, 0xC8, 0x01, 0xE9,
    0x02, 0x09, 0x02, 0x09, 0x01, 0xC8, 0x01, 0x88, 0x02, 0x2A, 0x02, 0x4B, 0x02, 0x4D, 0x45, 0x35,
    0x4C, 0xF3, 0x0A, 0x6D, 0x02, 0x4E, 0x03, 0x71, 0x03, 0xB2, 0x03, 0xF4, 0x03, 0x73, 0x1C, 0x95,
    0x45, 0x35, 0x1B, 0x6F, 0x02, 0x2C, 0x01, 0xA7, 0x38, 0xEC, 0xE0, 0x3D, 0xF8, 0x1F, 0xF8, 0x1F,
    0xF8, 0x1F, 0xF8, 0x1F, 0xF8, 0x1F, 0xF8, 0x1F, 0xF8, 0x1F, 0xF8, 0x1F, 0xF8, 0x1F, 0xF8, 0x1F,
    0xF8, 0x1F, 0xF8, 0x1F, 0xF8, 0x1F, 0xF8, 0x1F, 0xF8, 0x1F, 0xF8, 0x1F, 0xF8, 0x1F, 0xF8, 0x1F,
    0xF8, 0x1F, 0xF8, 0x1F, 0xF8, 0x1F, 0xF8, 0x1F, 0xF8, 0x1F, 0xF8, 0x1F, 0xF8, 0x1F, 0xF8, 0x1F,
    0xF8, 0x1F, 0xF8, 0x1F, 0xF8, 0x1F, 0xF8, 0x1F, 0xF8, 0x1F, 0xF8, 0x1F, 0xF8, 0x1F, 0xF8, 0x1F,
    0xF8, 0x1F, 0xF8, 0x1F, 0xF8, 0x1F, 0xF8, 0x1F, 0xF8, 0x1F, 0xF8, 0x1F, 0xF8, 0x1F, 0xE8, 0x1C,
    0x58, 0xC7, 0x39, 0xC0, 0x41, 0x80, 0x31, 0x40, 0x19, 0x02, 0x00, 0x82, 0x00, 0xE5, 0x01, 0x88,
    0x01, 0x88, 0x01, 0x88, 0x01, 0xA9, 0x01, 0xE9, 0x01, 0xEB, 0x01, 0xCA, 0x01, 0xEB, 0x02, 0x0B,
    0x01, 0xEB, 0x02, 0x2C, 0x22, 0x8A, 0x22, 0x49, 0x02, 0x2B, 0x02, 0x4B, 0x01, 0xC9, 0x01, 0x47,
    0x01, 0x47, 0x01, 0x47, 0x01, 0x68, 0x01, 0x89, 0x01, 0x27, 0x00, 0xC6, 0x00, 0xC6, 0x01, 0x68,
    0x01, 0x48, 0x01, 0x27, 0x01, 0x48, 0x01, 0xE9, 0x01, 0xE9, 0x01, 0xA9, 0x01, 0x88, 0x01, 0x67,
    0x01, 0x27, 0x00, 0xE6, 0x01, 0x06, 0x01, 0x47, 0x01, 0x67, 0x01, 0x48, 0x01, 0xCA, 0x01, 0xEA,
    0x01, 0x47, 0x00, 0x84, 0x00, 0x43, 0x01, 0x27, 0x01, 0x89, 0x01, 0x49, 0x01, 0xCA, 0x0A, 0x8C,
    0x12, 0xCD, 0x12, 0xED, 0x13, 0xAF, 0x1B, 0x6F, 0x0A, 0xCD, 0x0A, 0xED, 0x02, 0x0B, 0x01, 0x47,
    0x00, 0xC4, 0x00, 0xE5, 0x00, 0xE5, 0x09, 0x25, 0x09, 0x25, 0x00, 0xE5, 0x00, 0xE5, 0x01, 0x05,
    0x01, 0x05, 0x00, 0xA3, 0x00, 0x63, 0x00, 0xA3, 0x00, 0xC4, 0x00, 0xC4, 0x00, 0x63, 0x00, 0x83,
    0x00, 0xE4, 0x00, 0xA4, 0x00, 0xC4, 0x01, 0x05, 0x01, 0x46, 0x01, 0x25, 0x01, 0x26, 0x01, 0x87,
    0x01, 0x25, 0x01, 0x68, 0x04, 0x34, 0x04, 0x14, 0x02, 0x4D, 0x01, 0x68, 0x01, 0x67, 0x01, 0x66,
    0x09, 0xE8, 0x0A, 0x2A, 0x1B, 0x2E, 0x55, 0x13, 0x44, 0xB2, 0x23, 0xAF, 0x13, 0x0C, 0x02, 0x4A,
    0x02, 0x29, 0x01, 0xC8, 0x01, 0xC8, 0x01, 0xE9, 0x02, 0x09, 0x01, 0xA8, 0x01, 0x88, 0x02, 0x0A,
    0x02, 0x4C, 0x13, 0x50, 0x4D, 0x55, 0x44, 0xD3, 0x02, 0x2D, 0x02, 0xCF, 0x03, 0x50, 0x03, 0x92,
    0x03, 0xB4, 0x03, 0xB3, 0x24, 0x94, 0x3C, 0x93, 0x13, 0x91, 0x03, 0x92, 0x02, 0xCF, 0x02, 0xAF,
    0x02, 0x2A, 0x19, 0x28, 0xB0, 0x37, 0xF8, 0x1F, 0xF8, 0x1F, 0xF8, 0x1F, 0xF8, 0x1F, 0xF8, 0x1F,
    0xF8, 0x1F, 0xF8, 0x1F, 0xF8, 0x1F, 0xF8, 0x1F, 0xF8, 0x1F, 0xF8, 0x1F, 0xF8, 0x1F, 0xF8, 0x1F,
    0xF8, 0x1F, 0xF8, 0x1F, 0xF8, 0x1F, 0xF8, 0x1F, 0xF8, 0x1F, 0xF8, 0x1F, 0xF8, 0x1F, 0xF8, 0x1F,
    0xF8, 0x1F, 0xF8, 0x1F, 0xF8, 0x1F, 0xF8, 0x1F, 0xF8, 0x1F, 0xF8, 0x1F, 0xF8, 0x1F, 0xF8, 0x1F,
    0xF8, 0x1F, 0xF8, 0x1F, 0xF8, 0x1F, 0xF8, 0x1F, 0xF8, 0x1F, 0xF8, 0x1F, 0xF8, 0x1F, 0xF8, 0x1F,
    0xF8, 0x1F, 0xF8, 0x1F, 0xC0, 0x17, 0x28, 0x63, 0x08, 0xC0, 0x10, 0xC3, 0x00, 0xC4, 0x01, 0x06,
    0x01, 0x88, 0x01, 0x88, 0x01, 0x67, 0x01, 0xA8, 0x01, 0x88, 0x01, 0xEA, 0x02, 0x2B, 0x0A, 0x09,
    0x01, 0xEA, 0x02, 0x2B, 0x0A, 0x09, 0x22, 0x28, 0x02, 0x0A, 0x02, 0x2A, 0x0A, 0x2A, 0x09, 0xE9,
    0x01, 0x87, 0x01, 0x88, 0x01, 0xA9, 0x4A, 0x45, 0x29, 0xC6, 0x00, 0xC6, 0x01, 0x07, 0x00, 0xC6,
    0x00, 0xE7, 0x01, 0x89, 0x01, 0xC9, 0x01, 0xCA, 0x02, 0x0B, 0x02, 0x4C, 0x01, 0xCA, 0x02, 0x2B,
    0x0A, 0x4B, 0x01, 0xEA, 0x02, 0x4C, 0x01, 0xC9, 0x01, 0xCA, 0x02, 0x0B, 0x02, 0x4C, 0x02, 0x6C,
    0x02, 0xED, 0x02, 0x6B, 0x02, 0x0A, 0x02, 0x6C, 0x01, 0xA9, 0x01, 0x47, 0x01, 0x47, 0x01, 0x06,
    0x01, 0x07, 0x01, 0x27, 0x01, 0x06, 0x01, 0x07, 0x11, 0xC8, 0x0A, 0x0A, 0x02, 0x0B, 0x02, 0x0B,
    0x01, 0xEA, 0x01, 0xC9, 0x01, 0x68, 0x01, 0xC9, 0x01, 0x26, 0x01, 0x05, 0x01, 0x05, 0x00, 0xC4,
    0x00, 0xE4, 0x00, 0xC4, 0x00, 0xC4, 0x01, 0x04, 0x00, 0xA3, 0x00, 0xA3, 0x00, 0xA3, 0x00, 0xC4,
    0x01, 0x25, 0x01, 0x45, 0x01, 0x25, 0x01, 0x05, 0x01, 0x25, 0x01, 0x05, 0x01, 0x05, 0x09, 0x66,
    0x01, 0x26, 0x01, 0x05, 0x01, 0x05, 0x01, 0x04, 0x00, 0xE5, 0x03, 0xD1, 0x04, 0xF6, 0x03, 0x72,
    0x02, 0x0B, 0x01, 0x67, 0x01, 0x67, 0x01, 0x66, 0x0A, 0x09, 0x0A, 0x6B, 0x1B, 0x4E, 0x3C, 0x51,
    0x34, 0x10, 0x23, 0x8E, 0x0A, 0xCC, 0x02, 0x4A, 0x01, 0xE9, 0x01, 0xC8, 0x01, 0xC8, 0x01, 0xC8,
    0x01, 0xA8, 0x01, 0xC9, 0x02, 0x2B, 0x02, 0x4D, 0x0B, 0x50, 0x45, 0x14, 0x33, 0xB0, 0x0A, 0x8E,
    0x02, 0xEF, 0x03, 0x2F, 0x03, 0x72, 0x03, 0xD4, 0x03, 0xB3, 0x34, 0xB4, 0x1B, 0xB0, 0x03, 0x10,
    0x03, 0x73, 0x04, 0x36, 0x04, 0x56, 0x02, 0xEE, 0x11, 0xE8, 0x01, 0x45, 0x00, 0xE3, 0x60, 0x6E,
    0xE8, 0x1D, 0xF8, 0x1F, 0xF8, 0x1F, 0xF8, 0x1F, 0xF8, 0x1F, 0xF8, 0x1F, 0xF8, 0x1F, 0xF8, 0x1F,
    0xF8, 0x1F, 0xF8, 0x1F, 0xF8, 0x1F, 0xF8, 0x1F, 0xF8, 0x1F, 0xF8, 0x1F, 0xF8, 0x1F, 0xF8, 0x1F,
    0xF8, 0x1F, 0xF8, 0x1F, 0xF8, 0x1F, 0xF8, 0x1F, 0xF8, 0x1F, 0xF8, 0x1F, 0xF8, 0x1F, 0xF8, 0x1F,
    0xF8, 0x1F, 0xF8, 0x1F, 0xF8, 0x1F, 0xF8, 0x1F, 0xF8, 0x1F, 0xF8, 0x1F, 0xF8, 0x1F, 0xF8, 0x1F,
    0xF8, 0x1F, 0xF8, 0x1F, 0xF8, 0x1F, 0xF8, 0x1F, 0xF0, 0x1E, 0x70, 0x0D, 0x08, 0xA1, 0x09, 0x24,
    0x01, 0x88, 0x09, 0xC7, 0x01, 0x88, 0x01, 0xC9, 0x01, 0xEA, 0x02, 0x0A, 0x01, 0xC9, 0x01, 0xA9,
    0x02, 0x0B, 0x01, 0xEA, 0x01, 0xEA, 0x01, 0xA9, 0x01, 0xA9, 0x01, 0xCA, 0x09, 0xC8, 0x21, 0xE7,
    0x01, 0xC9, 0x01, 0xC9, 0x01, 0xA9, 0x01, 0x26, 0x00, 0xE5, 0x01, 0xC9, 0x01, 0xEA, 0x21, 0x86,
    0x11, 0x46, 0x01, 0x07, 0x01, 0x47, 0x01, 0x67, 0x01, 0xA8, 0x01, 0x88, 0x01, 0x87, 0x01, 0xC9,
    0x02, 0x2B, 0x02, 0x2B, 0x02, 0x2B, 0x01, 0xEB, 0x12, 0x8C, 0x01, 0xEB, 0x02, 0x2C, 0x02, 0x4C,
    0x02, 0x0A, 0x02, 0x2A, 0x09, 0xE9, 0x09, 0x67, 0x09, 0x46, 0x01, 0x05, 0x08, 0xE5, 0x01, 0x04,
    0x11, 0x87, 0x09, 0xC9, 0x09, 0xE8, 0x01, 0x88, 0x01, 0x27, 0x01, 0x47, 0x12, 0x0A, 0x01, 0x27,
    0x00, 0xC5, 0x01, 0x27, 0x01, 0xA9, 0x09, 0xE9, 0x01, 0xC8, 0x01, 0xC9, 0x02, 0x0A, 0x09, 0xE8,
    0x00, 0xC4, 0x00, 0xA3, 0x00, 0x63, 0x00, 0x63, 0x00, 0x63, 0x00, 0x83, 0x00, 0xA3, 0x00, 0xA3,
    0x00, 0xC4, 0x01, 0x05, 0x01, 0x05, 0x01, 0x05, 0x00, 0xE4, 0x00, 0xC4, 0x01, 0x46, 0x01, 0x45,
    0x00, 0xE4, 0x01, 0x05, 0x01, 0x46, 0x01, 0x67, 0x01, 0x66, 0x01, 0x05, 0x00, 0xA4, 0x00, 0xA4,
    0x02, 0x6E, 0x04, 0xB5, 0x04, 0x34, 0x02, 0xCF, 0x01, 0xCA, 0x01, 0x67, 0x01, 0x26, 0x01, 0x67,
    0x01, 0xA8, 0x01, 0xE9, 0x12, 0xAC, 0x23, 0x6E, 0x1B, 0x4E, 0x13, 0x8F, 0x03, 0x4E, 0x0A, 0x8B,
    0x02, 0x2B, 0x02, 0x2A, 0x01, 0xC9, 0x01, 0xC9, 0x01, 0xE9, 0x02, 0x4B, 0x02, 0x6C, 0x02, 0x4D,
    0x3C, 0xB3, 0x2B, 0xB0, 0x01, 0xED, 0x03, 0x2F, 0x03, 0x0F, 0x03, 0x72, 0x03, 0xB4, 0x0B, 0xD3,
    0x2C, 0x32, 0x13, 0x2F, 0x02, 0xD0, 0x03, 0xD4, 0x04, 0x77, 0x0C, 0x13, 0x02, 0x6B, 0x01, 0x67,
    0x11, 0x86, 0x09, 0xA7, 0x09, 0x66, 0x00, 0xE2, 0x18, 0x85, 0x80, 0x52, 0xE8, 0x1E, 0xF8, 0x1F,
    0xF8, 0x1F, 0xF8, 0x1F, 0xF8, 0x1F, 0xF8, 0x1F, 0xF8, 0x1F, 0xF8, 0x1F, 0xF8, 0x1F, 0xF8, 0x1F,
    0xF8, 0x1F, 0xF8, 0x1F, 0xF8, 0x1F, 0xF8, 0x1F, 0xF8, 0x1F, 0xF8, 0x1F, 0xF8, 0x1F, 0xF8, 0x1F,
    0xF8, 0x1F, 0xF8, 0x1F, 0xF8, 0x1F, 0xF8, 0x1F, 0xF8, 0x1F, 0xF8, 0x1F, 0xF8, 0x1F, 0xF8, 0x1F,
    0xF8, 0x1F, 0xF8, 0x1F, 0xF8, 0x1F, 0xF8, 0x1F, 0xF8, 0x1F, 0xF8, 0x1F, 0xF0, 0x1E, 0x90, 0x12,
    0x20, 0x25, 0x01, 0x24, 0x01, 0xA8, 0x01, 0xA9, 0x01, 0xA9, 0x21, 0xC7, 0x01, 0xEA, 0x02, 0x4C,
    0x02, 0x2C, 0x02, 0x4C, 0x02, 0x8C, 0x02, 0x2B, 0x01, 0xEA, 0x01, 0xA9, 0x01, 0x89, 0x01, 0x88,
    0x01, 0x88, 0x01, 0xEA, 0x01, 0xEA, 0x09, 0xE8, 0x12, 0x4A, 0x01, 0xC9, 0x02, 0x0A, 0x01, 0x89,
    0x01, 0x89, 0x01, 0x47, 0x01, 0x47, 0x01, 0x89, 0x01, 0xA9, 0x01, 0xA8, 0x01, 0xA8, 0x01, 0x45,
    0x09, 0x45, 0x11, 0x44, 0x00, 0x21, 0x00, 0x83, 0x01, 0x47, 0x1A, 0x09, 0x2A, 0x69, 0x01, 0xCA,
    0x01, 0xC9, 0x09, 0xA8, 0x09, 0xA8, 0x01, 0x66, 0x01, 0x26, 0x09, 0x25, 0x08, 0xC4, 0x00, 0x63,
    0x01, 0x06, 0x01, 0xA8, 0x01, 0x87, 0x00, 0xA4, 0x09, 0x05, 0x11, 0x25, 0x11, 0x45, 0x11, 0x85,
    0x09, 0xA7, 0x11, 0xA7, 0x09, 0xA7, 0x09, 0xE8, 0x09, 0xA8, 0x01, 0xE9, 0x0A, 0x09, 0x2A, 0x47,
    0x2A, 0x47, 0x12, 0x08, 0x22, 0x49, 0x1A, 0x28, 0x00, 0x83, 0x00, 0xC4, 0x00, 0xE4, 0x00, 0xC4,
    0x00, 0xC4, 0x00, 0xC4, 0x00, 0xC4, 0x00, 0xE4, 0x00, 0xE4, 0x00, 0xE4, 0x00, 0xC4, 0x00, 0xE4,
    0x00, 0xC4, 0x00, 0x83, 0x00, 0xC4, 0x00, 0xC4, 0x00, 0xE5, 0x01, 0x05, 0x01, 0x67, 0x01, 0x46,
    0x00, 0xE4, 0x00, 0xC4, 0x01, 0x68, 0x03, 0x30, 0x03, 0xF4, 0x03, 0x72, 0x02, 0xAF, 0x02, 0x2B,
    0x01, 0x67, 0x01, 0x26, 0x01, 0x26, 0x01, 0x46, 0x01, 0x87, 0x0A, 0x2A, 0x0A, 0xAB, 0x13, 0x2D,
    0x13, 0x2D, 0x13, 0x6E, 0x0B, 0x0D, 0x02, 0x6B, 0x02, 0x0A, 0x01, 0xC9, 0x02, 0x4B, 0x02, 0x4C,
    0x02, 0x2B, 0x01, 0xCA, 0x01, 0xEA, 0x0A, 0x8D, 0x4C, 0xD2, 0x0A, 0xEE, 0x02, 0xEF, 0x03, 0x2F,
    0x03, 0x51, 0x03, 0xB4, 0x03, 0xD4, 0x1C, 0x32, 0x0A, 0xEF, 0x02, 0xD0, 0x03, 0xD5, 0x04, 0x56,
    0x03, 0x6F, 0x09, 0x67, 0x01, 0x06, 0x12, 0x49, 0x0A, 0x4A, 0x01, 0xA8, 0x01, 0x47, 0x01, 0x06,
    0x01, 0x04, 0x01, 0x02, 0x18, 0xA7, 0x88, 0x72, 0xD8, 0x1B, 0xF8, 0x1F, 0xF8, 0x1F, 0xF8, 0x1F,
    0xF8, 0x1F, 0xF8, 0x1F, 0xF8, 0x1F, 0xF8, 0x1F, 0xF8, 0x1F, 0xF8, 0x1F, 0xF8, 0x1F, 0xF8, 0x1F,
    0xF8, 0x1F, 0xF8, 0x1F, 0xF8, 0x1F, 0xF8, 0x1F, 0xF8, 0x1F, 0xF8, 0x1F, 0xF8, 0x1F, 0xF8, 0x1F,
    0xF8, 0x1F, 0xF8, 0x1F, 0xF8, 0x1F, 0xF8, 0x1F, 0xF8, 0x1F, 0xF8, 0x1F, 0xF8, 0x1F, 0xF8, 0x1F,
    0xE0, 0x1D, 0x90, 0x33, 0x20, 0x87, 0x00, 0xE2, 0x01, 0x86, 0x1A, 0x08, 0x01, 0xE9, 0x01, 0xEA,
    0x02, 0x0B, 0x02, 0x4B, 0x02, 0x4B, 0x02, 0x2B, 0x02, 0x4B, 0x01, 0xEA, 0x01, 0xC9, 0x01, 0x89,
    0x01, 0x88, 0x01, 0xA9, 0x01, 0xC9, 0x01, 0xC8, 0x01, 0x87, 0x09, 0x87, 0x01, 0x45, 0x21, 0x85,
    0x19, 0x86, 0x01, 0x67, 0x01, 0xE9, 0x01, 0xE9, 0x01, 0xC9, 0x01, 0xA9, 0x09, 0xE9, 0x02, 0x09,
    0x01, 0xA7, 0x11, 0x65, 0x19, 0x44, 0x00, 0xC4, 0x09, 0x04, 0x09, 0x04, 0x00, 0x21, 0x00, 0x00,
    0x00, 0xC5, 0x01, 0xA7, 0x01, 0x26, 0x09, 0x66, 0x21, 0xE6, 0x19, 0x45, 0x00, 0xE5, 0x01, 0x66,
    0x09, 0x26, 0x01, 0x88, 0x01, 0xA9, 0x01, 0xA9, 0x02, 0x2B, 0x02, 0x6C, 0x02, 0xAD, 0x12, 0x09,
    0x11, 0xA8, 0x01, 0x88, 0x00, 0xC5, 0x08, 0xC4, 0x10, 0xE4, 0x00, 0x83, 0x11, 0x04, 0x21, 0x65,
    0x11, 0x86, 0x11, 0x86, 0x11, 0x46, 0x19, 0x66, 0x11, 0x46, 0x01, 0x05, 0x01, 0x46, 0x09, 0xC9,
    0x00, 0xC4, 0x01, 0x05, 0x01, 0x05, 0x00, 0xA4, 0x01, 0x25, 0x01, 0x25, 0x00, 0xE4, 0x00, 0xC4,
    0x00, 0xE4, 0x00, 0xC4, 0x00, 0xA4, 0x01, 0x04, 0x01, 0x25, 0x01, 0x66, 0x01, 0x87, 0x01, 0x46,
    0x01, 0x05, 0x01, 0x25, 0x01, 0x04, 0x00, 0xC5, 0x01, 0x89, 0x02, 0xAD, 0x03, 0xB2, 0x03, 0x51,
    0x02, 0x6E, 0x02, 0x2C, 0x01, 0x8A, 0x01, 0x88, 0x01, 0x26, 0x01, 0x06, 0x01, 0x26, 0x01, 0x66,
    0x01, 0x46, 0x0A, 0x09, 0x01, 0xC8, 0x0A, 0xAC, 0x13, 0x6E, 0x12, 0xED, 0x12, 0xAB, 0x02, 0x2A,
    0x01, 0xEA, 0x02, 0x2B, 0x02, 0x2B, 0x02, 0x2B, 0x01, 0xEA, 0x02, 0x6B, 0x0A, 0xCC, 0x23, 0xD0,
    0x2B, 0xB0, 0x02, 0xAF, 0x03, 0x10, 0x03, 0x93, 0x03, 0x93, 0x0B, 0xF3, 0x24, 0x52, 0x03, 0x50,
    0x03, 0x93, 0x04, 0x36, 0x04, 0x34, 0x02, 0xAC, 0x00, 0xE5, 0x01, 0x26, 0x02, 0x09, 0x0A, 0x2A,
    0x02, 0x4B, 0x0B, 0x0E, 0x02, 0xEE, 0x02, 0x4B, 0x02, 0x2A, 0x01, 0x67, 0x01, 0x45, 0x01, 0x23,
    0x08, 0xA4, 0x48, 0x8C, 0x98, 0x54, 0xD8, 0x3B, 0xF8, 0x1F, 0xF8, 0x1F, 0xF8, 0x1F, 0xF8, 0x1F,
    0xF8, 0x1F, 0xF8, 0x1F, 0xF8, 0x1F, 0xF8, 0x1F, 0xF8, 0x1F, 0xF8, 0x1F, 0xF8, 0x1F, 0xF8, 0x1F,
    0xF8, 0x1F, 0xF8, 0x1F, 0xF8, 0x1F, 0xF8, 0x1F, 0xF8, 0x1F, 0xF8, 0x1F, 0xF8, 0x1F, 0xF8, 0x1F,
    0xF8, 0x1F, 0xE0, 0x1C, 0xA0, 0x15, 0x58, 0x6D, 0x08, 0xC5, 0x00, 0xC2, 0x01, 0x46, 0x02, 0x0B,
    0x01, 0xEA, 0x32, 0x48, 0x0A, 0x2A, 0x02, 0x2B, 0x02, 0x0A, 0x01, 0xC9, 0x01, 0x47, 0x01, 0x88,
    0x01, 0x88, 0x09, 0xC9, 0x11, 0xC8, 0x01, 0xA9, 0x01, 0x88, 0x01, 0x87, 0x09, 0x45, 0x11, 0x85,
    0x11, 0x85, 0x11, 0x25, 0x09, 0x05, 0x01, 0x26, 0x01, 0x67, 0x01, 0x26, 0x09, 0x65, 0x09, 0x66,
    0x09, 0xA6, 0x09, 0x45, 0x19, 0x65, 0x09, 0x24, 0x00, 0xA3, 0x00, 0xA3, 0x00, 0xC3, 0x09, 0x25,
    0x09, 0x25, 0x09, 0x45, 0x11, 0x25, 0x09, 0x45, 0x11, 0x86, 0x11, 0xA6, 0x19, 0xA6, 0x21, 0xE6,
    0x19, 0x44, 0x00, 0xC5, 0x01, 0xEA, 0x02, 0x4C, 0x0A, 0xAC, 0x02, 0x6C, 0x02, 0x6C, 0x02, 0xAD,
    0x02, 0x4C, 0x02, 0x0B, 0x02, 0x4C, 0x1A, 0x8B, 0x2A, 0xCB, 0x02, 0x8D, 0x0A, 0xAD, 0x0A, 0x6B,
    0x12, 0x2A, 0x02, 0x0A, 0x01, 0x47, 0x01, 0x67, 0x01, 0xC9, 0x01, 0xC9, 0x01, 0xC9, 0x01, 0xEA,
    0x01, 0x68, 0x01, 0xC9, 0x02, 0x6D, 0x12, 0xAD, 0x01, 0x25, 0x00, 0xC4, 0x00, 0x84, 0x01, 0x25,
    0x01, 0x25, 0x01, 0x05, 0x01, 0x05, 0x00, 0xC4, 0x00, 0xE5, 0x00, 0xE4, 0x00, 0xE4, 0x00, 0xE4,
    0x00, 0xC5, 0x01, 0x26, 0x01, 0x26, 0x01, 0x05, 0x00, 0xE5, 0x00, 0xC4, 0x01, 0x68, 0x02, 0xEF,
    0x03, 0x51, 0x03, 0x10, 0x02, 0x4D, 0x01, 0xAA, 0x01, 0x89, 0x01, 0x48, 0x01, 0x27, 0x01, 0x67,
    0x01, 0x26, 0x01, 0x87, 0x01, 0xA8, 0x01, 0xA8, 0x01, 0xA8, 0x01, 0xA8, 0x02, 0x4A, 0x02, 0xAC,
    0x13, 0x4D, 0x0A, 0xCC, 0x02, 0x6B, 0x02, 0x4B, 0x01, 0xEA, 0x02, 0x0B, 0x02, 0x0A, 0x02, 0x8C,
    0x03, 0x0E, 0x0B, 0x4F, 0x13, 0x2D, 0x12, 0xEE, 0x03, 0x10, 0x03, 0x51, 0x03, 0x93, 0x03, 0xD3,
    0x0B, 0xF2, 0x1B, 0xD1, 0x0B, 0x51, 0x03, 0xD4, 0x03, 0xB3, 0x03, 0x0F, 0x01, 0xE8, 0x01, 0x26,
    0x01, 0xE9, 0x02, 0x4B, 0x02, 0x8C, 0x02, 0xAD, 0x02, 0xCD, 0x0A, 0x8C, 0x02, 0xCD, 0x0B, 0x0E,
    0x0A, 0x8C, 0x0A, 0x0A, 0x09, 0xE9, 0x01, 0x67, 0x01, 0x86, 0x01, 0x44, 0x01, 0x44, 0x00, 0xA4,
    0x30, 0x89, 0x60, 0x6E, 0x88, 0x52, 0xA8, 0x36, 0xC8, 0x1A, 0xE0, 0x1C, 0xF0, 0x1E, 0xF8, 0x1F,
    0xF8, 0x1F, 0xF8, 0x1F, 0xF8, 0x1F, 0xF8, 0x1F, 0xF8, 0x1F, 0xF8, 0x1F, 0xF8, 0x1F, 0xF0, 0x1E,
    0xE8, 0x1C, 0xC8, 0x19, 0x98, 0x34, 0x70, 0x4F, 0x38, 0x6A, 0x08, 0xC5, 0x01, 0x03, 0x01, 0x86,
    0x12, 0x08, 0x12, 0x0A, 0x02, 0x0B, 0x02, 0x2B, 0x02, 0x0A, 0x01, 0xEA, 0x01, 0xA9, 0x01, 0x47,
    0x09, 0x67, 0x01, 0x66, 0x01, 0x87, 0x01, 0x87, 0x09, 0xC8, 0x01, 0x67, 0x09, 0x87, 0x1A, 0x07,
    0x11, 0x85, 0x11, 0x65, 0x08, 0xE4, 0x09, 0x46, 0x01, 0x46, 0x01, 0x66, 0x01, 0x26, 0x09, 0x87,
    0x11, 0xC8, 0x01, 0x25, 0x09, 0x04, 0x08, 0xE4, 0x08, 0xA3, 0x00, 0x83, 0x00, 0xC4, 0x09, 0x25,
    0x19, 0x85, 0x19, 0x85, 0x19, 0x85, 0x19, 0xC6, 0x09, 0x45, 0x11, 0x24, 0x11, 0x45, 0x19, 0xA5,
    0x19, 0xE6, 0x09, 0x24, 0x09, 0x66, 0x09, 0x04, 0x00, 0x63, 0x01, 0x88, 0x02, 0x8D, 0x0A, 0x6D,
    0x01, 0xEB, 0x01, 0xAA, 0x01, 0xCA, 0x02, 0x2B, 0x01, 0xCA, 0x01, 0xA9, 0x02, 0x0B, 0x02, 0x2B,
    0x01, 0xEB, 0x02, 0x4D, 0x02, 0xAD, 0x02, 0x0B, 0x02, 0x0B, 0x02, 0x4B, 0x02, 0x0B, 0x02, 0x2B,
    0x01, 0xEA, 0x01, 0xAA, 0x0A, 0x2B, 0x02, 0x4C, 0x01, 0xEA, 0x01, 0xCA, 0x02, 0x2A, 0x0A, 0x4B,
    0x01, 0x05, 0x01, 0x05, 0x01, 0x05, 0x00, 0xE5, 0x00, 0xA3, 0x00, 0xA3, 0x00, 0xC4, 0x00, 0xE4,
    0x00, 0xC4, 0x00, 0xC5, 0x00, 0xE5, 0x01, 0x05, 0x01, 0x06, 0x01, 0x27, 0x01, 0x06, 0x00, 0xE5,
    0x01, 0x06, 0x02, 0x0B, 0x03, 0x51, 0x02, 0xEF, 0x01, 0xAA, 0x01, 0x89, 0x01, 0x89, 0x01, 0xCB,
    0x01, 0xCA, 0x01, 0xCB, 0x01, 0xCA, 0x01, 0x68, 0x01, 0x27, 0x01, 0xC8, 0x01, 0xC8, 0x01, 0xE9,
    0x02, 0x0A, 0x01, 0xE9, 0x0A, 0xCC, 0x0A, 0xAC, 0x02, 0xAC, 0x0B, 0x0D, 0x0A, 0x8B, 0x02, 0x6B,
    0x02, 0x8C, 0x02, 0x2B, 0x02, 0xAC, 0x03, 0x2E, 0x03, 0x6F, 0x03, 0x4F, 0x02, 0x8D, 0x02, 0x6E,
    0x03, 0x72, 0x03, 0xD4, 0x0C, 0x34, 0x1C, 0x32, 0x0B, 0x51, 0x03, 0x93, 0x03, 0xD3, 0x02, 0xCE,
    0x02, 0x2A, 0x01, 0x88, 0x01, 0x88, 0x02, 0x6B, 0x02, 0xAC, 0x02, 0x8C, 0x02, 0x6C, 0x02, 0x4B,
    0x02, 0x4C, 0x0A, 0x4C, 0x02, 0x4B, 0x02, 0x6B, 0x0A, 0x6B, 0x0A, 0x6A, 0x02, 0x2A, 0x02, 0x09,
    0x01, 0xC8, 0x01, 0xE9, 0x01, 0x87, 0x01, 0x25, 0x01, 0x45, 0x01, 0x23, 0x00, 0xE2, 0x00, 0xE3,
    0x00, 0xE4, 0x08, 0x63, 0x18, 0xA6, 0x30, 0xC9, 0x38, 0x88, 0x50, 0x88, 0x58, 0x88, 0x58, 0xA8,
    0x58, 0xC7, 0x48, 0xA6, 0x30, 0x85, 0x18, 0x84, 0x10, 0x83, 0x00, 0xC4, 0x01, 0x24, 0x01, 0x64,
    0x01, 0xC7, 0x02, 0x2A, 0x02, 0x2B, 0x02, 0x8C, 0x0A, 0x6B, 0x02, 0x6B, 0x01, 0xC9, 0x01, 0xA9,
    0x01, 0xC9, 0x09, 0x87, 0x01, 0x67, 0x01, 0x05, 0x09, 0x05, 0x01, 0x67, 0x01, 0x46, 0x01, 0x26,
    0x01, 0x87, 0x09, 0x87, 0x11, 0xA7, 0x11, 0x86, 0x09, 0x66, 0x01, 0x25, 0x01, 0x26, 0x09, 0xE8,
    0x01, 0x46, 0x11, 0xC7, 0x09, 0xC7, 0x1A, 0x6A, 0x09, 0xA7, 0x01, 0x25, 0x00, 0xC4, 0x00, 0xE4,
    0x00, 0xE4, 0x00, 0xA4, 0x01, 0x25, 0x11, 0x45, 0x19, 0x85, 0x19, 0x44, 0x09, 0x66, 0x00, 0xE4,
    0x00, 0xC4, 0x00, 0x64, 0x00, 0xA4, 0x08, 0xC4, 0x00, 0xA4, 0x00, 0x84, 0x01, 0x26, 0x00, 0xC4,
    0x00, 0xC5, 0x02, 0x0B, 0x02, 0x4C, 0x0A, 0x0A, 0x01, 0x68, 0x01, 0xAA, 0x12, 0xAD, 0x23, 0x6F,
    0x12, 0xCD, 0x12, 0x6B, 0x0A, 0x2B, 0x02, 0x0B, 0x01, 0xEA, 0x02, 0x2B, 0x01, 0xEA, 0x02, 0x0B,
    0x02, 0x6B, 0x0A, 0x8C, 0x0A, 0x4A, 0x01, 0x68, 0x01, 0xC9, 0x0A, 0x2A, 0x01, 0x88, 0x01, 0xE9,
    0x0A, 0x8C, 0x09, 0xE9, 0x01, 0x67, 0x01, 0x88, 0x00, 0xC4, 0x00, 0xC4, 0x00, 0xC4, 0x00, 0xC4,
    0x00, 0xA4, 0x01, 0x27, 0x01, 0xEB, 0x12, 0x2A, 0x0A, 0x6C, 0x02, 0x4C, 0x02, 0x4D, 0x02, 0x6D,
    0x02, 0x6D, 0x02, 0x2C, 0x02, 0x4C, 0x01, 0xEB, 0x02, 0x8D, 0x02, 0xCF, 0x02, 0x2C, 0x01, 0xAA,
    0x01, 0xAA, 0x02, 0x4D, 0x02, 0xCF, 0x02, 0xCF, 0x02, 0xAF, 0x02, 0xCF, 0x02, 0x6D, 0x02, 0x0B,
    0x02, 0x2B, 0x01, 0xEA, 0x01, 0xC9, 0x01, 0xC9, 0x01, 0xE9, 0x02, 0x09, 0x0A, 0x29, 0x13, 0x0D,
    0x0B, 0x6E, 0x02, 0xCC, 0x12, 0xEC, 0x13, 0x0D, 0x23, 0xAF, 0x1B, 0xAF, 0x1B, 0x8F, 0x0B, 0x4F,
    0x03, 0x90, 0x02, 0xCE, 0x02, 0xCF, 0x03, 0x31, 0x03, 0x93, 0x0B, 0x93, 0x14, 0x12, 0x03, 0x72,
    0x03, 0xB3, 0x03, 0x0F, 0x01, 0xC9, 0x01, 0xA8, 0x0A, 0x2A, 0x02, 0x2A, 0x02, 0x6B, 0x02, 0x4B,
    0x02, 0x4B, 0x02, 0x2B, 0x0A, 0x8B, 0x02, 0x8B, 0x02, 0x6B, 0x02, 0x4B, 0x02, 0x4A, 0x02, 0x2A,
    0x02, 0x0A, 0x02, 0x4A, 0x02, 0x4B, 0x02, 0x2A, 0x0A, 0x4A, 0x02, 0x0A, 0x01, 0x67, 0x01, 0x87,
    0x01, 0xA8, 0x01, 0x68, 0x01, 0x88, 0x01, 0x87, 0x01, 0x46, 0x01, 0x25, 0x09, 0x23, 0x11, 0x01,
    0x29, 0x40, 0x21, 0x40, 0x21, 0x40, 0x21, 0x40, 0x20, 0xE0, 0x11, 0x01, 0x01, 0x23, 0x01, 0x46,
    0x01, 0x67, 0x01, 0xE9, 0x01, 0xC9, 0x01, 0xEA, 0x02, 0x0A, 0x02, 0x2A, 0x1A, 0x29, 0x02, 0x09,
    0x01, 0xE9, 0x01, 0xC9, 0x01, 0x87, 0x01, 0x67, 0x01, 0x87, 0x09, 0xC8, 0x12, 0x8A, 0x09, 0xA7,
    0x01, 0x26, 0x01, 0x25, 0x00, 0xC4, 0x01, 0x06, 0x01, 0x26, 0x01, 0x05, 0x01, 0x46, 0x01, 0x67,
    0x01, 0x66, 0x01, 0x46, 0x00, 0xE5, 0x09, 0x24, 0x08, 0xE4, 0x00, 0x62, 0x00, 0xE4, 0x01, 0x26,
    0x01, 0x46, 0x00, 0xE5, 0x00, 0x84, 0x01, 0xC9, 0x02, 0x0A, 0x02, 0x0A, 0x09, 0xE9, 0x01, 0x67,
    0x00, 0xE6, 0x01, 0xA8, 0x02, 0x2A, 0x01, 0x27, 0x01, 0x47, 0x02, 0x2A, 0x0A, 0x09, 0x4A, 0xC9,
    0x09, 0xA8, 0x01, 0xC9, 0x02, 0x09, 0x01, 0x47, 0x02, 0x4B, 0x12, 0xED, 0x01, 0x89, 0x01, 0x48,
    0x22, 0xAC, 0x2A, 0xEB, 0x02, 0xAE, 0x0B, 0x0E, 0x02, 0xEE, 0x0A, 0x8C, 0x02, 0x8C, 0x01, 0x89,
    0x02, 0x4C, 0x02, 0x6C, 0x02, 0x0B, 0x0A, 0x6C, 0x0A, 0x6C, 0x12, 0xAD, 0x0A, 0x6B, 0x02, 0x4B,
    0x1A, 0xED, 0x23, 0x0C, 0x12, 0x6B, 0x09, 0xA8, 0x0A, 0x2A, 0x12, 0x6A, 0x01, 0xC8, 0x01, 0x67,
    0x00, 0xC5, 0x00, 0xE6, 0x01, 0x68, 0x01, 0xC9, 0x01, 0xEA, 0x02, 0x4C, 0x02, 0x8E, 0x02, 0xAF,
    0x02, 0xAF, 0x02, 0xAF, 0x02, 0x8E, 0x02, 0x4D, 0x02, 0x2D, 0x02, 0x2D, 0x02, 0x2D, 0x02, 0x6E,
    0x02, 0x8E, 0x02, 0x0C, 0x02, 0x2C, 0x02, 0x8E, 0x02, 0xCF, 0x02, 0xCF, 0x02, 0x6E, 0x02, 0x4D,
    0x02, 0x4D, 0x02, 0x6E, 0x02, 0x6E, 0x02, 0x6E, 0x02, 0xAE, 0x02, 0x6D, 0x02, 0xAE, 0x02, 0x8E,
    0x02, 0x0B, 0x02, 0x2A, 0x02, 0x4A, 0x0A, 0xCC, 0x0A, 0xED, 0x1B, 0x4E, 0x13, 0x0C, 0x13, 0x0C,
    0x13, 0x4E, 0x1B, 0xAF, 0x0B, 0x4F, 0x03, 0x50, 0x03, 0x50, 0x02, 0xCF, 0x03, 0x30, 0x03, 0xB3,
    0x0B, 0xF3, 0x13, 0xB1, 0x03, 0x31, 0x03, 0x52, 0x02, 0xCD, 0x01, 0x88, 0x02, 0x2A, 0x02, 0xAC,
    0x02, 0x4B, 0x01, 0xEA, 0x02, 0x4B, 0x0A, 0xCD, 0x12, 0xED, 0x0A, 0x8B, 0x02, 0x2A, 0x02, 0x2A,
    0x02, 0x4B, 0x02, 0x8B, 0x0A, 0x8B, 0x02, 0x2A, 0x01, 0xC9, 0x01, 0xEA, 0x01, 0xE9, 0x01, 0xC9,
    0x02, 0x0A, 0x02, 0x09, 0x02, 0x09, 0x01, 0xE9, 0x01, 0xC9, 0x01, 0xC9, 0x02, 0x09, 0x09, 0xE8,
    0x19, 0x65, 0x31, 0xC2, 0x4A, 0x01, 0x41, 0xC2, 0x41, 0xE3, 0x39, 0x81, 0x21, 0x22, 0x18, 0xE2,
    0x09, 0x04, 0x01, 0x88, 0x02, 0x2B, 0x02, 0x6B, 0x02, 0x4B, 0x01, 0xEA, 0x0A, 0x09, 0x0A, 0x09,
    0x09, 0xA8, 0x01, 0xE9, 0x2A, 0x07, 0x01, 0xA8, 0x01, 0x67, 0x01, 0x67, 0x01, 0xE9, 0x02, 0x09,
    0x02, 0x29, 0x01, 0x46, 0x01, 0x05, 0x01, 0x26, 0x01, 0x87, 0x01, 0x26, 0x01, 0x87, 0x09, 0xC8,
    0x09, 0xC8, 0x09, 0x66, 0x01, 0x05, 0x01, 0x04, 0x00, 0xA4, 0x01, 0x05, 0x01, 0x26, 0x09, 0x06,
    0x01, 0xC8, 0x09, 0xC9, 0x12, 0x2A, 0x09, 0xA8, 0x01, 0x68, 0x0A, 0x0A, 0x09, 0xE9, 0x02, 0x8C,
    0x02, 0x4C, 0x02, 0x2B, 0x02, 0x2C, 0x02, 0x0A, 0x01, 0xEA, 0x02, 0x0A, 0x01, 0xE9, 0x02, 0x0B,
    0x02, 0x4B, 0x02, 0xCD, 0x02, 0x2A, 0x01, 0x88, 0x0A, 0x0A, 0x02, 0x2B, 0x02, 0x0B, 0x02, 0x0A,
    0x01, 0xEA, 0x01, 0x89, 0x01, 0xEA, 0x02, 0x4B, 0x12, 0xAC, 0x1A, 0x6B, 0x02, 0xCE, 0x02, 0xCF,
    0x02, 0xAE, 0x02, 0xCE, 0x02, 0xCE, 0x02, 0x8D, 0x03, 0x0F, 0x02, 0xCE, 0x02, 0x6D, 0x02, 0x8D,
    0x03, 0x0F, 0x02, 0xEE, 0x02, 0xCE, 0x13, 0x0D, 0x22, 0x8B, 0x12, 0x29, 0x1A, 0xCB, 0x09, 0xE9,
    0x01, 0x47, 0x00, 0xE6, 0x01, 0x88, 0x01, 0xA8, 0x02, 0x6D, 0x02, 0x2C, 0x01, 0xEB, 0x02, 0x2D,
    0x02, 0x6D, 0x02, 0x4C, 0x02, 0x2C, 0x02, 0x4D, 0x02, 0x8E, 0x02, 0x8F, 0x02, 0x8E, 0x02, 0x8E,
    0x02, 0x8E, 0x02, 0x6E, 0x02, 0x6E, 0x02, 0x6D, 0x02, 0x6E, 0x02, 0x8E, 0x02, 0x6D, 0x02, 0x6E,
    0x02, 0x2C, 0x01, 0x89, 0x01, 0xCA, 0x02, 0x4B, 0x02, 0x2B, 0x02, 0x6D, 0x02, 0xCF, 0x02, 0xEF,
    0x02, 0xAF, 0x02, 0x4D, 0x02, 0x4D, 0x02, 0xAF, 0x02, 0x6D, 0x02, 0x4D, 0x02, 0xAD, 0x02, 0x6C,
    0x02, 0x0B, 0x02, 0x6B, 0x02, 0x2A, 0x02, 0x6B, 0x02, 0xAD, 0x02, 0xEE, 0x03, 0x50, 0x02, 0xEF,
    0x02, 0xF0, 0x03, 0x31, 0x03, 0x73, 0x0B, 0xF3, 0x1B, 0xB0, 0x03, 0x51, 0x03, 0xD4, 0x02, 0x8C,
    0x02, 0x0A, 0x02, 0x6B, 0x02, 0xAC, 0x02, 0x8C, 0x02, 0x0A, 0x02, 0x4B, 0x0A, 0xAD, 0x1A, 0xED,
    0x12, 0x4A, 0x0A, 0x2A, 0x02, 0x4B, 0x02, 0x6B, 0x02, 0x0A, 0x02, 0x4B, 0x02, 0x4A, 0x02, 0x0A,
    0x01, 0xC8, 0x0A, 0x09, 0x01, 0xEA, 0x02, 0x2A, 0x02, 0x09, 0x02, 0x09, 0x02, 0x0A, 0x02, 0x09,
    0x02, 0x09, 0x09, 0xC8, 0x19, 0xC6, 0x31, 0xE3, 0x5A, 0x61, 0x52, 0x20, 0x42, 0x22, 0x42, 0x24,
    0x39, 0xC3, 0x11, 0x44, 0x01, 0x87, 0x01, 0xE9, 0x02, 0x2A, 0x02, 0x0A, 0x02, 0x2A, 0x01, 0xC9,
    0x01, 0xA8, 0x01, 0x88, 0x2A, 0x07, 0x19, 0xC7, 0x11, 0xA6, 0x01, 0x67, 0x01, 0x87, 0x01, 0xA8,
    0x01, 0x87, 0x01, 0xC8, 0x0A, 0x49, 0x12, 0x09, 0x09, 0x87, 0x01, 0x26, 0x01, 0x67, 0x01, 0x67,
    0x01, 0xA8, 0x01, 0xE8, 0x09, 0xC9, 0x09, 0xE9, 0x01, 0xA8, 0x01, 0xA8, 0x01, 0x05, 0x01, 0x05,
    0x01, 0x26, 0x01, 0xE9, 0x0A, 0x6B, 0x1B, 0x0D, 0x02, 0x2B, 0x02, 0x4B, 0x0A, 0x2A, 0x02, 0x0A,
    0x02, 0x2B, 0x0A, 0x8C, 0x0A, 0xCD, 0x01, 0xEA, 0x01, 0x48, 0x01, 0x68, 0x01, 0xA9, 0x09, 0xA9,
    0x01, 0xEA, 0x01, 0xCA, 0x12, 0x2B, 0x0A, 0x2B, 0x01, 0xCA, 0x01, 0xCA, 0x01, 0xAA, 0x01, 0xEA,
    0x01, 0xA9, 0x01, 0x68, 0x01, 0x69, 0x01, 0xA9, 0x01, 0xEA, 0x02, 0x6C, 0x02, 0xCE, 0x02, 0xEF,
    0x03, 0x71, 0x03, 0x51, 0x03, 0x51, 0x03, 0x31, 0x02, 0xF0, 0x02, 0xF0, 0x02, 0xF0, 0x02, 0xF0,
    0x02, 0xEF, 0x02, 0xCE, 0x02, 0xEF, 0x02, 0xEF, 0x02, 0x8D, 0x02, 0x6D, 0x02, 0xCE, 0x0A, 0x8C,
    0x1A, 0x4B, 0x1A, 0xAB, 0x1A, 0xAB, 0x12, 0xAC, 0x1A, 0x29, 0x11, 0xC8, 0x02, 0x2A, 0x02, 0x2A,
    0x02, 0x2D, 0x02, 0x0C, 0x02, 0x4D, 0x02, 0x8E, 0x02, 0x0C, 0x01, 0xEB, 0x01, 0xEB, 0x01, 0xEB,
    0x02, 0x0C, 0x02, 0x6C, 0x02, 0x4C, 0x02, 0x4C, 0x02, 0x0C, 0x02, 0x4D, 0x02, 0x8E, 0x02, 0x6D,
    0x02, 0x6D, 0x02, 0x2C, 0x01, 0xEC, 0x02, 0x8E, 0x02, 0x6D, 0x02, 0x2B, 0x02, 0x2B, 0x01, 0xEA,
    0x01, 0x8A, 0x02, 0x6F, 0x03, 0x10, 0x02, 0xCF, 0x02, 0xAE, 0x02, 0x4D, 0x02, 0x8E, 0x02, 0x8E,
    0x02, 0xAE, 0x02, 0xEF, 0x02, 0xCF, 0x02, 0x6D, 0x02, 0x4D, 0x02, 0x8D, 0x02, 0x6C, 0x02, 0x8D,
    0x02, 0xAE, 0x03, 0x10, 0x02, 0xF0, 0x02, 0xF0, 0x03, 0x93, 0x03, 0xB4, 0x03, 0xD3, 0x13, 0x70,
    0x03, 0x11, 0x03, 0x51, 0x01, 0xEA, 0x02, 0x09, 0x02, 0x6B, 0x02, 0x2A, 0x02, 0x4B, 0x02, 0x2B,
    0x02, 0x2B, 0x0A, 0x8C, 0x0A, 0xCB, 0x01, 0xE7, 0x01, 0xC7, 0x02, 0x28, 0x02, 0x09, 0x02, 0x0A,
    0x01, 0xA9, 0x01, 0xA9, 0x01, 0xC9, 0x01, 0xC9, 0x02, 0x09, 0x02, 0x09, 0x02, 0x09, 0x02, 0x2A,
    0x02, 0x09, 0x01, 0xE9, 0x01, 0xE9, 0x09, 0xA7, 0x19, 0x85, 0x31, 0xC3, 0x62, 0x61, 0x62, 0x60,
    0x41, 0xE1, 0x41, 0xC1, 0x29, 0xA4, 0x19, 0x85, 0x01, 0xC8, 0x02, 0x0A, 0x02, 0x0A, 0x0A, 0x4B,
    0x02, 0x4A, 0x01, 0xE9, 0x01, 0xC8, 0x01, 0x87, 0x01, 0x86, 0x09, 0xA7, 0x01, 0xC8, 0x09, 0x87,
    0x09, 0xE8, 0x09, 0xE8, 0x11, 0x86, 0x09, 0x87, 0x01, 0x46, 0x09, 0xA7, 0x09, 0x87, 0x09, 0x26,
    0x01, 0x26, 0x0A, 0x09, 0x23, 0x2D, 0x1A, 0xAB, 0x01, 0x46, 0x01, 0x67, 0x01, 0xC9, 0x02, 0x0A,
    0x0A, 0xAC, 0x12, 0xED, 0x0A, 0x6B, 0x12, 0x6B, 0x02, 0x2A, 0x02, 0x2B, 0x01, 0xEA, 0x01, 0xA9,
    0x01, 0xA9, 0x01, 0x88, 0x01, 0x47, 0x01, 0x88, 0x01, 0xC9, 0x02, 0x4B, 0x02, 0x2B, 0x01, 0xC9,
    0x01, 0xE9, 0x02, 0x0B, 0x02, 0x4C, 0x0A, 0x8C, 0x02, 0x4B, 0x02, 0xAC, 0x12, 0xCC, 0x02, 0x2A,
    0x12, 0xCD, 0x12, 0x8C, 0x0A, 0x6B, 0x0A, 0x09, 0x2A, 0x07, 0x12, 0x49, 0x0A, 0x6B, 0x02, 0xAD,
    0x02, 0xCF, 0x03, 0x10, 0x03, 0x70, 0x02, 0xF0, 0x03, 0x31, 0x03, 0xB2, 0x03, 0x72, 0x03, 0x92,
    0x03, 0x72, 0x02, 0xCF, 0x03, 0x11, 0x03, 0x72, 0x03, 0x51, 0x02, 0xF0, 0x03, 0x10, 0x03, 0x10,
    0x03, 0x30, 0x02, 0x8E, 0x0B, 0x90, 0x02, 0x8C, 0x12, 0xCD, 0x33, 0xAE, 0x23, 0x0C, 0x1B, 0x2E,
    0x22, 0xCB, 0x0A, 0x09, 0x0A, 0x8C, 0x0A, 0x6C, 0x02, 0x6E, 0x02, 0x8E, 0x02, 0x4D, 0x01, 0xCA,
    0x02, 0x0C, 0x01, 0xCB, 0x0A, 0x0A, 0x12, 0x6B, 0x0A, 0x2A, 0x09, 0xE8, 0x09, 0xC8, 0x02, 0x2A,
    0x01, 0xCA, 0x01, 0xCA, 0x02, 0x6E, 0x02, 0xAF, 0x02, 0xAF, 0x02, 0xAF, 0x02, 0xB0, 0x02, 0xD0,
    0x02, 0xD0, 0x02, 0xD0, 0x02, 0x6E, 0x02, 0x8F, 0x02, 0xCF, 0x02, 0x6D, 0x02, 0x0B, 0x02, 0xAE,
    0x02, 0xEF, 0x03, 0x31, 0x03, 0x30, 0x02, 0xCF, 0x03, 0x10, 0x03, 0x10, 0x02, 0xCF, 0x02, 0xCE,
    0x02, 0xAE, 0x02, 0xCF, 0x02, 0xEF, 0x02, 0xCF, 0x03, 0x10, 0x03, 0x10, 0x03, 0x52, 0x03, 0xB3,
    0x03, 0xD3, 0x0B, 0xF3, 0x0B, 0xB2, 0x03, 0x73, 0x13, 0x2F, 0x1A, 0x4A, 0x01, 0x67, 0x02, 0x4A,
    0x02, 0x6B, 0x0A, 0xAC, 0x0A, 0x6A, 0x0A, 0x6B, 0x12, 0x8B, 0x02, 0x49, 0x2A, 0x2D, 0x78, 0xF4,
    0x90, 0xF6, 0x69, 0x12, 0x21, 0x6B, 0x01, 0xE8, 0x02, 0x08, 0x01, 0xC9, 0x01, 0xC9, 0x01, 0xE9,
    0x01, 0xE9, 0x01, 0xC9, 0x01, 0xE9, 0x01, 0xC8, 0x01, 0xA8, 0x11, 0xA6, 0x21, 0xE5, 0x31, 0xE3,
    0x52, 0x41, 0x5A, 0x60, 0x49, 0xE0, 0x39, 0x81, 0x21, 0xA5, 0x21, 0x85, 0x12, 0x08, 0x02, 0x2B,
    0x02, 0x4B, 0x02, 0x0A, 0x02, 0x09, 0x01, 0xE8, 0x09, 0xA7, 0x09, 0x86, 0x11, 0xA6, 0x09, 0xA6,
    0x09, 0xE8, 0x09, 0xC8, 0x01, 0xE9, 0x0A, 0x09, 0x09, 0xC8, 0x01, 0x66, 0x09, 0x66, 0x01, 0xA8,
    0x12, 0x49, 0x0A, 0x09, 0x0A, 0x4A, 0x02, 0x09, 0x09, 0xA8, 0x01, 0xC8, 0x01, 0x88, 0x1A, 0x4A,
    0x1A, 0x6A, 0x01, 0x87, 0x02, 0x08, 0x0B, 0xCD, 0x2C, 0x91, 0x45, 0x94, 0x34, 0x0F, 0x01, 0xC9,
    0x02, 0x2A, 0x01, 0xC9, 0x01, 0xE9, 0x01, 0xEA, 0x02, 0x0A, 0x12, 0x8B, 0x12, 0x4A, 0x0A, 0x2A,
    0x12, 0x8B, 0x02, 0x4B, 0x02, 0x0B, 0x02, 0x6C, 0x02, 0x2C, 0x02, 0x8E, 0x13, 0xF2, 0x02, 0xAE,
    0x02, 0x2C, 0x02, 0x6D, 0x02, 0x2B, 0x02, 0x2B, 0x0A, 0x8D, 0x02, 0xCE, 0x02, 0x8D, 0x0A, 0xAD,
    0x53, 0x2A, 0x22, 0x8C, 0x02, 0x6E, 0x03, 0x30, 0x03, 0x92, 0x02, 0xEF, 0x02, 0xCF, 0x02, 0x8E,
    0x02, 0x4D, 0x02, 0x4D, 0x02, 0xAF, 0x03, 0x10, 0x03, 0x11, 0x03, 0x10, 0x02, 0xCF, 0x02, 0xCF,
    0x03, 0x31, 0x03, 0x92, 0x03, 0x52, 0x03, 0xB3, 0x03, 0xF4, 0x03, 0x51, 0x2C, 0xB4, 0x1B, 0xF2,
    0x13, 0x90, 0x1B, 0x6E, 0x2A, 0xEC, 0x12, 0xEC, 0x0A, 0xCD, 0x02, 0xAC, 0x0B, 0x2E, 0x0B, 0x90,
    0x01, 0x68, 0x01, 0xA9, 0x01, 0x89, 0x01, 0xEB, 0x02, 0x0C, 0x01, 0xEA, 0x12, 0x6A, 0x11, 0xC7,
    0x09, 0x25, 0x01, 0x05, 0x01, 0x87, 0x01, 0x47, 0x01, 0x46, 0x01, 0x05, 0x01, 0x87, 0x01, 0xEA,
    0x02, 0x0B, 0x02, 0xAE, 0x03, 0x10, 0x02, 0xEE, 0x02, 0xAE, 0x02, 0xAD, 0x01, 0xEA, 0x01, 0xA9,
    0x01, 0x67, 0x01, 0x25, 0x01, 0x46, 0x01, 0x67, 0x01, 0xE9, 0x02, 0x0A, 0x02, 0x2A, 0x02, 0x6D,
    0x02, 0xAF, 0x02, 0xD0, 0x02, 0xAE, 0x02, 0xCF, 0x02, 0xCF, 0x02, 0xCE, 0x02, 0x8D, 0x03, 0x30,
    0x03, 0x92, 0x03, 0x51, 0x03, 0xB2, 0x03, 0xB2, 0x03, 0x51, 0x03, 0x30, 0x02, 0xF0, 0x02, 0xCE,
    0x01, 0xE9, 0x1A, 0x49, 0x0A, 0x6B, 0x02, 0x2B, 0x02, 0x6B, 0x0A, 0x6A, 0x01, 0xA8, 0x12, 0x09,
    0x02, 0x28, 0x29, 0x8C, 0xE0, 0x3D, 0xF8, 0x1F, 0xF8, 0x1F, 0xF8, 0x1F, 0xF0, 0x1E, 0x98, 0xB6,
    0x29, 0x4C, 0x01, 0xC7, 0x01, 0xA7, 0x01, 0xC9, 0x11, 0xE8, 0x09, 0xC7, 0x09, 0x66, 0x19, 0x85,
    0x31, 0xC3, 0x52, 0x42, 0x62, 0x80, 0x62, 0x80, 0x41, 0xC0, 0x29, 0x41, 0x21, 0x23, 0x11, 0x86,
    0x09, 0xC9, 0x01, 0xC9, 0x02, 0x0A, 0x02, 0x09, 0x01, 0xC9, 0x01, 0x87, 0x01, 0x66, 0x11, 0xA6,
    0x09, 0x66, 0x09, 0xA7, 0x01, 0xA7, 0x01, 0xC8, 0x01, 0xA8, 0x01, 0xA8, 0x02, 0x0A, 0x02, 0x09,
    0x01, 0x87, 0x09, 0xE8, 0x12, 0x49, 0x0A, 0x2A, 0x12, 0x6B, 0x02, 0x09, 0x01, 0xEA, 0x01, 0xC9,
    0x01, 0xA9, 0x01, 0xCA, 0x01, 0xCA, 0x01, 0x07, 0x02, 0x08, 0x1B, 0x0D, 0x59, 0xD3, 0xA9, 0xDA,
    0xC9, 0x9C, 0xA1, 0xF8, 0x21, 0xCC, 0x01, 0xC9, 0x0A, 0x0A, 0x02, 0x6C, 0x02, 0x6C, 0x02, 0x8C,
    0x02, 0x8C, 0x0A, 0x6C, 0x0A, 0x8C, 0x02, 0x6C, 0x02, 0xAD, 0x02, 0xCE, 0x02, 0xCE, 0x0B, 0x2F,
    0x03, 0x2F, 0x0B, 0x70, 0x03, 0x2F, 0x02, 0xEF, 0x02, 0xCE, 0x02, 0xAE, 0x02, 0xEF, 0x03, 0x10,
    0x02, 0xCF, 0x0B, 0x71, 0x0B, 0x30, 0x03, 0x0F, 0x02, 0xCF, 0x02, 0x8E, 0x02, 0xAE, 0x03, 0x50,
    0x02, 0xAE, 0x02, 0x0C, 0x01, 0xCB, 0x02, 0x0C, 0x01, 0xCB, 0x02, 0x0C, 0x02, 0x6E, 0x03, 0x11,
    0x03, 0xD3, 0x03, 0xB2, 0x02, 0x6E, 0x02, 0xB0, 0x02, 0xF0, 0x02, 0xB0, 0x03, 0x72, 0x03, 0x92,
    0x03, 0x72, 0x03, 0x93, 0x03, 0x52, 0x03, 0xD2, 0x03, 0xB1, 0x03, 0x2F, 0x0B, 0x0E, 0x0A, 0xEE,
    0x02, 0xCE, 0x02, 0xEE, 0x02, 0xCE, 0x03, 0x50, 0x01, 0x68, 0x01, 0xEB, 0x02, 0x2C, 0x02, 0x2C,
    0x01, 0xEA, 0x12, 0x29, 0x01, 0x46, 0x01, 0x66, 0x01, 0x46, 0x01, 0x26, 0x01, 0x66, 0x01, 0x87,
    0x01, 0x46, 0x01, 0x26, 0x01, 0x87, 0x01, 0x87, 0x01, 0x66, 0x01, 0x67, 0x01, 0xC8, 0x01, 0x05,
    0x01, 0x25, 0x01, 0x05, 0x00, 0xE5, 0x01, 0x87, 0x01, 0x87, 0x01, 0x87, 0x01, 0xA8, 0x02, 0x0A,
    0x02, 0x0A, 0x01, 0x67, 0x01, 0x67, 0x01, 0x87, 0x01, 0xA9, 0x02, 0x0A, 0x02, 0x2B, 0x02, 0x4C,
    0x02, 0x6D, 0x02, 0x6D, 0x02, 0x8E, 0x02, 0xAF, 0x03, 0x10, 0x03, 0x10, 0x02, 0xF0, 0x02, 0x8E,
    0x01, 0xEB, 0x01, 0xEA, 0x02, 0x0A, 0x02, 0x2A, 0x02, 0x4B, 0x02, 0x6B, 0x02, 0x4B, 0x12, 0xAC,
    0x01, 0xE9, 0x01, 0xC9, 0x0A, 0x8B, 0x0A, 0x2A, 0x02, 0x28, 0x88, 0xD5, 0xF8, 0x1F, 0xF8, 0x1F,
    0xF8, 0x1F, 0xF8, 0x1F, 0xF8, 0x1F, 0xF8, 0x1F, 0xF0, 0x1F, 0x90, 0xB6, 0x21, 0x8A, 0x09, 0xE4,
    0x21, 0xC4, 0x29, 0x83, 0x41, 0xE2, 0x5A, 0x61, 0x5A, 0x20, 0x5A, 0x20, 0x41, 0xA1, 0x29, 0x20,
    0x10, 0xC2, 0x01, 0x26, 0x01, 0xA8, 0x01, 0xE9, 0x02, 0x2A, 0x0A, 0x0A, 0x01, 0xC8, 0x01, 0x87,
    0x11, 0xA7, 0x09, 0x45, 0x19, 0xA6, 0x19, 0xA7, 0x01, 0xC9, 0x01, 0xC8, 0x01, 0xE9, 0x0A, 0x29,
    0x02, 0x4B, 0x02, 0x6A, 0x01, 0xC8, 0x01, 0xE9, 0x0A, 0x4A, 0x12, 0x29, 0x09, 0xC8, 0x02, 0x2A,
    0x02, 0x2A, 0x02, 0x0A, 0x01, 0xCA, 0x01, 0xC9, 0x09, 0xCA, 0x01, 0x48, 0x01, 0x87, 0x01, 0xC9,
    0x60, 0xF1, 0xD0, 0x5C, 0xF8, 0x1F, 0xF8, 0x1F, 0xF8, 0x1F, 0xF8, 0x1F, 0xC8, 0x5B, 0x0A, 0x0B,
    0x0A, 0xCD, 0x13, 0x70, 0x02, 0x8E, 0x02, 0x4D, 0x02, 0x8D, 0x02, 0x6D, 0x03, 0x0F, 0x0B, 0x0F,
    0x02, 0xEE, 0x0B, 0x0E, 0x0B, 0x4F, 0x0A, 0xCE, 0x13, 0x2F, 0x0A, 0x8D, 0x02, 0x8C, 0x02, 0x6C,
    0x02, 0xCE, 0x03, 0x0F, 0x0B, 0xB1, 0x03, 0x50, 0x03, 0x71, 0x0B, 0x70, 0x0B, 0x0F, 0x02, 0xCE,
    0x02, 0xAD, 0x02, 0xAD, 0x02, 0x8D, 0x02, 0x4C, 0x01, 0xEB, 0x01, 0xAA, 0x01, 0xEB, 0x01, 0xAA,
    0x01, 0xED, 0x03, 0x10, 0x02, 0xCF, 0x02, 0xAF, 0x03, 0x31, 0x02, 0x90, 0x02, 0xAF, 0x02, 0x8F,
    0x02, 0xAF, 0x02, 0xF1, 0x03, 0x32, 0x02, 0xF0, 0x03, 0xD3, 0x03, 0x92, 0x03, 0x32, 0x03, 0x71,
    0x03, 0x30, 0x03, 0x2F, 0x02, 0x8E, 0x02, 0xCE, 0x02, 0xEE, 0x02, 0xAD, 0x02, 0xAE, 0x02, 0xEF,
    0x02, 0x0D, 0x02, 0x6E, 0x01, 0xCA, 0x01, 0x88, 0x09, 0xE8, 0x01, 0x26, 0x19, 0xE7, 0x3A, 0x26,
    0x01, 0x46, 0x01, 0x25, 0x01, 0x66, 0x01, 0xC8, 0x0A, 0x09, 0x01, 0xC9, 0x01, 0xC8, 0x01, 0xA8,
    0x01, 0xA8, 0x01, 0xA8, 0x09, 0xC8, 0x12, 0x49, 0x0A, 0x29, 0x0A, 0x09, 0x09, 0xC8, 0x01, 0xE9,
    0x02, 0x09, 0x01, 0xE9, 0x02, 0x4A, 0x02, 0xAC, 0x0A, 0x4A, 0x01, 0x88, 0x01, 0xC9, 0x01, 0xC8,
    0x01, 0xE9, 0x02, 0x09, 0x01, 0xE9, 0x01, 0xA8, 0x01, 0x87, 0x01, 0xC8, 0x01, 0xC9, 0x01, 0xA9,
    0x01, 0xEA, 0x02, 0x0A, 0x01, 0xE9, 0x01, 0xE9, 0x0A, 0x8B, 0x0A, 0x4B, 0x02, 0x0A, 0x02, 0x8B,
    0x0A, 0xAC, 0x02, 0x6B, 0x02, 0x4A, 0x02, 0x2A, 0x02, 0x4A, 0x02, 0x4B, 0x01, 0xC9, 0x01, 0xC9,
    0x01, 0x87, 0xC0, 0x39, 0xF8, 0x1F, 0xF8, 0x1F, 0xF8, 0x1F, 0xF8, 0x1F, 0xF8, 0x1F, 0xF8, 0x1F,
    0xF8, 0x1F, 0xF8, 0x1F, 0xF0, 0x1E, 0xA0, 0xF1, 0x61, 0xE3, 0x52, 0x80, 0x4A, 0x00, 0x41, 0x81,
    0x21, 0x42, 0x29, 0x63, 0x11, 0x66, 0x11, 0x86, 0x09, 0x87, 0x01, 0xE9, 0x01, 0xE9, 0x02, 0x0A,
    0x01, 0xE9, 0x01, 0xC9, 0x09, 0xC8, 0x01, 0x87, 0x09, 0x87, 0x09, 0xA8, 0x0A, 0x2A, 0x02, 0x09,
    0x02, 0x8C, 0x02, 0xCD, 0x0A, 0xAB, 0x02, 0x4A, 0x02, 0x4A, 0x01, 0xE9, 0x01, 0xE9, 0x02, 0x2A,
    0x02, 0x2A, 0x01, 0xC8, 0x01, 0xC9, 0x0A, 0x09, 0x0A, 0x09, 0x01, 0xC9, 0x12, 0x2A, 0x01, 0xEA,
    0x02, 0x6A, 0x02, 0x6B, 0x51, 0x92, 0xD0, 0x7C, 0xF8, 0x1F, 0xF8, 0x1F, 0xF8, 0x1F, 0xF8, 0x1F,
    0xF8, 0x1F, 0xF8, 0x1F, 0xF8, 0x1F, 0x59, 0xF4, 0x03, 0x2E, 0x0B, 0x50, 0x0A, 0xED, 0x22, 0x8A,
    0x0A, 0xCD, 0x02, 0xCD, 0x02, 0xAD, 0x02, 0xAD, 0x02, 0x4C, 0x02, 0x4C, 0x02, 0x8D, 0x02, 0x6D,
    0x02, 0x6D, 0x02, 0x2C, 0x02, 0x6C, 0x0A, 0x6C, 0x02, 0x0B, 0x02, 0xAD, 0x02, 0xAD, 0x02, 0xAE,
    0x02, 0xAE, 0x0A, 0x8D, 0x0A, 0x8D, 0x02, 0x4C, 0x02, 0x0B, 0x01, 0xCB, 0x02, 0x2D, 0x02, 0x0C,
    0x02, 0x6D, 0x02, 0x6D, 0x01, 0xCB, 0x0A, 0x8E, 0x0A, 0xAF, 0x02, 0xAF, 0x02, 0xAE, 0x02, 0xAE,
    0x0A, 0x8E, 0x12, 0xEF, 0x02, 0xCF, 0x02, 0x4E, 0x02, 0xAF, 0x03, 0x52, 0x02, 0x8E, 0x02, 0x4D,
    0x03, 0x50, 0x03, 0x0F, 0x02, 0xCF, 0x02, 0xAE, 0x02, 0xCF, 0x0B, 0x2E, 0x0A, 0xCE, 0x02, 0xCE,
    0x03, 0x2F, 0x03, 0x2F, 0x03, 0x0F, 0x03, 0x0F, 0x01, 0xAA, 0x01, 0x47, 0x00, 0xE5, 0x01, 0x25,
    0x01, 0x25, 0x01, 0x26, 0x09, 0x87, 0x01, 0x66, 0x01, 0x66, 0x01, 0x26, 0x01, 0x66, 0x01, 0xE9,
    0x02, 0x2A, 0x01, 0xC9, 0x02, 0x09, 0x01, 0x67, 0x01, 0x47, 0x01, 0xA8, 0x01, 0xA8, 0x01, 0xE9,
    0x01, 0xE9, 0x02, 0x09, 0x01, 0xC8, 0x01, 0x67, 0x01, 0xE9, 0x01, 0xE9, 0x02, 0x2A, 0x02, 0x0A,
    0x01, 0xE9, 0x02, 0x6B, 0x02, 0xAC, 0x02, 0x2B, 0x01, 0xEA, 0x01, 0xE9, 0x01, 0xE9, 0x01, 0xE9,
    0x01, 0xE9, 0x01, 0xC9, 0x01, 0xC9, 0x01, 0xA9, 0x01, 0xEA, 0x02, 0x0A, 0x02, 0x2A, 0x02, 0x8B,
    0x02, 0x2A, 0x01, 0xC9, 0x02, 0x6B, 0x02, 0x4B, 0x02, 0x0A, 0x01, 0xEA, 0x02, 0x4B, 0x02, 0x2A,
    0x01, 0xEA, 0x01, 0xE9, 0x01, 0xA8, 0x01, 0xC8, 0x09, 0x06, 0xD8, 0x1B, 0xF8, 0x1F, 0xF8, 0x1F,
    0xF8, 0x1F, 0xF8, 0x1F, 0xF8, 0x1F, 0xF8, 0x1F, 0xF8, 0x1F, 0xF8, 0x1F, 0xF8, 0x1F, 0xF8, 0x1F,
    0xF0, 0x3C, 0xA1, 0x2F, 0x31, 0x64, 0x01, 0x64, 0x01, 0x67, 0x09, 0xE9, 0x02, 0x0A, 0x02, 0x2A,
    0x0A, 0x09, 0x01, 0xE9, 0x01, 0xA8, 0x01, 0x88, 0x01, 0x46, 0x11, 0xC7, 0x19, 0xE7, 0x0A, 0x09,
    0x02, 0x2A, 0x0A, 0xAC, 0x1B, 0x2E, 0x23, 0x0C, 0x0B, 0x0D, 0x02, 0x6B, 0x01, 0xE9, 0x02, 0x0A,
    0x09, 0xE9, 0x01, 0xE9, 0x02, 0x0A, 0x02, 0x2A, 0x01, 0xA8, 0x01, 0x68, 0x01, 0xE9, 0x02, 0x0A,
    0x0A, 0x4A, 0x02, 0x4A, 0x02, 0x8A, 0x02, 0x8B, 0x41, 0xF2, 0xC0, 0xBB, 0xF8, 0x1F, 0xF8, 0x1F,
    0xF8, 0x1F, 0xF8, 0x1F, 0xF8, 0x1F, 0xF8, 0x1F, 0xF8, 0x1F, 0xF8, 0x1F, 0xF8, 0x1F, 0x89, 0x37,
    0x02, 0xEC, 0x0A, 0x6C, 0x12, 0xAC, 0x32, 0xAA, 0x02, 0x4C, 0x02, 0x6D, 0x02, 0x4C, 0x02, 0xCE,
    0x02, 0x6D, 0x02, 0xAD, 0x02, 0xAE, 0x02, 0xAE, 0x02, 0x2C, 0x02, 0x8D, 0x02, 0x8E, 0x02, 0xAE,
    0x02, 0x8C, 0x02, 0x0B, 0x0A, 0x8D, 0x02, 0x4D, 0x02, 0x4D, 0x0A, 0xAE, 0x0A, 0xCE, 0x02, 0x8D,
    0x02, 0x8E, 0x02, 0xAF, 0x02, 0xAE, 0x02, 0x2D, 0x02, 0x4E, 0x02, 0x6E, 0x01, 0xCC, 0x0A, 0x8E,
    0x0A, 0xAE, 0x02, 0xCF, 0x03, 0x30, 0x02, 0xEF, 0x13, 0x0E, 0x1B, 0x0E, 0x02, 0x4E, 0x02, 0x6E,
    0x0B, 0xB1, 0x03, 0x50, 0x02, 0xCF, 0x0B, 0x2F, 0x02, 0xCF, 0x02, 0x8E, 0x02, 0x8D, 0x02, 0x8D,
    0x02, 0xAE, 0x02, 0xEE, 0x02, 0xAE, 0x02, 0xAD, 0x02, 0xED, 0x03, 0x2F, 0x02, 0xEF, 0x02, 0x6C,
    0x00, 0xE4, 0x00, 0xE5, 0x01, 0x46, 0x01, 0x67, 0x01, 0x88, 0x01, 0x87, 0x01, 0x67, 0x01, 0x67,
    0x01, 0x46, 0x01, 0x67, 0x01, 0xC9, 0x02, 0x2A, 0x01, 0xEA, 0x12, 0x6B, 0x09, 0xE9, 0x01, 0xA8,
    0x02, 0x0A, 0x02, 0x0A, 0x01, 0xA9, 0x01, 0xA9, 0x01, 0x88, 0x01, 0xC8, 0x02, 0x09, 0x01, 0xE9,
    0x01, 0xE9, 0x01, 0xC9, 0x01, 0xE9, 0x01, 0xC9, 0x01, 0xC9, 0x02, 0x6B, 0x02, 0xAC, 0x02, 0x2A,
    0x01, 0xC9, 0x01, 0xEA, 0x02, 0x2B, 0x02, 0x4A, 0x02, 0x2A, 0x02, 0x2A, 0x0A, 0x2A, 0x01, 0xE9,
    0x0A, 0x6B, 0x02, 0x09, 0x01, 0xC9, 0x01, 0x88, 0x01, 0xC9, 0x02, 0x0A, 0x02, 0x0A, 0x0A, 0xAC,
    0x02, 0x0B, 0x02, 0x2B, 0x02, 0x0A, 0x01, 0xA8, 0x01, 0xE9, 0x01, 0xE9, 0x01, 0xC9, 0x01, 0x87,
    0x08, 0xE6, 0xF0, 0x1E, 0xF8, 0x1F, 0xF8, 0x1F, 0xF8, 0x1F, 0xF8, 0x1F, 0xF8, 0x1F, 0xF8, 0x1F,
    0xF8, 0x1F, 0xF8, 0x1F, 0xF8, 0x1F, 0xF8, 0x1F, 0xF8, 0x1F, 0xF8, 0x1F, 0xD8, 0x3C, 0x61, 0x12,
    0x09, 0xCA, 0x02, 0x28, 0x01, 0xE9, 0x09, 0xA8, 0x01, 0x88, 0x09, 0xA7, 0x01, 0xA7, 0x09, 0xA7,
    0x01, 0x66, 0x09, 0xA7, 0x11, 0xA7, 0x0A, 0x6B, 0x0A, 0xAC, 0x02, 0x6B, 0x0A, 0x2A, 0x02, 0x09,
    0x02, 0x4B, 0x01, 0xEA, 0x02, 0x0A, 0x02, 0x6C, 0x02, 0xAD, 0x02, 0xCD, 0x0A, 0xED, 0x0A, 0xAD,
    0x0A, 0x8C, 0x02, 0x6C, 0x02, 0xAD, 0x02, 0xAD, 0x02, 0xAC, 0x02, 0xAB, 0x32, 0x31, 0xB0, 0xFA,
    0xF8, 0x1F, 0xF8, 0x1F, 0xF8, 0x1F, 0xF8, 0x1F, 0xF8, 0x1F, 0xF8, 0x1F, 0xF8, 0x1F, 0xF8, 0x1F,
    0xF8, 0x1F, 0xF8, 0x1F, 0xF8, 0x1F, 0xA0, 0xD9, 0x02, 0x4B, 0x01, 0xEB, 0x02, 0x2B, 0x02, 0x2B,
    0x02, 0x4B, 0x02, 0x4C, 0x02, 0x6C, 0x02, 0xEE, 0x02, 0xAD, 0x0A, 0xEF, 0x03, 0x50, 0x02, 0x4D,
    0x02, 0x4C, 0x02, 0xEF, 0x02, 0x4D, 0x02, 0x6D, 0x02, 0x4B, 0x01, 0xAA, 0x12, 0xCE, 0x0A, 0x8D,
    0x02, 0x6D, 0x02, 0x0C, 0x02, 0x0C, 0x02, 0x6D, 0x03, 0x30, 0x02, 0x4D, 0x02, 0x8D, 0x02, 0x0C,
    0x12, 0xEF, 0x0A, 0xCF, 0x02, 0xAF, 0x02, 0x6F, 0x03, 0x51, 0x03, 0x31, 0x03, 0x52, 0x03, 0x30,
    0x02, 0xAF, 0x02, 0x8F, 0x03, 0x11, 0x02, 0x8F, 0x0A, 0x6D, 0x13, 0x50, 0x02, 0xCE, 0x23, 0xAF,
    0x0A, 0xAE, 0x01, 0xEB, 0x02, 0x2C, 0x02, 0x8D, 0x02, 0x8E, 0x02, 0x8D, 0x02, 0x8D, 0x02, 0xAD,
    0x02, 0x6D, 0x02, 0xAE, 0x03, 0x2F, 0x02, 0xEE, 0x00, 0xE5, 0x01, 0x87, 0x01, 0x87, 0x01, 0xC8,
    0x02, 0x4A, 0x01, 0xE9, 0x09, 0xE8, 0x12, 0x29, 0x02, 0x29, 0x01, 0xE9, 0x0A, 0x2A, 0x1B, 0x0C,
    0x1A, 0xEC, 0x12, 0xAB, 0x01, 0xC9, 0x02, 0x0A, 0x02, 0x8B, 0x02, 0xAC, 0x02, 0x8C, 0x02, 0x0A,
    0x01, 0xC9, 0x01, 0xE9, 0x01, 0xE9, 0x01, 0xA9, 0x01, 0xC9, 0x02, 0x2A, 0x01, 0xE9, 0x02, 0x09,
    0x01, 0xC8, 0x01, 0xE9, 0x02, 0x0A, 0x01, 0xA9, 0x02, 0x8C, 0x0A, 0xAC, 0x01, 0xE9, 0x01, 0x88,
    0x01, 0x88, 0x01, 0xA8, 0x01, 0x88, 0x01, 0x67, 0x01, 0xA8, 0x01, 0xA9, 0x01, 0xE9, 0x01, 0xC8,
    0x02, 0x2A, 0x02, 0x09, 0x01, 0xC9, 0x13, 0x0D, 0x02, 0x6B, 0x02, 0x2A, 0x01, 0xE9, 0x01, 0xA9,
    0x01, 0xC8, 0x01, 0xC9, 0x01, 0xC8, 0x01, 0x46, 0x08, 0xC5, 0xF0, 0x1E, 0xF8, 0x1F, 0xF8, 0x1F,
    0xF8, 0x1F, 0xF8, 0x1F, 0xF8, 0x1F, 0xF8, 0x1F, 0xF8, 0x1F, 0xF8, 0x1F, 0xF8, 0x1F, 0xF8, 0x1F,
    0xF8, 0x1F, 0xF8, 0x1F, 0xF8, 0x1F, 0xF8, 0x1F, 0xD0, 0x5C, 0x58, 0xEF, 0x01, 0x66, 0x01, 0x86,
    0x09, 0x87, 0x09, 0xA7, 0x11, 0xC7, 0x09, 0xA7, 0x01, 0xC8, 0x01, 0xA8, 0x01, 0xE9, 0x02, 0x2A,
    0x01, 0xA9, 0x01, 0xA9, 0x01, 0xE9, 0x0A, 0x8B, 0x02, 0xAC, 0x02, 0xEE, 0x03, 0x2E, 0x02, 0xEE,
    0x02, 0xCD, 0x02, 0x4B, 0x02, 0x4C, 0x02, 0xCD, 0x0A, 0xAC, 0x0A, 0x6C, 0x02, 0x6B, 0x02, 0x6B,
    0x2A, 0x0F, 0xA0, 0xF9, 0xF8, 0x1F, 0xF8, 0x1F, 0xF8, 0x1F, 0xF8, 0x1F, 0xF8, 0x1F, 0xF8, 0x1F,
    0xF8, 0x1F, 0xF8, 0x1F, 0xF8, 0x1F, 0xF8, 0x1F, 0xF8, 0x1F, 0xF8, 0x1F, 0xF8, 0x1F, 0xB8, 0x9A,
    0x02, 0x8C, 0x0A, 0xCD, 0x02, 0x4C, 0x02, 0x2B, 0x02, 0x6C, 0x02, 0x0B, 0x02, 0x2B, 0x01, 0xEA,
    0x02, 0x0B, 0x0A, 0xED, 0x12, 0xAC, 0x02, 0x6C, 0x03, 0x0F, 0x02, 0xEF, 0x02, 0xCE, 0x02, 0x2C,
    0x02, 0x2C, 0x02, 0xAE, 0x02, 0x6D, 0x01, 0xCB, 0x02, 0x0C, 0x01, 0xAB, 0x02, 0x8E, 0x02, 0x4C,
    0x02, 0x2C, 0x01, 0xEC, 0x02, 0x0C, 0x01, 0xCC, 0x01, 0xEC, 0x02, 0xAE, 0x02, 0xF0, 0x03, 0x51,
    0x03, 0x51, 0x03, 0x92, 0x03, 0xF3, 0x02, 0xEF, 0x0A, 0xCE, 0x02, 0x2D, 0x02, 0x8E, 0x03, 0x71,
    0x02, 0x6E, 0x02, 0x4D, 0x0A, 0xEE, 0x12, 0xCE, 0x02, 0x8D, 0x02, 0x6D, 0x0A, 0x8E, 0x02, 0xCE,
    0x02, 0xCF, 0x02, 0xCF, 0x02, 0xEF, 0x03, 0x70, 0x03, 0x70, 0x02, 0xEE, 0x02, 0xEE, 0x02, 0xEE,
    0x01, 0x87, 0x01, 0xC8, 0x01, 0x87, 0x01, 0x67, 0x01, 0x67, 0x01, 0x87, 0x09, 0x46, 0x09, 0x87,
    0x01, 0xA8, 0x01, 0xA8, 0x01, 0xE9, 0x01, 0x88, 0x01, 0x47, 0x01, 0xA8, 0x01, 0xA8, 0x0A, 0x2A,
    0x02, 0x0A, 0x01, 0xC9, 0x01, 0xE9, 0x01, 0xE9, 0x02, 0x29, 0x02, 0x29, 0x02, 0x09, 0x02, 0x2A,
    0x02, 0x09, 0x01, 0xA8, 0x01, 0x26, 0x01, 0x67, 0x01, 0x47, 0x01, 0x66, 0x01, 0x67, 0x01, 0xC9,
    0x12, 0x8A, 0x01, 0x46, 0x01, 0x06, 0x01, 0x47, 0x01, 0xA8, 0x01, 0xC8, 0x01, 0xC9, 0x01, 0xE9,
    0x01, 0xE9, 0x02, 0x09, 0x01, 0xC9, 0x01, 0xC8, 0x01, 0x88, 0x01, 0xA8, 0x02, 0x09, 0x0A, 0x29,
    0x0A, 0x09, 0x01, 0xA8, 0x01, 0xEA, 0x02, 0x6B, 0x02, 0x0A, 0x01, 0xA8, 0x09, 0x67, 0x00, 0xE4,
    0x08, 0x84, 0xE8, 0x1D, 0xF8, 0x1F, 0xF8, 0x1F, 0xF8, 0x1F, 0xF8, 0x1F, 0xF8, 0x1F, 0xF8, 0x1F,
    0xF8, 0x1F, 0xF8, 0x1F, 0xF8, 0x1F, 0xF8, 0x1F, 0xF8, 0x1F, 0xF8, 0x1F, 0xF8, 0x1F, 0xF8, 0x1F,
    0xF8, 0x1F, 0xF8, 0x1F, 0xC8, 0x5A, 0x41, 0x0D, 0x01, 0x66, 0x01, 0x86, 0x09, 0xC8, 0x12, 0x29,
    0x0A, 0x29, 0x01, 0xC9, 0x0A, 0x0A, 0x02, 0x0A, 0x02, 0x4B, 0x02, 0x4B, 0x0A, 0x6B, 0x02, 0x6C,
    0x02, 0x8C, 0x02, 0x8C, 0x02, 0x8C, 0x02, 0xAC, 0x02, 0xAC, 0x02, 0x6C, 0x02, 0x8D, 0x02, 0x0C,
    0x02, 0x2A, 0x02, 0x69, 0x19, 0xCD, 0x90, 0xD6, 0xF0, 0x1F, 0xF8, 0x1F, 0xF8, 0x1F, 0xF8, 0x1F,
    0xF8, 0x1F, 0xF8, 0x1F, 0xF8, 0x1F, 0xF8, 0x1F, 0xF8, 0x1F, 0xF8, 0x1F, 0xF8, 0x1F, 0xF8, 0x1F,
    0xF8, 0x1F, 0xF8, 0x1F, 0xF8, 0x1F, 0xB8, 0x9A, 0x02, 0x6B, 0x0A, 0xAD, 0x03, 0x2F, 0x03, 0x30,
    0x03, 0x30, 0x02, 0xCE, 0x02, 0xAD, 0x02, 0x4C, 0x02, 0x2B, 0x02, 0x2B, 0x0A, 0x2A, 0x02, 0x4B,
    0x02, 0x8C, 0x02, 0x0B, 0x0A, 0xEE, 0x0B, 0x2F, 0x0A, 0xCF, 0x0A, 0xCF, 0x02, 0x8E, 0x02, 0x0D,
    0x02, 0x0C, 0x01, 0xCC, 0x01, 0xEC, 0x02, 0x0D, 0x02, 0x2C, 0x01, 0xEB, 0x01, 0xEC, 0x02, 0x4D,
    0x01, 0xAB, 0x02, 0x2D, 0x02, 0x4E, 0x0A, 0x0C, 0x02, 0x0E, 0x03, 0x11, 0x03, 0x31, 0x03, 0x51,
    0x02, 0xCE, 0x02, 0x6E, 0x02, 0x4E, 0x2B, 0xD0, 0x0B, 0x71, 0x02, 0xAE, 0x02, 0x8D, 0x02, 0x8D,
    0x02, 0x6D, 0x13, 0x2F, 0x12, 0xAD, 0x0A, 0xCE, 0x0B, 0x71, 0x03, 0x0F, 0x02, 0xAD, 0x03, 0x50,
    0x03, 0x50, 0x03, 0x0E, 0x02, 0xEE, 0x02, 0xAD, 0x01, 0x87, 0x01, 0x47, 0x01, 0x26, 0x01, 0x67,
    0x01, 0xA8, 0x01, 0x87, 0x01, 0x47, 0x01, 0x88, 0x01, 0x67, 0x01, 0xA8, 0x01, 0xA8, 0x01, 0xC9,
    0x0A, 0xAB, 0x0A, 0x8B, 0x01, 0xC8, 0x01, 0xE9, 0x01, 0xA8, 0x01, 0x67, 0x01, 0x47, 0x01, 0x67,
    0x01, 0x87, 0x01, 0x87, 0x01, 0x67, 0x01, 0x87, 0x01, 0x47, 0x01, 0x26, 0x01, 0x87, 0x01, 0x67,
    0x01, 0x67, 0x01, 0x46, 0x01, 0x26, 0x01, 0xC8, 0x09, 0x67, 0x01, 0x26, 0x01, 0x88, 0x02, 0x29,
    0x01, 0xA8, 0x01, 0xC8, 0x01, 0x87, 0x01, 0x87, 0x01, 0x88, 0x01, 0x67, 0x01, 0x67, 0x01, 0x68,
    0x01, 0xA8, 0x01, 0xC8, 0x01, 0xA8, 0x01, 0xA8, 0x01, 0x67, 0x01, 0xC9, 0x02, 0x09, 0x02, 0x2A,
    0x01, 0xC8, 0x01, 0x46, 0x19, 0x65, 0x29, 0xA3, 0x29, 0x41, 0xD0, 0x39, 0xF8, 0x1F, 0xF8, 0x1F,
    0xF8, 0x1F, 0xF8, 0x1F, 0xF8, 0x1F, 0xF8, 0x1F, 0xF8, 0x1F, 0xF8, 0x1F, 0xF8, 0x1F, 0xF8, 0x1F,
    0xF8, 0x1F, 0xF8, 0x1F, 0xF8, 0x1F, 0xF8, 0x1F, 0xF8, 0x1F, 0xF8, 0x1F, 0xF8, 0x1F, 0xF8, 0x1F,
    0xB8, 0x99, 0x39, 0x8E, 0x01, 0xC7, 0x01, 0xE8, 0x09, 0xC9, 0x0A, 0x4B, 0x02, 0x8C, 0x02, 0xAC,
    0x02, 0x6C, 0x02, 0x8C, 0x02, 0xAD, 0x02, 0x6C, 0x02, 0x2B, 0x0B, 0x0E, 0x1B, 0xB0, 0x02, 0xAD,
    0x02, 0x6C, 0x02, 0x2B, 0x02, 0x4B, 0x01, 0xE7, 0x6A, 0xA7, 0x91, 0x14, 0xE8, 0x1E, 0xF8, 0x1F,
    0xF8, 0x1F, 0xF8, 0x1F, 0xF8, 0x1F, 0xF8, 0x1F, 0xF8, 0x1F, 0xF8, 0x1F, 0xF8, 0x1F, 0xF8, 0x1F,
    0xF8, 0x1F, 0xF8, 0x1F, 0xF8, 0x1F, 0xF8, 0x1F, 0xF8, 0x1F, 0xF8, 0x1F, 0xF8, 0x1F, 0xB8, 0xDB,
    0x02, 0xCE, 0x02, 0xCF, 0x03, 0x71, 0x03, 0xF3, 0x03, 0xB1, 0x03, 0x71, 0x03, 0x0F, 0x0B, 0x0E,
    0x0A, 0xCD, 0x02, 0xEE, 0x02, 0xCD, 0x02, 0x2B, 0x01, 0xEA, 0x0A, 0x6B, 0x0A, 0xED, 0x23, 0xF0,
    0x1B, 0xD0, 0x34, 0xD3, 0x3C, 0xD3, 0x0B, 0x0F, 0x01, 0xEB, 0x01, 0xEC, 0x0A, 0x2B, 0x12, 0x0A,
    0x01, 0xAB, 0x02, 0x4D, 0x02, 0xCE, 0x02, 0x2D, 0x01, 0xAC, 0x02, 0xAF, 0x0A, 0xEE, 0x02, 0x2D,
    0x02, 0xF1, 0x03, 0x93, 0x03, 0x31, 0x02, 0xF0, 0x03, 0x10, 0x03, 0x10, 0x02, 0x8F, 0x12, 0xEF,
    0x0B, 0x30, 0x02, 0x6E, 0x0A, 0xCE, 0x02, 0xCE, 0x02, 0x8E, 0x02, 0x0C, 0x01, 0xAB, 0x02, 0xCF,
    0x02, 0xEF, 0x02, 0x8E, 0x02, 0xAE, 0x02, 0xEF, 0x02, 0xCE, 0x03, 0x2F, 0x03, 0x10, 0x03, 0x0F,
    0x01, 0x87, 0x01, 0x87, 0x01, 0x87, 0x01, 0xC8, 0x01, 0xC8, 0x01, 0xA8, 0x01, 0xC9, 0x01, 0xE9,
    0x01, 0xA8, 0x01, 0xA8, 0x01, 0x47, 0x0A, 0x0A, 0x0A, 0x4A, 0x01, 0xA8, 0x01, 0x67, 0x01, 0x47,
    0x01, 0x47, 0x01, 0x68, 0x02, 0x09, 0x02, 0x2A, 0x01, 0xC9, 0x01, 0x87, 0x01, 0x67, 0x01, 0x47,
    0x01, 0x67, 0x01, 0x88, 0x01, 0x88, 0x01, 0x88, 0x01, 0xC8, 0x01, 0xA8, 0x01, 0x87, 0x01, 0x67,
    0x01, 0x67, 0x01, 0xA8, 0x01, 0xE9, 0x01, 0xA8, 0x01, 0x67, 0x01, 0x87, 0x01, 0x67, 0x11, 0xE7,
    0x01, 0xC8, 0x01, 0x87, 0x01, 0x87, 0x01, 0xC8, 0x01, 0xE8, 0x09, 0xA7, 0x09, 0xA8, 0x01, 0xA8,
    0x01, 0xC8, 0x01, 0x87, 0x01, 0x05, 0x00, 0xC4, 0x00, 0xE4, 0x21, 0x84, 0x52, 0x62, 0x5A, 0x61,
    0x31, 0x60, 0xB0, 0x35, 0xF8, 0x1F, 0xF8, 0x1F, 0xF8, 0x1F, 0xF8, 0x1F, 0xF8, 0x1F, 0xF8, 0x1F,
    0xF8, 0x1F, 0xF8, 0x1F, 0xF8, 0x1F, 0xF8, 0x1F, 0xF8, 0x1F, 0xF8, 0x1F, 0xF8, 0x1F, 0xF8, 0x1F,
    0xF8, 0x1F, 0xF8, 0x1F, 0xF8, 0x1F, 0xF8, 0x1F, 0xF8, 0x1F, 0xF8, 0x1F, 0xA8, 0x77, 0x29, 0x8D,
    0x02, 0x6A, 0x02, 0x8B, 0x0A, 0x6D, 0x02, 0xCE, 0x02, 0xEE, 0x02, 0xEE, 0x03, 0x2F, 0x02, 0xEE,
    0x1B, 0xD0, 0x3D, 0x34, 0x13, 0x4E, 0x01, 0xCA, 0x01, 0xE9, 0x02, 0x8A, 0x12, 0x6D, 0x79, 0x54,
    0xF8, 0x5C, 0xF8, 0x1F, 0xF8, 0x1F, 0xF8, 0x1F, 0xF8, 0x1F, 0xF8, 0x1F, 0xF8, 0x1F, 0xF8, 0x1F,
    0xF8, 0x1F, 0xF8, 0x1F, 0xF8, 0x1F, 0xF8, 0x1F, 0xF8, 0x1F, 0xF8, 0x1F, 0xF8, 0x1F, 0xF8, 0x1F,
    0xF8, 0x1F, 0xF8, 0x1F, 0xF8, 0x1F, 0xA1, 0x5A, 0x04, 0x13, 0x03, 0x92, 0x03, 0x72, 0x03, 0xB2,
    0x1B, 0x4F, 0x03, 0x50, 0x03, 0x50, 0x03, 0x30, 0x03, 0x50, 0x03, 0x71, 0x03, 0x30, 0x03, 0x30,
    0x03, 0x50, 0x02, 0xCD, 0x02, 0x8D, 0x02, 0x2C, 0x01, 0xCA, 0x01, 0xCA, 0x0A, 0x0A, 0x0A, 0x6C,
    0x0A, 0xAC, 0x0A, 0xED, 0x02, 0x6C, 0x1B, 0x0D, 0x0B, 0x0E, 0x13, 0xD1, 0x13, 0xD1, 0x1B, 0xB0,
    0x2C, 0x93, 0x13, 0xB1, 0x02, 0x2D, 0x02, 0xCF, 0x13, 0x50, 0x02, 0xF1, 0x03, 0x72, 0x02, 0xB0,
    0x03, 0x10, 0x02, 0xAF, 0x02, 0xAF, 0x02, 0xF0, 0x0B, 0x0F, 0x02, 0x2D, 0x0A, 0xAE, 0x02, 0x8E,
    0x02, 0xAF, 0x02, 0xAF, 0x02, 0x6E, 0x02, 0x4D, 0x02, 0x0B, 0x13, 0x0E, 0x0B, 0x2F, 0x02, 0xEF,
    0x03, 0x70, 0x03, 0x71, 0x0C, 0x33, 0x04, 0x33, 0x01, 0xA8, 0x01, 0xC8, 0x01, 0xE9, 0x01, 0xC8,
    0x02, 0x0A, 0x02, 0x4B, 0x02, 0xCC, 0x13, 0x2D, 0x0A, 0xAB, 0x01, 0xC9, 0x01, 0xA9, 0x0A, 0xCB,
    0x02, 0x2A, 0x01, 0x88, 0x01, 0xC9, 0x02, 0x2A, 0x01, 0xC8, 0x01, 0xC8, 0x01, 0xE9, 0x01, 0xA8,
    0x01, 0x67, 0x01, 0x46, 0x01, 0x47, 0x01, 0x88, 0x01, 0x67, 0x01, 0x88, 0x01, 0x67, 0x01, 0x47,
    0x01, 0x67, 0x01, 0x47, 0x01, 0x27, 0x01, 0x67, 0x01, 0x87, 0x01, 0xA7, 0x01, 0x67, 0x01, 0x88,
    0x01, 0x67, 0x01, 0x67, 0x01, 0x67, 0x01, 0xA7, 0x01, 0xA8, 0x01, 0xE9, 0x02, 0x09, 0x01, 0xE9,
    0x09, 0xC8, 0x11, 0x86, 0x01, 0x87, 0x01, 0x86, 0x01, 0x65, 0x09, 0x44, 0x19, 0x64, 0x19, 0x01,
    0x39, 0xC1, 0x52, 0x21, 0x52, 0x00, 0x31, 0x82, 0x00, 0xE1, 0x68, 0x4E, 0xF8, 0x1F, 0xF8, 0x1F,
    0xF8, 0x1F, 0xF8, 0x1F, 0xF8, 0x1F, 0xF8, 0x1F, 0xF8, 0x1F, 0xF8, 0x1F, 0xF8, 0x1F, 0xF8, 0x1F,
    0xF8, 0x1F, 0xF8, 0x1F, 0xF8, 0x1F, 0xF8, 0x1F, 0xF8, 0x1F, 0xF8, 0x1F, 0xF8, 0x1F, 0xF8, 0x1F,
    0xF8, 0x1F, 0xF8, 0x1F, 0xF8, 0x1F, 0xF8, 0x3F, 0x98, 0xB7, 0x2A, 0xB1, 0x03, 0x6D, 0x02, 0xAC,
    0x02, 0xCD, 0x02, 0xAC, 0x02, 0x2B, 0x1A, 0x6B, 0x13, 0x0C, 0x02, 0x8C, 0x02, 0x4C, 0x02, 0xAB,
    0x02, 0xCE, 0x69, 0xD5, 0xD8, 0x7D, 0xF8, 0x1F, 0xF8, 0x1F, 0xF8, 0x1F, 0xF8, 0x1F, 0xF8, 0x1F,
    0xF8, 0x1F, 0xF8, 0x1F, 0xF8, 0x1F, 0xF8, 0x1F, 0xF8, 0x1F, 0xF8, 0x1F, 0xF8, 0x1F, 0xF8, 0x1F,
    0xF8, 0x1F, 0xF8, 0x1F, 0xF8, 0x1F, 0xF8, 0x1F, 0xF8, 0x1F, 0xF8, 0x1F, 0xF8, 0x1F, 0x81, 0x78,
    0x03, 0x4F, 0x03, 0x31, 0x03, 0x51, 0x02, 0xEF, 0x03, 0x0F, 0x02, 0xCE, 0x02, 0xAE, 0x0B, 0x4F,
    0x03, 0x0F, 0x03, 0x2F, 0x03, 0x71, 0x03, 0x71, 0x02, 0xEF, 0x03, 0x30, 0x0B, 0xD1, 0x03, 0xD2,
    0x02, 0xAD, 0x01, 0xEA, 0x01, 0xCA, 0x01, 0xEA, 0x02, 0x2B, 0x0A, 0x8C, 0x0A, 0xED, 0x0A, 0x8C,
    0x02, 0x8C, 0x02, 0x6C, 0x12, 0xCD, 0x3B, 0xAE, 0x1B, 0x8F, 0x0B, 0x0E, 0x0B, 0x0E, 0x02, 0xCD,
    0x02, 0xAE, 0x02, 0xCF, 0x0B, 0xF2, 0x03, 0x11, 0x02, 0xEF, 0x13, 0x50, 0x02, 0xF0, 0x02, 0xEF,
    0x02, 0x4D, 0x02, 0x6E, 0x0A, 0x0C, 0x02, 0xCF, 0x02, 0xF0, 0x02, 0x4D, 0x02, 0xAE, 0x02, 0xAD,
    0x22, 0x8B, 0x1A, 0x4A, 0x0A, 0x2A, 0x02, 0xCE, 0x02, 0xAE, 0x02, 0xCF, 0x03, 0xB1, 0x0C, 0x33,
    0x01, 0x87, 0x01, 0xA8, 0x01, 0xE9, 0x02, 0x09, 0x02, 0x2A, 0x01, 0xC9, 0x01, 0xE9, 0x0A, 0x2A,
    0x0A, 0x8B, 0x02, 0x8A, 0x02, 0xCC, 0x1B, 0x2D, 0x01, 0xC9, 0x01, 0xC9, 0x02, 0x8C, 0x02, 0x6B,
    0x01, 0xC9, 0x01, 0xC8, 0x01, 0x47, 0x01, 0x47, 0x01, 0x67, 0x01, 0x46, 0x01, 0x88, 0x01, 0xA8,
    0x01, 0xE9, 0x01, 0xE9, 0x01, 0x88, 0x01, 0x67, 0x01, 0x47, 0x01, 0x87, 0x01, 0x87, 0x01, 0x87,
    0x01, 0x67, 0x01, 0x66, 0x01, 0x66, 0x01, 0x46, 0x01, 0x05, 0x01, 0x25, 0x01, 0x05, 0x01, 0x26,
    0x01, 0x26, 0x01, 0x46, 0x01, 0x46, 0x01, 0x46, 0x19, 0x85, 0x19, 0x65, 0x19, 0x64, 0x21, 0x83,
    0x31, 0xE3, 0x52, 0x42, 0x52, 0x21, 0x5A, 0x40, 0x5A, 0x20, 0x31, 0x62, 0x19, 0x85, 0x09, 0x87,
    0x01, 0x25, 0x08, 0x84, 0xD8, 0x1B, 0xF8, 0x1F, 0xF8, 0x1F, 0xF8, 0x1F, 0xF8, 0x1F, 0xF8, 0x1F,
    0xF8, 0x1F, 0xF8, 0x1F, 0xF8, 0x1F, 0xF8, 0x1F, 0xF8, 0x1F, 0xF8, 0x1F, 0xF8, 0x1F, 0xF8, 0x1F,
    0xF8, 0x1F, 0xF8, 0x1F, 0xF8, 0x1F, 0xF8, 0x1F, 0xF8, 0x1F, 0xF8, 0x1F, 0xF8, 0x1F, 0xF8, 0x1F,
    0xF8, 0x1F, 0xF0, 0x7F, 0x89, 0x16, 0x19, 0xAB, 0x02, 0x8A, 0x02, 0x2A, 0x02, 0x0A, 0x1A, 0x08,
    0x1A, 0x08, 0x02, 0x6A, 0x02, 0xEE, 0x52, 0x35, 0xD0, 0xBD, 0xF8, 0x1F, 0xF8, 0x1F, 0xF8, 0x1F,
    0xF8, 0x1F, 0xF8, 0x1F, 0xF8, 0x1F, 0xF8, 0x1F, 0xF8, 0x1F, 0xF8, 0x1F, 0xF8, 0x1F, 0xF8, 0x1F,
    0xF8, 0x1F, 0xF8, 0x1F, 0xF8, 0x1F, 0xF8, 0x1F, 0xF8, 0x1F, 0xF8, 0x1F, 0xF8, 0x1F, 0xF8, 0x1F,
    0xF8, 0x1F, 0xF8, 0x1F, 0xF8, 0x1F, 0x69, 0xF5, 0x03, 0x2E, 0x0A, 0xEF, 0x0A, 0xCE, 0x02, 0xAD,
    0x0A, 0x4C, 0x02, 0x0B, 0x01, 0xEA, 0x0A, 0x4B, 0x02, 0x4B, 0x1B, 0x4E, 0x12, 0xAD, 0x02, 0x2C,
    0x1B, 0x2F, 0x2B, 0x8F, 0x02, 0x4D, 0x14, 0x53, 0x0C, 0x12, 0x0B, 0xF2, 0x13, 0x90, 0x12, 0xCC,
    0x02, 0x6C, 0x02, 0x4C, 0x02, 0x4B, 0x02, 0x2B, 0x02, 0x2B, 0x01, 0xEA, 0x02, 0x2B, 0x0A, 0x8C,
    0x01, 0xEB, 0x01, 0xA9, 0x01, 0x07, 0x02, 0x2B, 0x13, 0x4F, 0x02, 0x4C, 0x02, 0x6E, 0x03, 0x30,
    0x0A, 0x4C, 0x0A, 0x2C, 0x01, 0xCB, 0x0A, 0x4D, 0x02, 0x8D, 0x02, 0x2C, 0x0A, 0x4C, 0x02, 0xAE,
    0x02, 0x6E, 0x0A, 0x2B, 0x02, 0x2C, 0x02, 0xCE, 0x3B, 0x2D, 0x54, 0x4F, 0x1A, 0xAC, 0x02, 0x8D,
    0x02, 0x8E, 0x02, 0xCF, 0x03, 0x0F, 0x02, 0x8E, 0x01, 0x46, 0x01, 0x87, 0x01, 0xA8, 0x02, 0x09,
    0x01, 0xC8, 0x01, 0x47, 0x01, 0x26, 0x01, 0x47, 0x01, 0x67, 0x01, 0xA8, 0x02, 0x29, 0x01, 0xE8,
    0x01, 0x67, 0x02, 0x09, 0x02, 0x6B, 0x02, 0x2A, 0x01, 0x47, 0x01, 0x67, 0x01, 0x26, 0x01, 0x06,
    0x01, 0x46, 0x01, 0x46, 0x01, 0x67, 0x01, 0xA8, 0x01, 0x46, 0x01, 0x46, 0x01, 0x06, 0x01, 0x27,
    0x01, 0x67, 0x01, 0x66, 0x01, 0x25, 0x01, 0x05, 0x00, 0xC4, 0x00, 0xC3, 0x00, 0xA3, 0x00, 0xA3,
    0x00, 0xC4, 0x00, 0xC4, 0x00, 0xE4, 0x00, 0xE4, 0x00, 0xE4, 0x09, 0x45, 0x09, 0x25, 0x11, 0x64,
    0x39, 0xE3, 0x52, 0x42, 0x5A, 0x81, 0x5A, 0x40, 0x52, 0x20, 0x52, 0x00, 0x31, 0x61, 0x29, 0x82,
    0x11, 0x64, 0x09, 0xA7, 0x01, 0xA8, 0x09, 0xA8, 0x09, 0x46, 0x01, 0x03, 0x40, 0x4A, 0xF8, 0x1F,
    0xF8, 0x1F, 0xF8, 0x1F, 0xF8, 0x1F, 0xF8, 0x1F, 0xF8, 0x1F, 0xF8, 0x1F, 0xF8, 0x1F, 0xF8, 0x1F,
    0xF8, 0x1F, 0xF8, 0x1F, 0xF8, 0x1F, 0xF8, 0x1F, 0xF8, 0x1F, 0xF8, 0x1F, 0xF8, 0x1F, 0xF8, 0x1F,
    0xF8, 0x1F, 0xF8, 0x1F, 0xF8, 0x1F, 0xF8, 0x1F, 0xF8, 0x1F, 0xF8, 0x1F, 0xF8, 0x1F, 0xE8, 0x3E,
    0x79, 0x76, 0x12, 0x8E, 0x03, 0x4D, 0x02, 0xEB, 0x02, 0x6B, 0x42, 0x12, 0xC0, 0xBC, 0xF8, 0x1F,
    0xF8, 0x1F, 0xF8, 0x1F, 0xF8, 0x1F, 0xF8, 0x1F, 0xF8, 0x1F, 0xF8, 0x1F, 0xF8, 0x1F, 0xF8, 0x1F,
    0xF8, 0x1F, 0xF8, 0x1F, 0xF8, 0x1F, 0xF8, 0x1F, 0xF8, 0x1F, 0xF8, 0x1F, 0xF8, 0x1F, 0xF8, 0x1F,
    0xF8, 0x1F, 0xF8, 0x1F, 0xF8, 0x1F, 0xF8, 0x1F, 0xF8, 0x1F, 0xF8, 0x1F, 0xE0, 0x3C, 0x22, 0x4D,
    0x0A, 0x6B, 0x1A, 0x29, 0x12, 0xCD, 0x02, 0x4C, 0x02, 0x6C, 0x0A, 0xCD, 0x0A, 0xCD, 0x1B, 0x2E,
    0x0A, 0x6C, 0x0A, 0x8C, 0x0A, 0x6C, 0x02, 0x4C, 0x13, 0x6F, 0x1B, 0x4E, 0x0A, 0x8D, 0x0A, 0xCE,
    0x0B, 0x71, 0x0B, 0xD2, 0x0B, 0xD1, 0x03, 0x2F, 0x02, 0xAD, 0x02, 0x6C, 0x02, 0x4B, 0x02, 0x4B,
    0x02, 0x4C, 0x02, 0x6C, 0x02, 0x4B, 0x02, 0x0B, 0x02, 0x4B, 0x02, 0x6B, 0x01, 0x68, 0x0A, 0x0A,
    0x02, 0x8D, 0x02, 0x4C, 0x02, 0x2B, 0x02, 0xAD, 0x02, 0xAD, 0x02, 0x0B, 0x02, 0x2B, 0x0A, 0x4C,
    0x02, 0x6D, 0x02, 0x0B, 0x02, 0x0B, 0x02, 0x2D, 0x02, 0x2C, 0x0A, 0x6D, 0x02, 0x6D, 0x02, 0x2D,
    0x02, 0x4D, 0x12, 0xAD, 0x0A, 0x6C, 0x0B, 0x71, 0x13, 0xF2, 0x03, 0x10, 0x02, 0x8F, 0x03, 0x10,
    0x01, 0x05, 0x01, 0x26, 0x01, 0x67, 0x01, 0xC8, 0x01, 0xC8, 0x01, 0x46, 0x01, 0x06, 0x01, 0x06,
    0x01, 0x46, 0x01, 0x67, 0x01, 0x26, 0x01, 0x06, 0x01, 0x47, 0x02, 0x2A, 0x02, 0x4B, 0x01, 0xC9,
    0x01, 0x47, 0x01, 0x67, 0x01, 0x46, 0x01, 0x26, 0x01, 0x26, 0x01, 0x47, 0x01, 0x67, 0x01, 0x87,
    0x00, 0xC4, 0x01, 0x05, 0x29, 0xA4, 0x39, 0xE4, 0x00, 0xC4, 0x00, 0xA3, 0x00, 0xE4, 0x00, 0xA3,
    0x00, 0xA3, 0x00, 0xA2, 0x00, 0x82, 0x00, 0xC3, 0x01, 0x04, 0x08, 0xE3, 0x19, 0x43, 0x21, 0xA4,
    0x29, 0xE4, 0x42, 0x24, 0x52, 0x63, 0x62, 0xA1, 0x6A, 0xA0, 0x5A, 0x40, 0x51, 0xE0, 0x41, 0xA1,
    0x31, 0x82, 0x29, 0x84, 0x21, 0xC6, 0x01, 0xA8, 0x01, 0xE9, 0x01, 0xC9, 0x01, 0x87, 0x11, 0xC8,
    0x09, 0xE8, 0x09, 0x46, 0x00, 0xC1, 0x58, 0x4C, 0xF8, 0x1F, 0xF8, 0x1F, 0xF8, 0x1F, 0xF8, 0x1F,
    0xF8, 0x1F, 0xF8, 0x1F, 0xF8, 0x1F, 0xF8, 0x1F, 0xF8, 0x1F, 0xF8, 0x1F, 0xF8, 0x1F, 0xF8, 0x1F,
    0xF8, 0x1F, 0xF8, 0x1F, 0xF8, 0x1F, 0xF8, 0x1F, 0xF8, 0x1F, 0xF8, 0x1F, 0xF8, 0x1F, 0xF8, 0x1F,
    0xF8, 0x1F, 0xF8, 0x1F, 0xF8, 0x1F, 0xF8, 0x1F, 0xF8, 0x1F, 0xE0, 0x7E, 0x81, 0x57, 0x71, 0xB6,
    0xB8, 0xDB, 0xF8, 0x1F, 0xF8, 0x1F, 0xF8, 0x1F, 0xF8, 0x1F, 0xF8, 0x1F, 0xF8, 0x1F, 0xF8, 0x1F,
    0xF8, 0x1F, 0xF8, 0x1F, 0xF8, 0x1F, 0xF8, 0x1F, 0xF8, 0x1F, 0xF8, 0x1F, 0xF8, 0x1F, 0xF8, 0x1F,
    0xF8, 0x1F, 0xF8, 0x1F, 0xF8, 0x1F, 0xF8, 0x1F, 0xF8, 0x1F, 0xF8, 0x1F, 0xF8, 0x1F, 0xF8, 0x1F,
    0xF8, 0x1F, 0xF8, 0x1F, 0x71, 0x75, 0x03, 0x0D, 0x12, 0xED, 0x09, 0xCA, 0x13, 0xD1, 0x02, 0xCE,
    0x0B, 0x70, 0x0B, 0x50, 0x13, 0xB1, 0x34, 0xD3, 0x13, 0x2E, 0x02, 0x6C, 0x1B, 0x4E, 0x0A, 0xAC,
    0x02, 0xAC, 0x0A, 0xEE, 0x0B, 0x0E, 0x02, 0x2C, 0x02, 0xCE, 0x0B, 0x2F, 0x03, 0x70, 0x0B, 0x91,
    0x0B, 0x2E, 0x03, 0x4F, 0x02, 0xEE, 0x02, 0xAD, 0x02, 0x8C, 0x02, 0x4B, 0x02, 0x4B, 0x0A, 0x6C,
    0x01, 0xC9, 0x12, 0xAC, 0x02, 0xCD, 0x0A, 0xED, 0x0A, 0xCD, 0x02, 0x6C, 0x02, 0x6C, 0x02, 0x8C,
    0x0A, 0xED, 0x02, 0xAD, 0x02, 0x8C, 0x02, 0xAD, 0x02, 0xEE, 0x0A, 0xCD, 0x02, 0x8D, 0x02, 0xEE,
    0x02, 0xAE, 0x02, 0x6D, 0x02, 0x6C, 0x02, 0x8D, 0x02, 0x0B, 0x01, 0x49, 0x02, 0x6D, 0x0A, 0x8E,
    0x23, 0x70, 0x02, 0xEF, 0x02, 0x8E, 0x02, 0xAE, 0x01, 0x05, 0x00, 0xE5, 0x01, 0x05, 0x01, 0x05,
    0x01, 0x67, 0x01, 0x66, 0x01, 0x26, 0x01, 0xC8, 0x09, 0xE8, 0x01, 0x87, 0x01, 0x67, 0x01, 0x46,
    0x01, 0x47, 0x01, 0xA8, 0x01, 0x68, 0x01, 0xC8, 0x01, 0xC8, 0x01, 0x47, 0x01, 0x26, 0x01, 0x25,
    0x01, 0x26, 0x01, 0x67, 0x01, 0x67, 0x01, 0x26, 0x01, 0x26, 0x00, 0xE5, 0x41, 0xE4, 0x29, 0x63,
    0x00, 0x83, 0x00, 0xA3, 0x00, 0x81, 0x08, 0xA1, 0x21, 0x42, 0x39, 0xA1, 0x39, 0xA1, 0x29, 0x61,
    0x29, 0x82, 0x41, 0xE1, 0x62, 0x60, 0x62, 0x81, 0x62, 0x80, 0x62, 0x60, 0x5A, 0x00, 0x51, 0xE0,
    0x41, 0xC1, 0x29, 0x82, 0x11, 0x44, 0x09, 0x66, 0x01, 0x87, 0x09, 0xC7, 0x19, 0xA7, 0x01, 0x67,
    0x01, 0xA8, 0x01, 0x67, 0x01, 0x47, 0x01, 0x87, 0x09, 0xA8, 0x01, 0x26, 0x00, 0xE5, 0x00, 0xC2,
    0x30, 0x68, 0xB0, 0x37, 0xF8, 0x1F, 0xF8, 0x1F, 0xF8, 0x1F, 0xF8, 0x1F, 0xF8, 0x1F, 0xF8, 0x1F,
    0xF8, 0x1F, 0xF8, 0x1F, 0xF8, 0x1F, 0xF8, 0x1F, 0xF8, 0x1F, 0xF8, 0x1F, 0xF8, 0x1F, 0xF8, 0x1F,
    0xF8, 0x1F, 0xF8, 0x1F, 0xF8, 0x1F, 0xF8, 0x1F, 0xF8, 0x1F, 0xF8, 0x1F, 0xF8, 0x1F, 0xF8, 0x1F,
    0xF8, 0x1F, 0xF8, 0x1F, 0xF8, 0x1F, 0xF8, 0x1F, 0xF8, 0x1F, 0xF8, 0x1F, 0xF8, 0x1F, 0xF8, 0x1F,
    0xF8, 0x1F, 0xF8, 0x1F, 0xF8, 0x1F, 0xF8, 0x1F, 0xF8, 0x1F, 0xF8, 0x1F, 0xF8, 0x1F, 0xF8, 0x1F,
    0xF8, 0x1F, 0xF8, 0x1F, 0xF8, 0x1F, 0xF8, 0x1F, 0xF8, 0x1F, 0xF8, 0x1F, 0xF8, 0x1F, 0xF8, 0x1F,
    0xF8, 0x1F, 0xF8, 0x1F, 0xF8, 0x1F, 0xF8, 0x1F, 0xF8, 0x1F, 0x98, 0xB7, 0x0B, 0x4E, 0x23, 0xD0,
    0x1B, 0x70, 0x0B, 0x0F, 0x0A, 0xEF, 0x02, 0x4E, 0x13, 0x51, 0x23, 0xD1, 0x02, 0x6E, 0x0B, 0x50,
    0x1B, 0xB0, 0x0A, 0x8D, 0x13, 0x2F, 0x1B, 0x6F, 0x02, 0x6C, 0x02, 0x2B, 0x02, 0x2B, 0x01, 0xEB,
    0x01, 0xCA, 0x22, 0x2A, 0x02, 0xCE, 0x02, 0xEF, 0x02, 0xEE, 0x02, 0xCE, 0x03, 0x0F, 0x02, 0xAD,
    0x02, 0x8D, 0x0A, 0xEE, 0x02, 0xCD, 0x13, 0x0E, 0x12, 0xED, 0x0A, 0xAC, 0x0A, 0x4B, 0x0A, 0x6C,
    0x0A, 0x6C, 0x02, 0x4B, 0x0A, 0x6B, 0x0A, 0x09, 0x02, 0x2B, 0x01, 0xE9, 0x09, 0xE9, 0x02, 0x4B,
    0x2B, 0x0B, 0x22, 0x69, 0x02, 0x6C, 0x02, 0x6C, 0x02, 0xAD, 0x0A, 0xED, 0x02, 0xCD, 0x0A, 0xCD,
    0x02, 0xAC, 0x02, 0x4B, 0x02, 0x6C, 0x02, 0x8D, 0x02, 0x0B, 0x02, 0x2C, 0x02, 0x8D, 0x02, 0xAD,
    0x01, 0x26, 0x01, 0x26, 0x01, 0x05, 0x00, 0xE5, 0x01, 0x05, 0x01, 0x46, 0x01, 0x87, 0x0A, 0x09,
    0x01, 0x87, 0x01, 0x27, 0x01, 0xA7, 0x01, 0x26, 0x01, 0x88, 0x01, 0xA8, 0x01, 0x88, 0x09, 0xE8,
    0x01, 0x66, 0x01, 0x26, 0x01, 0x25, 0x01, 0x26, 0x01, 0x25, 0x00, 0xE5, 0x01, 0x05, 0x00, 0xE5,
    0x01, 0x05, 0x01, 0x25, 0x00, 0xA4, 0x00, 0x62, 0x00, 0x21, 0x00, 0x41, 0x08, 0x81, 0x31, 0xA2,
    0x6A, 0xC0, 0x8B, 0x40, 0x8B, 0x40, 0x82, 0xE0, 0x6A, 0xA0, 0x6A, 0xA0, 0x6A, 0x60, 0x39, 0x81,
    0x29, 0x62, 0x31, 0x61, 0x19, 0x43, 0x11, 0x65, 0x09, 0x86, 0x01, 0x87, 0x01, 0x88, 0x01, 0x67,
    0x01, 0x46, 0x01, 0x47, 0x01, 0x87, 0x01, 0x67, 0x09, 0x66, 0x01, 0x66, 0x01, 0x47, 0x01, 0x87,
    0x01, 0x87, 0x01, 0xA8, 0x01, 0xA8, 0x01, 0x46, 0x00, 0xE3, 0x00, 0xA2, 0x38, 0x8A, 0xA0, 0x55,
    0xF0, 0x1E, 0xF8, 0x1F, 0xF8, 0x1F, 0xF8, 0x1F, 0xF8, 0x1F, 0xF8, 0x1F, 0xF8, 0x1F, 0xF8, 0x1F,
    0xF8, 0x1F, 0xF8, 0x1F, 0xF8, 0x1F, 0xF8, 0x1F, 0xF8, 0x1F, 0xF8, 0x1F, 0xF8, 0x1F, 0xF8, 0x1F,
    0xF8, 0x1F, 0xF8, 0x1F, 0xF8, 0x1F, 0xF8, 0x1F, 0xF8, 0x1F, 0xF8, 0x1F, 0xF8, 0x1F, 0xF8, 0x1F,
    0xF8, 0x1F, 0xF8, 0x1F, 0xF8, 0x1F, 0xF8, 0x1F, 0xF8, 0x1F, 0xF8, 0x1F, 0xF8, 0x1F, 0xF8, 0x1F,
    0xF8, 0x1F, 0xF8, 0x1F, 0xF8, 0x1F, 0xF8, 0x1F, 0xF8, 0x1F, 0xF8, 0x1F, 0xF8, 0x1F, 0xF8, 0x1F,
    0xF8, 0x1F, 0xF8, 0x1F, 0xF8, 0x1F, 0xF8, 0x1F, 0xF8, 0x1F, 0xF8, 0x1F, 0xF8, 0x1F, 0xF8, 0x1F,
    0x98, 0x55, 0x02, 0x4C, 0x02, 0x6C, 0x02, 0x4C, 0x02, 0xCF, 0x0B, 0x50, 0x02, 0xCF, 0x14, 0x54,
    0x0B, 0x91, 0x23, 0xB1, 0x0B, 0x2F, 0x02, 0xEF, 0x03, 0x0F, 0x0A, 0xAE, 0x02, 0xCE, 0x02, 0x8E,
    0x0B, 0x10, 0x0A, 0x6D, 0x02, 0x4C, 0x0A, 0x4B, 0x02, 0x0A, 0x12, 0xEE, 0x23, 0xF1, 0x02, 0xAE,
    0x02, 0x8D, 0x13, 0x50, 0x0A, 0xEE, 0x02, 0x6D, 0x02, 0xCE, 0x23, 0x90, 0x0B, 0x2F, 0x02, 0xEE,
    0x02, 0x8D, 0x02, 0x0B, 0x0A, 0x0A, 0x12, 0xED, 0x12, 0x6B, 0x12, 0x2A, 0x0A, 0x2A, 0x1A, 0xED,
    0x12, 0x6B, 0x0A, 0x29, 0x12, 0x4A, 0x1A, 0x4A, 0x11, 0xA8, 0x11, 0xE9, 0x09, 0xA8, 0x02, 0x0A,
    0x02, 0x2B, 0x01, 0xC9, 0x02, 0x0A, 0x02, 0x4B, 0x02, 0x0A, 0x02, 0x4B, 0x12, 0x6B, 0x02, 0x6B,
    0x02, 0x6B, 0x02, 0x6C, 0x12, 0xED, 0x0A, 0x6B, 0x01, 0x26, 0x01, 0x26, 0x01, 0x26, 0x01, 0x46,
    0x01, 0x66, 0x01, 0x46, 0x01, 0x47, 0x01, 0x26, 0x01, 0x47, 0x01, 0x87, 0x01, 0x26, 0x01, 0x67,
    0x01, 0xC8, 0x01, 0x88, 0x01, 0x67, 0x01, 0x26, 0x01, 0x05, 0x01, 0x25, 0x01, 0x25, 0x00, 0xE4,
    0x00, 0xA3, 0x11, 0x22, 0x19, 0x42, 0x11, 0x02, 0x11, 0x22, 0x08, 0xE2, 0x10, 0xC2, 0x21, 0x01,
    0x31, 0x80, 0x31, 0x81, 0x41, 0xC1, 0x6A, 0x80, 0x8B, 0x00, 0x7A, 0xA0, 0x51, 0xE0, 0x41, 0x80,
    0x31, 0x40, 0x21, 0x21, 0x18, 0xE2, 0x09, 0x25, 0x01, 0x26, 0x01, 0x46, 0x21, 0xA7, 0x01, 0x88,
    0x01, 0x67, 0x01, 0x47, 0x01, 0x47, 0x01, 0x66, 0x01, 0x26, 0x01, 0x26, 0x01, 0x66, 0x01, 0x26,
    0x01, 0x26, 0x01, 0x47, 0x01, 0x47, 0x01, 0xA9, 0x01, 0xE9, 0x02, 0x2B, 0x02, 0x0A, 0x01, 0xE9,
    0x01, 0xE9, 0x01, 0x88, 0x01, 0x44, 0x00, 0xE3, 0x20, 0xA7, 0x80, 0x72, 0xE0, 0x1C, 0xF8, 0x1F,
    0xF8, 0x1F, 0xF8, 0x1F, 0xF8, 0x1F, 0xF8, 0x1F, 0xF8, 0x1F, 0xF8, 0x1F, 0xF8, 0x1F, 0xF8, 0x1F,
    0xF8, 0x1F, 0xF8, 0x1F, 0xF8, 0x1F, 0xF8, 0x1F, 0xF8, 0x1F, 0xF8, 0x1F, 0xF8, 0x1F, 0xF8, 0x1F,
    0xF8, 0x1F, 0xF8, 0x1F, 0xF8, 0x1F, 0xF8, 0x1F, 0xF8, 0x1F, 0xF8, 0x1F, 0xF8, 0x1F, 0xF8, 0x1F,
    0xF8, 0x1F, 0xF8, 0x1F, 0xF8, 0x1F, 0xF8, 0x1F, 0xF8, 0x1F, 0xF8, 0x1F, 0xF8, 0x1F, 0xF8, 0x1F,
    0xF8, 0x1F, 0xF8, 0x1F, 0xF8, 0x1F, 0xF8, 0x1F, 0xF8, 0x1F, 0xF8, 0x1F, 0xF8, 0x1F, 0xF8, 0x1F,
    0xF8, 0x1F, 0xF8, 0x1F, 0xC8, 0x1A, 0x40, 0xCD, 0x02, 0x6A, 0x02, 0xAD, 0x01, 0xCC, 0x02, 0x6D,
    0x0B, 0x0F, 0x0A, 0xEF, 0x13, 0x90, 0x1B, 0xD1, 0x1B, 0xB0, 0x0B, 0x70, 0x13, 0x70, 0x1B, 0xB0,
    0x1B, 0x90, 0x0A, 0xEE, 0x03, 0x0E, 0x02, 0xCE, 0x1B, 0xD1, 0x13, 0x2F, 0x02, 0x8E, 0x1A, 0x8C,
    0x12, 0xAD, 0x02, 0xAD, 0x12, 0x4B, 0x09, 0x88, 0x02, 0xAD, 0x13, 0x4F, 0x0A, 0x8D, 0x1B, 0x70,
    0x23, 0xD1, 0x02, 0xCE, 0x13, 0x2F, 0x1B, 0x6F, 0x13, 0x4F, 0x01, 0xEB, 0x02, 0x2B, 0x02, 0x8C,
    0x12, 0xED, 0x0A, 0xCD, 0x12, 0x8B, 0x1B, 0x0D, 0x1A, 0x69, 0x6A, 0xC4, 0x11, 0xC7, 0x4A, 0xA7,
    0x22, 0xAB, 0x0A, 0x6A, 0x22, 0x28, 0x2A, 0x48, 0x42, 0x87, 0x01, 0x88, 0x01, 0x47, 0x01, 0xE9,
    0x0A, 0x4B, 0x12, 0x8B, 0x22, 0x69, 0x1A, 0xED, 0x12, 0xCD, 0x12, 0x6A, 0x21, 0xE8, 0x2A, 0x28,
    0x01, 0x25, 0x01, 0x05, 0x01, 0x25, 0x01, 0x26, 0x01, 0x46, 0x01, 0x47, 0x01, 0x87, 0x01, 0x87,
    0x01, 0x67, 0x01, 0x67, 0x01, 0xA8, 0x01, 0xC9, 0x01, 0x47, 0x01, 0x06, 0x01, 0x05, 0x00, 0xE4,
    0x00, 0xA3, 0x00, 0x83, 0x00, 0xC3, 0x11, 0x01, 0x52, 0x00, 0x6A, 0xA0, 0x5A, 0x00, 0x52, 0x00,
    0x52, 0x00, 0x41, 0xC0, 0x39, 0xA0, 0x52, 0x20, 0x62, 0x60, 0x49, 0xC0, 0x41, 0x80, 0x51, 0xC0,
    0x41, 0xA0, 0x21, 0x42, 0x11, 0x44, 0x09, 0x45, 0x01, 0x05, 0x01, 0x05, 0x01, 0x26, 0x01, 0x67,
    0x01, 0x47, 0x01, 0x67, 0x09, 0x87, 0x01, 0x67, 0x01, 0x26, 0x01, 0x26, 0x01, 0x25, 0x01, 0x25,
    0x01, 0x05, 0x01, 0x26, 0x01, 0xC8, 0x01, 0xA8, 0x01, 0x68, 0x01, 0x89, 0x01, 0xA9, 0x01, 0xAA,
    0x0A, 0x29, 0x22, 0x49, 0x02, 0x0A, 0x02, 0x4B, 0x02, 0x0A, 0x01, 0xEA, 0x01, 0xA9, 0x01, 0x88,
    0x01, 0x25, 0x01, 0x03, 0x08, 0xA4, 0x58, 0x4D, 0xC0, 0x39, 0xF8, 0x1F, 0xF8, 0x1F, 0xF8, 0x1F,
    0xF8, 0x1F, 0xF8, 0x1F, 0xF8, 0x1F, 0xF8, 0x1F, 0xF8, 0x1F, 0xF8, 0x1F, 0xF8, 0x1F, 0xF8, 0x1F,
    0xF8, 0x1F, 0xF8, 0x1F, 0xF8, 0x1F, 0xF8, 0x1F, 0xF8, 0x1F, 0xF8, 0x1F, 0xF8, 0x1F, 0xF8, 0x1F,
    0xF8, 0x1F, 0xF8, 0x1F, 0xF8, 0x1F, 0xF8, 0x1F, 0xF8, 0x1F, 0xF8, 0x1F, 0xF8, 0x1F, 0xF8, 0x1F,
    0xF8, 0x1F, 0xF8, 0x1F, 0xF8, 0x1F, 0xF8, 0x1F, 0xF8, 0x1F, 0xF8, 0x1F, 0xF8, 0x1F, 0xF8, 0x1F,
    0xF8, 0x1F, 0xF8, 0x1F, 0xF8, 0x1F, 0xF8, 0x1F, 0xB8, 0x38, 0x50, 0x6C, 0x01, 0x26, 0x02, 0x29,
    0x02, 0xAD, 0x02, 0xAD, 0x0A, 0xAD, 0x0A, 0xEE, 0x0A, 0xCD, 0x0A, 0x8C, 0x0A, 0x8D, 0x0A, 0xCD,
    0x22, 0xCC, 0x1B, 0x6F, 0x1B, 0x4E, 0x13, 0x2E, 0x13, 0x0D, 0x0A, 0xCD, 0x13, 0x0D, 0x13, 0x0D,
    0x0A, 0x8C, 0x0A, 0xEE, 0x0B, 0x50, 0x0B, 0x50, 0x02, 0x8D, 0x02, 0x2D, 0x1B, 0x0E, 0x12, 0x6B,
    0x02, 0x8D, 0x02, 0xAE, 0x0A, 0xAF, 0x03, 0x0F, 0x02, 0xAE, 0x0A, 0xAE, 0x02, 0xCE, 0x0A, 0x8E,
    0x44, 0xF4, 0x2C, 0x32, 0x0A, 0x8C, 0x02, 0xAE, 0x02, 0xAD, 0x0A, 0xCD, 0x02, 0x8C, 0x0A, 0x6B,
    0x1A, 0x08, 0x19, 0xE7, 0x22, 0x48, 0x31, 0xE6, 0x11, 0xE8, 0x22, 0x08, 0x2A, 0x28, 0x0A, 0x09,
    0x32, 0x48, 0x2A, 0x89, 0x12, 0x29, 0x32, 0xA9, 0x2B, 0x8E, 0x4A, 0xE8, 0x11, 0x04, 0x22, 0x09,
    0x34, 0x11, 0x3B, 0x0A, 0x3A, 0x89, 0x22, 0x8A, 0x00, 0xE4, 0x00, 0xE4, 0x00, 0xE5, 0x00, 0xE5,
    0x00, 0xE5, 0x00, 0xE5, 0x21, 0x85, 0x19, 0xA6, 0x01, 0x67, 0x01, 0x67, 0x01, 0xC8, 0x01, 0x67,
    0x01, 0x26, 0x01, 0x26, 0x00, 0xA3, 0x00, 0x62, 0x10, 0xE1, 0x29, 0x61, 0x41, 0xC0, 0x49, 0xC0,
    0x5A, 0x20, 0x52, 0x00, 0x39, 0x80, 0x39, 0x60, 0x39, 0x60, 0x39, 0x60, 0x31, 0x60, 0x21, 0x21,
    0x11, 0x02, 0x10, 0xE2, 0x08, 0xA2, 0x11, 0x24, 0x09, 0x45, 0x01, 0x87, 0x01, 0x67, 0x01, 0x67,
    0x01, 0x67, 0x01, 0x66, 0x01, 0x46, 0x01, 0x05, 0x00, 0xE5, 0x01, 0x25, 0x01, 0x25, 0x00, 0xE5,
    0x01, 0x05, 0x01, 0x05, 0x00, 0xE5, 0x09, 0x46, 0x01, 0x88, 0x01, 0x47, 0x01, 0x47, 0x01, 0xA9,
    0x01, 0x89, 0x01, 0xA9, 0x01, 0xE9, 0x01, 0xEA, 0x0A, 0x2A, 0x22, 0x6A, 0x02, 0x4B, 0x02, 0x0A,
    0x01, 0xEA, 0x12, 0x4A, 0x02, 0x4A, 0x01, 0xE9, 0x09, 0xA8, 0x09, 0x67, 0x01, 0x25, 0x01, 0x64,
    0x01, 0x24, 0x38, 0xAA, 0xA0, 0x55, 0xF0, 0x1E, 0xF8, 0x1F, 0xF8, 0x1F, 0xF8, 0x1F, 0xF8, 0x1F,
    0xF8, 0x1F, 0xF8, 0x1F, 0xF8, 0x1F, 0xF8, 0x1F, 0xF8, 0x1F, 0xF8, 0x1F, 0xF8, 0x1F, 0xF8, 0x1F,
    0xF8, 0x1F, 0xF8, 0x1F, 0xF8, 0x1F, 0xF8, 0x1F, 0xF8, 0x1F, 0xF8, 0x1F, 0xF8, 0x1F, 0xF8, 0x1F,
    0xF8, 0x1F, 0xF8, 0x1F, 0xF8, 0x1F, 0xF8, 0x1F, 0xF8, 0x1F, 0xF8, 0x1F, 0xF8, 0x1F, 0xF8, 0x1F,
    0xF8, 0x1F, 0xF8, 0x1F, 0xF8, 0x1F, 0xF8, 0x1F, 0xF8, 0x1F, 0xF0, 0x1E, 0xA0, 0x55, 0x38, 0x89,
    0x00, 0xE4, 0x01, 0x86, 0x02, 0x2A, 0x0A, 0x4B, 0x12, 0xCC, 0x0A, 0x6C, 0x12, 0xAC, 0x12, 0xED,
    0x0A, 0x6B, 0x02, 0x2B, 0x02, 0x4B, 0x02, 0x8C, 0x12, 0xCD, 0x1B, 0x4E, 0x12, 0xCC, 0x01, 0x68,
    0x0A, 0x4B, 0x0A, 0xED, 0x0A, 0x4C, 0x0A, 0x2B, 0x0A, 0xAC, 0x0A, 0xCD, 0x0A, 0xED, 0x12, 0xEE,
    0x0A, 0xEE, 0x1B, 0x50, 0x23, 0x90, 0x02, 0xAE, 0x0A, 0xAE, 0x0A, 0xAE, 0x13, 0x4F, 0x0A, 0xCD,
    0x02, 0x8D, 0x0A, 0xEE, 0x02, 0xCE, 0x1B, 0x50, 0x2C, 0x11, 0x1B, 0x2F, 0x02, 0x8D, 0x02, 0x6D,
    0x02, 0x6D, 0x02, 0x8D, 0x02, 0xAD, 0x0A, 0x4C, 0x12, 0xEE, 0x0A, 0xCD, 0x0A, 0xED, 0x12, 0x6B,
    0x12, 0x8C, 0x22, 0xEC, 0x22, 0xEB, 0x13, 0x90, 0x0B, 0x2F, 0x2A, 0x49, 0x09, 0x87, 0x33, 0x6D,
    0x54, 0xF2, 0x3A, 0xA9, 0x72, 0x81, 0x29, 0x23, 0x23, 0x0D, 0x0A, 0x09, 0x42, 0x86, 0x8B, 0xA5,
    0x08, 0xC2, 0x00, 0xA2, 0x00, 0xA2, 0x00, 0xA2, 0x00, 0xA2, 0x00, 0x41, 0x00, 0x41, 0x00, 0xA3,
    0x00, 0xC3, 0x00, 0xA4, 0x01, 0x05, 0x01, 0x05, 0x00, 0xC4, 0x00, 0xA3, 0x00, 0x82, 0x31, 0x81,
    0x49, 0xE0, 0x49, 0xC0, 0x39, 0x80, 0x31, 0x82, 0x19, 0x22, 0x08, 0xC2, 0x08, 0xE3, 0x08, 0xE3,
    0x11, 0x24, 0x09, 0x24, 0x11, 0x65, 0x11, 0x65, 0x09, 0x87, 0x01, 0x87, 0x01, 0x87, 0x01, 0x67,
    0x01, 0x47, 0x01, 0x46, 0x01, 0x05, 0x01, 0x05, 0x00, 0xE5, 0x31, 0xA3, 0x21, 0x85, 0x00, 0xE6,
    0x09, 0x25, 0x01, 0x67, 0x01, 0x88, 0x01, 0xA9, 0x01, 0xA9, 0x01, 0x88, 0x11, 0xA8, 0x01, 0x88,
    0x01, 0x88, 0x01, 0xA9, 0x01, 0xA9, 0x02, 0x0A, 0x02, 0x0A, 0x01, 0xEA, 0x02, 0x0A, 0x02, 0x2B,
    0x02, 0x0B, 0x0A, 0xED, 0x13, 0x2D, 0x12, 0xAC, 0x02, 0x0A, 0x01, 0xC9, 0x01, 0xA9, 0x02, 0x0A,
    0x12, 0x2A, 0x0A, 0x09, 0x01, 0xE9, 0x09, 0xC8, 0x01, 0x26, 0x01, 0x85, 0x01, 0x23, 0x20, 0xC7,
    0x80, 0x92, 0xE0, 0x3C, 0xF8, 0x1F, 0xF8, 0x1F, 0xF8, 0x1F, 0xF8, 0x1F, 0xF8, 0x1F, 0xF8, 0x1F,
    0xF8, 0x1F, 0xF8, 0x1F, 0xF8, 0x1F, 0xF8, 0x1F, 0xF8, 0x1F, 0xF8, 0x1F, 0xF8, 0x1F, 0xF8, 0x1F,
    0xF8, 0x1F, 0xF8, 0x1F, 0xF8, 0x1F, 0xF8, 0x1F, 0xF8, 0x1F, 0xF8, 0x1F, 0xF8, 0x1F, 0xF8, 0x1F,
    0xF8, 0x1F, 0xF8, 0x1F, 0xF8, 0x1F, 0xF8, 0x1F, 0xF8, 0x1F, 0xF8, 0x1F, 0xF8, 0x1F, 0xE0, 0x1C,
    0x80, 0x52, 0x20, 0x66, 0x00, 0xE3, 0x01, 0x87, 0x02, 0x0B, 0x0A, 0x6D, 0x02, 0x0A, 0x01, 0xEA,
    0x02, 0x2B, 0x02, 0x4B, 0x02, 0x0A, 0x01, 0xEA, 0x02, 0x0A, 0x02, 0x4B, 0x0A, 0x6B, 0x02, 0x2A,
    0x09, 0xEA, 0x09, 0xC9, 0x02, 0x0A, 0x09, 0xC9, 0x01, 0xEA, 0x13, 0x0E, 0x13, 0x4E, 0x0A, 0x8C,
    0x02, 0x8C, 0x02, 0x8C, 0x0A, 0x8B, 0x12, 0x8B, 0x0A, 0x8C, 0x0B, 0x2E, 0x02, 0x8D, 0x02, 0x8D,
    0x02, 0x8D, 0x02, 0x6C, 0x01, 0xEA, 0x01, 0xCA, 0x02, 0x4B, 0x02, 0x6C, 0x02, 0x2B, 0x02, 0x0B,
    0x09, 0xEA, 0x01, 0x89, 0x02, 0x2C, 0x02, 0x4C, 0x02, 0xAD, 0x0B, 0x2F, 0x02, 0xCE, 0x02, 0xCE,
    0x02, 0xEF, 0x33, 0x8D, 0x4B, 0x4B, 0x02, 0x8D, 0x0A, 0x4B, 0x0A, 0x0B, 0x02, 0x8D, 0x1B, 0x2E,
    0x4B, 0x6C, 0x02, 0xCD, 0x1A, 0xAC, 0x53, 0x4B, 0x43, 0xEF, 0x01, 0xA8, 0x52, 0x23, 0x3A, 0x05,
    0x02, 0x2B, 0x0A, 0x6B, 0x5B, 0x69, 0xD4, 0xC5, 0x39, 0x40, 0x49, 0x80, 0x31, 0x40, 0x18, 0xE0,
    0x20, 0xE0, 0x08, 0x40, 0x18, 0x80, 0x29, 0x00, 0x10, 0xC0, 0x10, 0xE1, 0x19, 0x02, 0x10, 0xC1,
    0x10, 0xA1, 0x21, 0x00, 0x31, 0x40, 0x41, 0xA0, 0x29, 0x41, 0x21, 0x43, 0x21, 0x84, 0x01, 0x87,
    0x01, 0x67, 0x01, 0x47, 0x01, 0x67, 0x01, 0x67, 0x01, 0x26, 0x01, 0x46, 0x11, 0x66, 0x19, 0x86,
    0x39, 0xE5, 0x01, 0x25, 0x01, 0x25, 0x01, 0x05, 0x01, 0x05, 0x11, 0x45, 0x01, 0x05, 0x01, 0x05,
    0x01, 0x47, 0x19, 0xA6, 0x12, 0x09, 0x01, 0xEA, 0x09, 0xE9, 0x09, 0xC9, 0x01, 0xA9, 0x01, 0x89,
    0x01, 0x89, 0x22, 0x08, 0x12, 0x09, 0x01, 0xC9, 0x01, 0xEA, 0x02, 0x0A, 0x02, 0x2A, 0x02, 0x2A,
    0x01, 0xEA, 0x01, 0xCA, 0x02, 0x2B, 0x02, 0x4B, 0x01, 0xEA, 0x02, 0x4A, 0x0A, 0xCC, 0x0A, 0x6B,
    0x02, 0x0A, 0x02, 0x0A, 0x01, 0xEA, 0x02, 0x0A, 0x0A, 0x6B, 0x02, 0x4A, 0x0A, 0x8B, 0x12, 0xCC,
    0x12, 0x4A, 0x09, 0x88, 0x09, 0xC8, 0x01, 0xC7, 0x01, 0x84, 0x08, 0xE5, 0x60, 0x6D, 0xC0, 0x39,
    0xF8, 0x1F, 0xF8, 0x1F, 0xF8, 0x1F, 0xF8, 0x1F, 0xF8, 0x1F, 0xF8, 0x1F, 0xF8, 0x1F, 0xF8, 0x1F,
    0xF8, 0x1F, 0xF8, 0x1F, 0xF8, 0x1F, 0xF8, 0x1F, 0xF8, 0x1F, 0xF8, 0x1F, 0xF8, 0x1F, 0xF8, 0x1F,
    0xF8, 0x1F, 0xF8, 0x1F, 0xF8, 0x1F, 0xF8, 0x1F, 0xF8, 0x1F, 0xF8, 0x1F, 0xF8, 0x1F, 0xF8, 0x1F,
    0xF8, 0x1F, 0xD0, 0x1A, 0x68, 0x4E, 0x08, 0xC6, 0x01, 0xA6, 0x02, 0x29, 0x1B, 0x0E, 0x13, 0x2F,
    0x13, 0x2E, 0x13, 0x0E, 0x13, 0x4F, 0x02, 0xAD, 0x02, 0x8C, 0x02, 0x4C, 0x02, 0x2B, 0x12, 0xAC,
    0x0A, 0x4B, 0x0A, 0x8B, 0x02, 0x2A, 0x1A, 0xAC, 0x09, 0xE9, 0x09, 0xC9, 0x0A, 0x6B, 0x02, 0x0A,
    0x01, 0xC9, 0x01, 0xEA, 0x0A, 0xAC, 0x12, 0xED, 0x0A, 0xAC, 0x0A, 0x4B, 0x02, 0x2B, 0x02, 0x2B,
    0x02, 0x2B, 0x02, 0x8D, 0x0A, 0xAD, 0x02, 0x6C, 0x02, 0x6B, 0x02, 0x2B, 0x02, 0x6C, 0x01, 0xEA,
    0x02, 0x0B, 0x02, 0x2B, 0x01, 0xEA, 0x02, 0x0B, 0x02, 0x2B, 0x0A, 0xEE, 0x0A, 0x8D, 0x02, 0x4B,
    0x01, 0xCA, 0x0A, 0xAD, 0x02, 0xCE, 0x02, 0xAD, 0x02, 0xCE, 0x0A, 0xED, 0x22, 0xAB, 0x0B, 0x0E,
    0x33, 0xB0, 0x0A, 0x6D, 0x02, 0xEE, 0x02, 0x4C, 0x12, 0x4B, 0x0A, 0x6C, 0x02, 0x4C, 0x23, 0x70,
    0x2B, 0xD0, 0x03, 0x0F, 0x3B, 0x2A, 0x8B, 0xE9, 0x02, 0xAD, 0x12, 0xED, 0x13, 0x0E, 0x3B, 0x6D,
    0x11, 0x02, 0x41, 0xC2, 0x21, 0x43, 0x01, 0x25, 0x09, 0x65, 0x08, 0xC2, 0x18, 0xE1, 0x21, 0x42,
    0x11, 0x43, 0x19, 0x43, 0x29, 0x43, 0x11, 0x03, 0x11, 0x23, 0x19, 0x64, 0x19, 0x85, 0x09, 0x25,
    0x11, 0x45, 0x11, 0x65, 0x09, 0x25, 0x00, 0xE5, 0x00, 0xE5, 0x01, 0x05, 0x01, 0x05, 0x00, 0xE5,
    0x00, 0xC5, 0x00, 0xE5, 0x00, 0xE5, 0x01, 0x06, 0x01, 0x67, 0x01, 0x67, 0x09, 0x66, 0x01, 0x47,
    0x01, 0x47, 0x09, 0x67, 0x01, 0x26, 0x01, 0x68, 0x02, 0x0B, 0x01, 0xCB, 0x01, 0xAA, 0x01, 0xC9,
    0x01, 0x68, 0x01, 0xA8, 0x01, 0xE9, 0x01, 0xE9, 0x01, 0xEA, 0x0A, 0x6A, 0x01, 0xE9, 0x02, 0x0A,
    0x01, 0xEA, 0x01, 0xC9, 0x02, 0x4B, 0x02, 0x6C, 0x02, 0x4C, 0x02, 0x0B, 0x02, 0x4B, 0x02, 0x4B,
    0x01, 0x68, 0x0A, 0x4B, 0x13, 0x2E, 0x0A, 0xCD, 0x0A, 0xED, 0x02, 0x4B, 0x02, 0x4B, 0x01, 0xEA,
    0x01, 0xEA, 0x01, 0xA8, 0x01, 0xC8, 0x12, 0x8B, 0x23, 0x8E, 0x0A, 0x8B, 0x02, 0x4B, 0x01, 0xA8,
    0x09, 0x88, 0x01, 0x86, 0x01, 0x65, 0x01, 0x25, 0x30, 0xA9, 0x98, 0x34, 0xF8, 0x1F, 0xF8, 0x1F,
    0xF8, 0x1F, 0xF8, 0x1F, 0xF8, 0x1F, 0xF8, 0x1F, 0xF8, 0x1F, 0xF8, 0x1F, 0xF8, 0x1F, 0xF8, 0x1F,
    0xF8, 0x1F, 0xF8, 0x1F, 0xF8, 0x1F, 0xF8, 0x1F, 0xF8, 0x1F, 0xF8, 0x1F, 0xF8, 0x1F, 0xF8, 0x1F,
    0xF8, 0x1F, 0xF8, 0x1F, 0xF8, 0x1F, 0xB8, 0x18, 0x50, 0x8C, 0x01, 0x05, 0x01, 0x86, 0x0B, 0x0D,
    0x0B, 0x0F, 0x13, 0x90, 0x13, 0x6F, 0x1B, 0x2F, 0x12, 0xCD, 0x0A, 0xEE, 0x13, 0x2E, 0x02, 0xAD,
    0x1B, 0x6F, 0x13, 0x0E, 0x02, 0xAD, 0x0A, 0xCD, 0x0A, 0x2B, 0x09, 0xEA, 0x0A, 0x2B, 0x0A, 0x4B,
    0x0A, 0x0A, 0x0A, 0x4B, 0x12, 0xAD, 0x12, 0xCD, 0x12, 0x8C, 0x01, 0xC9, 0x02, 0x4B, 0x0A, 0x6B,
    0x0A, 0x0A, 0x0A, 0x6B, 0x0A, 0x8B, 0x0A, 0x4B, 0x0A, 0x2B, 0x02, 0x4B, 0x02, 0x6C, 0x02, 0x2B,
    0x02, 0x2A, 0x02, 0x0A, 0x02, 0x0A, 0x02, 0x4B, 0x0A, 0x8C, 0x02, 0x0A, 0x02, 0x0B, 0x0A, 0x8D,
    0x1B, 0x6F, 0x12, 0xEE, 0x12, 0xED, 0x0A, 0x2B, 0x02, 0x4B, 0x02, 0x0B, 0x02, 0x8D, 0x02, 0x4C,
    0x02, 0x8D, 0x03, 0x0F, 0x02, 0xEE, 0x0B, 0x0E, 0x13, 0x90, 0x13, 0xB1, 0x0B, 0x91, 0x0B, 0x2F,
    0x0B, 0x70, 0x2B, 0xAF, 0x0B, 0x30, 0x0B, 0x50, 0x03, 0x2F, 0x03, 0x70, 0x03, 0x0F, 0x12, 0x8D,
    0x0A, 0xAD, 0x02, 0x6D, 0x02, 0x4B, 0x03, 0x0F, 0x00, 0xE5, 0x01, 0x05, 0x01, 0x26, 0x01, 0x46,
    0x01, 0x46, 0x01, 0x46, 0x01, 0x26, 0x01, 0x26, 0x01, 0x06, 0x01, 0x05, 0x01, 0x05, 0x01, 0x05,
    0x00, 0xC5, 0x00, 0xC5, 0x00, 0xE5, 0x00, 0xE5, 0x11, 0x45, 0x09, 0x04, 0x00, 0xE4, 0x00, 0xC4,
    0x00, 0xE5, 0x01, 0x05, 0x00, 0xE5, 0x01, 0x06, 0x01, 0x26, 0x19, 0x65, 0x09, 0x87, 0x01, 0x88,
    0x01, 0xA9, 0x01, 0xC9, 0x01, 0xA9, 0x01, 0xC9, 0x01, 0xA9, 0x01, 0x68, 0x01, 0x47, 0x09, 0x67,
    0x01, 0x88, 0x01, 0x88, 0x01, 0x88, 0x01, 0x88, 0x01, 0xC9, 0x01, 0xE9, 0x01, 0xC9, 0x01, 0xC9,
    0x01, 0xE9, 0x01, 0xC9, 0x01, 0xA8, 0x01, 0xA9, 0x02, 0x2B, 0x02, 0x8C, 0x02, 0x8C, 0x02, 0x4C,
    0x02, 0x2B, 0x0A, 0x4B, 0x12, 0xAC, 0x01, 0x68, 0x12, 0xAC, 0x2C, 0x92, 0x2B, 0xF1, 0x24, 0x10,
    0x12, 0xED, 0x02, 0x8C, 0x02, 0x4B, 0x02, 0x4B, 0x02, 0x0A, 0x02, 0x0A, 0x01, 0xC8, 0x0A, 0x09,
    0x1A, 0xCB, 0x23, 0xAF, 0x34, 0x72, 0x1B, 0x0E, 0x01, 0xCA, 0x0A, 0x2B, 0x02, 0x6A, 0x01, 0xA7,
    0x01, 0x06, 0x68, 0x6F, 0xF8, 0x1F, 0xF8, 0x1F, 0xF8, 0x1F, 0xF8, 0x1F, 0xF8, 0x1F, 0xF8, 0x1F,
    0xF8, 0x1F, 0xF8, 0x1F, 0xF8, 0x1F, 0xF8, 0x1F, 0xF8, 0x1F, 0xF8, 0x1F, 0xF8, 0x1F, 0xF8, 0x1F,
    0xF8, 0x1F, 0xF8, 0x1F, 0xF8, 0x1F, 0xF8, 0x1F, 0xF0, 0x1E, 0xA0, 0x35, 0x38, 0xAA, 0x01, 0xA7,
    0x02, 0x8A, 0x02, 0xCE, 0x0B, 0x51, 0x13, 0xF2, 0x03, 0x10, 0x03, 0x4F, 0x03, 0x2F, 0x02, 0xEE,
    0x02, 0x2C, 0x02, 0x6D, 0x0A, 0xEE, 0x02, 0xCE, 0x02, 0x8D, 0x02, 0x4D, 0x02, 0xAE, 0x0A, 0xCE,
    0x02, 0x8D, 0x0A, 0xAD, 0x13, 0x0E, 0x0A, 0xAC, 0x0A, 0xAD, 0x13, 0x0E, 0x0A, 0x8C, 0x02, 0x4B,
    0x0A, 0x8C, 0x02, 0x6C, 0x12, 0x6B, 0x01, 0xEA, 0x0A, 0xCD, 0x0A, 0x6B, 0x02, 0x2A, 0x01, 0xEA,
    0x02, 0x4B, 0x12, 0x4B, 0x12, 0x4A, 0x0A, 0xAC, 0x02, 0x2A, 0x02, 0x2B, 0x02, 0x2B, 0x02, 0x0A,
    0x0A, 0x6C, 0x02, 0x0A, 0x01, 0xCA, 0x0A, 0x2B, 0x01, 0xCA, 0x02, 0x2B, 0x02, 0x4C, 0x0A, 0xCE,
    0x0A, 0xAC, 0x01, 0xA9, 0x02, 0x0A, 0x0A, 0xAD, 0x02, 0x4B, 0x02, 0x2B, 0x02, 0x6C, 0x02, 0xCE,
    0x0B, 0x70, 0x13, 0x90, 0x02, 0x6D, 0x1B, 0x2F, 0x13, 0xB1, 0x0B, 0x90, 0x0B, 0x70, 0x1B, 0xF2,
    0x1C, 0x53, 0x13, 0xB1, 0x13, 0xD1, 0x0B, 0x70, 0x1B, 0x4F, 0x0A, 0xCE, 0x1A, 0xCD, 0x23, 0x4E,
    0x00, 0xE5, 0x00, 0xE5, 0x00, 0xE5, 0x00, 0xC5, 0x00, 0xA5, 0x00, 0xC5, 0x00, 0xC5, 0x00, 0xC5,
    0x00, 0xE5, 0x01, 0x06, 0x01, 0x46, 0x01, 0x06, 0x00, 0xC5, 0x00, 0x83, 0x00, 0xA4, 0x00, 0xC4,
    0x01, 0x46, 0x01, 0x26, 0x01, 0x27, 0x01, 0x69, 0x01, 0x69, 0x01, 0x48, 0x01, 0x27, 0x01, 0x68,
    0x01, 0xA8, 0x19, 0xE8, 0x0A, 0x0A, 0x01, 0xEA, 0x02, 0x0A, 0x01, 0xE9, 0x02, 0x0A, 0x02, 0x0A,
    0x01, 0xC9, 0x01, 0xA9, 0x01, 0xA8, 0x01, 0xA8, 0x01, 0xA8, 0x01, 0x88, 0x01, 0xC9, 0x01, 0xEA,
    0x02, 0x0A, 0x01, 0xEA, 0x01, 0xEA, 0x01, 0xEA, 0x01, 0xCA, 0x01, 0xEA, 0x01, 0xEA, 0x02, 0x0B,
    0x02, 0x6C, 0x02, 0x2B, 0x09, 0xE9, 0x01, 0xCA, 0x01, 0x68, 0x01, 0xA9, 0x01, 0xEA, 0x01, 0xC9,
    0x34, 0x31, 0x34, 0x30, 0x1B, 0x6F, 0x13, 0x0D, 0x12, 0xEC, 0x02, 0x0A, 0x02, 0x0A, 0x02, 0x2B,
    0x02, 0x4B, 0x02, 0x4B, 0x01, 0xA8, 0x01, 0x27, 0x01, 0x68, 0x0A, 0xAD, 0x65, 0x95, 0x23, 0xF0,
    0x02, 0xEC, 0x02, 0xEC, 0x1A, 0x0E, 0x80, 0xD4, 0xE8, 0x3E, 0xF8, 0x1F, 0xF8, 0x1F, 0xF8, 0x1F,
    0xF8, 0x1F, 0xF8, 0x1F, 0xF8, 0x1F, 0xF8, 0x1F, 0xF8, 0x1F, 0xF8, 0x1F, 0xF8, 0x1F, 0xF8, 0x1F,
    0xF8, 0x1F, 0xF8, 0x1F, 0xF8, 0x1F, 0xF8, 0x1F, 0xF8, 0x1F, 0xF8, 0x1F, 0xF8, 0x1F, 0xD8, 0x3B,
    0x20, 0xE9, 0x02, 0x06, 0x03, 0x2C, 0x2C, 0x11, 0x14, 0x13, 0x0C, 0x33, 0x1C, 0x53, 0x14, 0x53,
    0x13, 0xF2, 0x13, 0xF2, 0x14, 0x33, 0x0B, 0xD2, 0x03, 0x51, 0x0B, 0xB2, 0x13, 0xD2, 0x0B, 0xD2,
    0x0B, 0xF2, 0x03, 0xD2, 0x0B, 0xB2, 0x13, 0xF2, 0x03, 0x70, 0x03, 0x2F, 0x02, 0xEF, 0x02, 0xAE,
    0x02, 0xAD, 0x0A, 0xCD, 0x01, 0x89, 0x01, 0xCA, 0x02, 0xCD, 0x1A, 0xED, 0x0A, 0x0A, 0x02, 0x2B,
    0x0A, 0x6C, 0x02, 0x2B, 0x02, 0x0A, 0x02, 0x4B, 0x02, 0x6C, 0x0A, 0x4A, 0x11, 0xE8, 0x02, 0x2B,
    0x02, 0x0B, 0x02, 0x2B, 0x01, 0xEA, 0x01, 0xEA, 0x0A, 0x6B, 0x02, 0x4B, 0x02, 0x0A, 0x12, 0x6C,
    0x0A, 0x4B, 0x0A, 0x4B, 0x0A, 0x8C, 0x12, 0xEE, 0x02, 0x8C, 0x01, 0xC9, 0x01, 0xCA, 0x02, 0x8D,
    0x0A, 0x4C, 0x02, 0x6C, 0x02, 0x6C, 0x02, 0x6D, 0x1B, 0x2E, 0x2B, 0x6E, 0x02, 0xCD, 0x0A, 0xAD,
    0x13, 0x0E, 0x12, 0x8B, 0x02, 0x8D, 0x02, 0xCD, 0x0A, 0xEE, 0x02, 0xCE, 0x0A, 0xCD, 0x02, 0x6D,
    0x02, 0xAE, 0x1B, 0x90, 0x1B, 0x0E, 0x1A, 0xEE, 0x01, 0x27, 0x01, 0x27, 0x01, 0x27, 0x01, 0x27,
    0x01, 0x88, 0x01, 0x47, 0x01, 0x06, 0x01, 0x27, 0x01, 0x27, 0x01, 0x47, 0x01, 0x68, 0x01, 0xA9,
    0x01, 0x67, 0x01, 0x06, 0x01, 0x67, 0x01, 0x67, 0x01, 0x48, 0x01, 0x68, 0x01, 0x89, 0x01, 0x89,
    0x01, 0x89, 0x01, 0x88, 0x01, 0x88, 0x01, 0xA9, 0x01, 0xC9, 0x01, 0xEA, 0x01, 0xEA, 0x01, 0xA9,
    0x01, 0xCA, 0x02, 0x0A, 0x01, 0xA9, 0x01, 0x88, 0x01, 0xC9, 0x01, 0xEA, 0x01, 0xA9, 0x01, 0xC9,
    0x02, 0x0A, 0x01, 0xEA, 0x01, 0xEA, 0x01, 0xEB, 0x02, 0x0B, 0x02, 0x0B, 0x02, 0x0B, 0x02, 0x4C,
    0x02, 0x4C, 0x02, 0x2C, 0x02, 0x0B, 0x01, 0xCA, 0x01, 0xAA, 0x01, 0x69, 0x01, 0xCA, 0x01, 0xCA,
    0x01, 0xEA, 0x02, 0x0B, 0x01, 0xCB, 0x01, 0xEA, 0x02, 0x0A, 0x02, 0x0B, 0x12, 0x4A, 0x01, 0xEA,
    0x02, 0x0A, 0x01, 0xC9, 0x02, 0x0A, 0x02, 0x8C, 0x02, 0xEE, 0x03, 0x0E, 0x02, 0x8D, 0x13, 0x4F,
    0x12, 0xEE, 0x13, 0x4F, 0x2C, 0x70, 0x03, 0x0C, 0x2A, 0x0F, 0x90, 0xF7, 0xF0, 0x3F, 0xF8, 0x1F,
    0xF8, 0x1F, 0xF8, 0x1F, 0xF8, 0x1F, 0xF8, 0x1F, 0xF8, 0x1F, 0xF8, 0x1F, 0xF8, 0x1F, 0xF8, 0x1F,
    0xF8, 0x1F, 0xF8, 0x1F, 0xF8, 0x1F, 0xF8, 0x1F, 0xF8, 0x1F, 0xF8, 0x1F, 0xF8, 0x1F, 0xF8, 0x1F,
    0xF8, 0x1F, 0xF8, 0x1F, 0xF8, 0x1F, 0xF8, 0x1F, 0xD0, 0x7C, 0x89, 0xFA, 0x3B, 0x96, 0x2C, 0x52,
    0x1C, 0x91, 0x24, 0x93, 0x2C, 0x94, 0x1C, 0x53, 0x1B, 0xF1, 0x24, 0x11, 0x1C, 0x11, 0x13, 0xF2,
    0x1C, 0x73, 0x14, 0x73, 0x0C, 0x73, 0x24, 0xD4, 0x24, 0x94, 0x24, 0x73, 0x1C, 0x53, 0x14, 0x73,
    0x14, 0x53, 0x0C, 0x53, 0x14, 0x53, 0x13, 0xD1, 0x0B, 0x91, 0x03, 0xB1, 0x0B, 0x0F, 0x0A, 0xEE,
    0x03, 0x0F, 0x1B, 0x4F, 0x0A, 0xCD, 0x0A, 0xAD, 0x02, 0x6C, 0x02, 0xAD, 0x02, 0xAD, 0x02, 0x4C,
    0x02, 0xAD, 0x0A, 0xAD, 0x02, 0xAD, 0x0A, 0x8C, 0x02, 0x6C, 0x02, 0x4C, 0x02, 0x2B, 0x02, 0x2B,
    0x02, 0x8D, 0x02, 0x6C, 0x0A, 0x6B, 0x1A, 0xED, 0x0A, 0x4B, 0x01, 0xA9, 0x01, 0x48, 0x02, 0x0B,
    0x03, 0x0D, 0x02, 0x0B, 0x02, 0x4C, 0x02, 0x4C, 0x13, 0x0E, 0x02, 0x6C, 0x02, 0xAD, 0x02, 0xEE,
    0x02, 0xAD, 0x13, 0x0E, 0x0B, 0x0E, 0x0B, 0x30, 0x43, 0xCD, 0x4A, 0xC8, 0x02, 0xAE, 0x02, 0xCD,
    0x02, 0xEE, 0x03, 0x2F, 0x13, 0x0E, 0x1A, 0xCC, 0x02, 0x4C, 0x12, 0x6C, 0x0A, 0x8C, 0x02, 0x8D,
    0x01, 0x67, 0x11, 0x86, 0x01, 0x47, 0x01, 0x07, 0x01, 0x47, 0x01, 0x48, 0x01, 0x48, 0x01, 0x27,
    0x01, 0x06, 0x01, 0x47, 0x01, 0x47, 0x01, 0x68, 0x01, 0x68, 0x01, 0xA9, 0x02, 0x09, 0x01, 0xA9,
    0x01, 0x89, 0x01, 0xA9, 0x11, 0xC7, 0x29, 0xC6, 0x01, 0x47, 0x01, 0x06, 0x01, 0x68, 0x01, 0xC9,
    0x01, 0xA9, 0x01, 0xA9, 0x01, 0x89, 0x01, 0x89, 0x02, 0x8C, 0x02, 0x4B, 0x01, 0xC9, 0x01, 0xA9,
    0x01, 0xEA, 0x01, 0xEA, 0x01, 0xC9, 0x11, 0xC7, 0x09, 0xA8, 0x01, 0xC9, 0x02, 0x0A, 0x01, 0xEB,
    0x01, 0xAA, 0x01, 0x69, 0x01, 0x89, 0x01, 0x89, 0x01, 0xCA, 0x01, 0xAA, 0x01, 0x89, 0x01, 0x89,
    0x01, 0xCA, 0x02, 0x2C, 0x02, 0x4C, 0x02, 0x2B, 0x02, 0x2C, 0x02, 0x8D, 0x02, 0x6D, 0x02, 0x2C,
    0x02, 0x2B, 0x02, 0x4B, 0x01, 0xEA, 0x02, 0x0B, 0x02, 0x8C, 0x1A, 0xEC, 0x0A, 0xCD, 0x02, 0xEE,
    0x02, 0xAD, 0x02, 0x8D, 0x0A, 0xAE, 0x03, 0x2F, 0x03, 0x0C, 0x02, 0x8B, 0x3A, 0x31, 0xA0, 0xD9,
    0xF8, 0x1F, 0xF8, 0x1F, 0xF8, 0x1F, 0xF8, 0x1F, 0xF8, 0x1F, 0xF8, 0x1F, 0xF8, 0x1F, 0xF8, 0x1F,
    0xF8, 0x1F, 0xF8, 0x1F, 0xF8, 0x1F, 0xF8, 0x1F, 0xF8, 0x1F, 0xF8, 0x1F, 0xF8, 0x1F, 0xF8, 0x1F,
    0xF8, 0x1F, 0xF8, 0x1F, 0xF8, 0x1F, 0xF8, 0x1F, 0xF8, 0x1F, 0xF8, 0x1F, 0xF8, 0x1F, 0xF8, 0x1F,
    0xF8, 0x1F, 0xF8, 0x1F, 0xF8, 0x1F, 0xC8, 0xDC, 0x82, 0x58, 0x43, 0xB2, 0x13, 0xAE, 0x13, 0x8E,
    0x13, 0x0D, 0x12, 0xEE, 0x1B, 0x4E, 0x0B, 0x4F, 0x0B, 0x6F, 0x13, 0x6F, 0x0B, 0x6F, 0x23, 0xB0,
    0x13, 0x2E, 0x13, 0xB0, 0x23, 0xB0, 0x1B, 0x6F, 0x0B, 0x70, 0x13, 0xF1, 0x1C, 0x32, 0x2C, 0x32,
    0x14, 0x53, 0x0C, 0x94, 0x14, 0x74, 0x0B, 0xF2, 0x0B, 0xF2, 0x0B, 0xD1, 0x03, 0x71, 0x0B, 0xB1,
    0x0B, 0x90, 0x03, 0x0F, 0x03, 0x70, 0x03, 0x70, 0x0A, 0xCE, 0x02, 0xCE, 0x1B, 0x90, 0x13, 0x0E,
    0x0B, 0x0F, 0x02, 0xEE, 0x0A, 0xEE, 0x0A, 0xCE, 0x0B, 0x70, 0x02, 0xAE, 0x0A, 0x8D, 0x13, 0x4F,
    0x0A, 0x6B, 0x12, 0x8C, 0x0A, 0x8C, 0x0A, 0x6C, 0x02, 0x8C, 0x02, 0x2B, 0x09, 0xEA, 0x02, 0x0B,
    0x02, 0x4C, 0x02, 0x4C, 0x02, 0xCD, 0x0B, 0x0E, 0x0A, 0xEE, 0x0A, 0xCD, 0x02, 0x8C, 0x02, 0xAD,
    0x1A, 0xED, 0x13, 0x0E, 0x02, 0xAD, 0x02, 0xCE, 0x13, 0x2E, 0x0A, 0xEE, 0x13, 0x8F, 0x1B, 0x4F,
    0x03, 0x0E, 0x03, 0x2F, 0x0B, 0x2F, 0x0B, 0x90, 0x01, 0xA8, 0x11, 0xA7, 0x01, 0x67, 0x01, 0x67,
    0x09, 0xA7, 0x11, 0xC7, 0x01, 0x88, 0x01, 0x47, 0x01, 0x06, 0x01, 0x68, 0x02, 0x0A, 0x02, 0x0A,
    0x01, 0xE9, 0x01, 0xC9, 0x01, 0xA8, 0x01, 0xA9, 0x01, 0xA9, 0x01, 0x88, 0x01, 0xA8, 0x09, 0xE8,
    0x01, 0x88, 0x19, 0x45, 0x19, 0xC7, 0x01, 0x88, 0x01, 0xA9, 0x02, 0x2B, 0x02, 0x0B, 0x02, 0x0B,
    0x02, 0x0B, 0x01, 0xCA, 0x02, 0x0A, 0x02, 0x8C, 0x02, 0x0B, 0x01, 0xCA, 0x01, 0xEA, 0x01, 0xC9,
    0x01, 0xA9, 0x01, 0xE9, 0x01, 0xA9, 0x01, 0x89, 0x01, 0x68, 0x01, 0xA9, 0x01, 0xA9, 0x01, 0xEB,
    0x02, 0x0C, 0x02, 0x4C, 0x02, 0x8C, 0x01, 0xEA, 0x02, 0x4C, 0x02, 0x8D, 0x02, 0x6D, 0x02, 0x6D,
    0x02, 0xAE, 0x03, 0x2F, 0x03, 0x0E, 0x02, 0x8D, 0x0B, 0x2E, 0x0B, 0x4F, 0x02, 0xCD, 0x02, 0xEE,
    0x0A, 0xED, 0x0A, 0xED, 0x0B, 0x2E, 0x02, 0x6B, 0x01, 0x89, 0x01, 0xCA, 0x02, 0x6A, 0x0A, 0x4B,
    0x51, 0xB1, 0xB8, 0x9A, 0xF8, 0x1F, 0xF8, 0x1F, 0xF8, 0x1F, 0xF8, 0x1F, 0xF8, 0x1F, 0xF8, 0x1F,
    0xF8, 0x1F, 0xF8, 0x1F, 0xF8, 0x1F, 0xF8, 0x1F, 0xF8, 0x1F, 0xF8, 0x1F, 0xF8, 0x1F, 0xF8, 0x1F,
    0xF8, 0x1F, 0xF8, 0x1F, 0xF8, 0x1F, 0xF8, 0x1F, 0xF8, 0x1F, 0xF8, 0x1F, 0xF8, 0x1F, 0xF8, 0x1F,
    0xF8, 0x1F, 0xF8, 0x1F, 0xF8, 0x1F, 0xF8, 0x1F, 0xF8, 0x1F, 0xF8, 0x1F, 0xF8, 0x1F, 0xF8, 0x1F,
    0xF8, 0x1F, 0xF0, 0x3E, 0xA1, 0x18, 0x3A, 0x52, 0x0B, 0x6E, 0x03, 0x0C, 0x0A, 0xCD, 0x1A, 0xED,
    0x0A, 0x8C, 0x0A, 0xCD, 0x0A, 0xCD, 0x0A, 0xAD, 0x02, 0x8D, 0x02, 0xCD, 0x0A, 0xCD, 0x02, 0xCE,
    0x0A, 0xEE, 0x0A, 0xEE, 0x02, 0xCD, 0x1B, 0xB0, 0x24, 0x52, 0x24, 0x52, 0x14, 0x73, 0x2C, 0xF5,
    0x1C, 0xD5, 0x14, 0x74, 0x0C, 0x54, 0x0C, 0x33, 0x03, 0xD2, 0x0C, 0x33, 0x24, 0x74, 0x14, 0x73,
    0x0B, 0xF2, 0x13, 0xB0, 0x1B, 0x70, 0x13, 0xB1, 0x13, 0x90, 0x02, 0xAD, 0x02, 0xAD, 0x0A, 0xEF,
    0x0B, 0x0F, 0x13, 0x90, 0x0B, 0x2F, 0x02, 0xCE, 0x1A, 0xCD, 0x22, 0xCD, 0x0A, 0xEE, 0x12, 0xCE,
    0x0A, 0x8D, 0x02, 0x6C, 0x12, 0x4B, 0x00, 0xA5, 0x02, 0x2B, 0x02, 0xAC, 0x02, 0xCD, 0x02, 0x6C,
    0x02, 0x0A, 0x02, 0x6C, 0x12, 0xEE, 0x0A, 0x6B, 0x12, 0x4A, 0x0A, 0xAD, 0x13, 0x0E, 0x0B, 0x0E,
    0x0A, 0x6D, 0x0A, 0xAD, 0x02, 0xAC, 0x12, 0xED, 0x0B, 0x4F, 0x0B, 0xD1, 0x33, 0xF0, 0x24, 0x73,
    0x01, 0x67, 0x01, 0x26, 0x01, 0x26, 0x01, 0x46, 0x11, 0x86, 0x19, 0x86, 0x01, 0x47, 0x02, 0x09,
    0x13, 0x0B, 0x02, 0x4A, 0x02, 0x0A, 0x01, 0xC9, 0x01, 0x88, 0x01, 0x67, 0x01, 0x88, 0x01, 0xC9,
    0x01, 0x88, 0x01, 0xEA, 0x02, 0x0A, 0x01, 0x88, 0x01, 0xC9, 0x09, 0xA8, 0x09, 0xA8, 0x01, 0x88,
    0x01, 0xCA, 0x02, 0x0A, 0x01, 0xEA, 0x02, 0x4B, 0x02, 0x6C, 0x01, 0xEA, 0x01, 0xA9, 0x01, 0xCA,
    0x01, 0xA9, 0x02, 0x0A, 0x01, 0xCA, 0x01, 0xCA, 0x01, 0xCA, 0x01, 0x89, 0x01, 0xEA, 0x02, 0x0A,
    0x01, 0xAA, 0x02, 0x2B, 0x02, 0x2C, 0x02, 0xCD, 0x02, 0x8D, 0x02, 0x8D, 0x0A, 0xAD, 0x02, 0x6C,
    0x02, 0xAD, 0x02, 0x6C, 0x02, 0xAD, 0x03, 0x0F, 0x13, 0x6F, 0x0A, 0xED, 0x02, 0x4B, 0x02, 0x2B,
    0x02, 0x6C, 0x02, 0x8D, 0x02, 0xEE, 0x02, 0x8D, 0x02, 0x6C, 0x02, 0x6C, 0x0A, 0x4C, 0x02, 0x2A,
    0x02, 0xAA, 0x0A, 0x6C, 0x59, 0x72, 0xC8, 0x9B, 0xF8, 0x1F, 0xF8, 0x1F, 0xF8, 0x1F, 0xF8, 0x1F,
    0xF8, 0x1F, 0xF8, 0x1F, 0xF8, 0x1F, 0xF8, 0x1F, 0xF8, 0x1F, 0xF8, 0x1F, 0xF8, 0x1F, 0xF8, 0x1F,
    0xF8, 0x1F, 0xF8, 0x1F, 0xF8, 0x1F, 0xF8, 0x1F, 0xF8, 0x1F, 0xF8, 0x1F, 0xF8, 0x1F, 0xF8, 0x1F,
    0xF8, 0x1F, 0xF8, 0x1F, 0xF8, 0x1F, 0xF8, 0x1F, 0xF8, 0x1F, 0xF8, 0x1F, 0xF8, 0x1F, 0xF8, 0x1F,
    0xF8, 0x1F, 0xF8, 0x1F, 0xF8, 0x1F, 0xF8, 0x1F, 0xF8, 0x1F, 0xF8, 0x1F, 0xF8, 0x1F, 0xF8, 0x1F,
    0xB8, 0xFB, 0x62, 0x14, 0x12, 0xCF, 0x0B, 0xCF, 0x0B, 0x8F, 0x0B, 0x90, 0x0B, 0x70, 0x0B, 0x70,
    0x13, 0x90, 0x13, 0x70, 0x13, 0xB0, 0x24, 0x11, 0x23, 0xF1, 0x1B, 0xD1, 0x1B, 0x6F, 0x0B, 0x0F,
    0x13, 0x2E, 0x0A, 0xCD, 0x13, 0x90, 0x24, 0x52, 0x24, 0x73, 0x2C, 0x73, 0x2C, 0x93, 0x34, 0xB4,
    0x24, 0x93, 0x14, 0xB5, 0x0C, 0x74, 0x1C, 0x95, 0x0C, 0x74, 0x13, 0xF2, 0x13, 0xB1, 0x03, 0xD2,
    0x03, 0x91, 0x03, 0x50, 0x03, 0x30, 0x03, 0x50, 0x03, 0x70, 0x1B, 0xF1, 0x34, 0x52, 0x0B, 0x0F,
    0x1B, 0x4F, 0x0B, 0x0F, 0x13, 0xD1, 0x2C, 0xB3, 0x13, 0x70, 0x02, 0xEF, 0x0A, 0xAD, 0x09, 0x69,
    0x12, 0xCD, 0x02, 0x4C, 0x02, 0x2C, 0x02, 0x2B, 0x01, 0xCA, 0x02, 0xAD, 0x0B, 0x0E, 0x02, 0x2B,
    0x02, 0x0B, 0x02, 0x2B, 0x01, 0xEB, 0x0A, 0xED, 0x0A, 0xED, 0x0A, 0x6C, 0x02, 0x6C, 0x1A, 0xCC,
    0x1B, 0x0E, 0x0B, 0x2F, 0x13, 0x4F, 0x13, 0x6F, 0x01, 0x47, 0x01, 0x87, 0x01, 0x67, 0x01, 0x47,
    0x01, 0x67, 0x01, 0x27, 0x01, 0x67, 0x01, 0x67, 0x01, 0x88, 0x01, 0x88, 0x01, 0x67, 0x01, 0x47,
    0x01, 0x88, 0x01, 0x88, 0x01, 0x88, 0x01, 0x47, 0x01, 0x88, 0x0A, 0x09, 0x01, 0x87, 0x01, 0xA8,
    0x01, 0xC9, 0x01, 0xEA, 0x01, 0xC9, 0x01, 0xCA, 0x01, 0xEA, 0x01, 0xA9, 0x01, 0xC9, 0x02, 0x0A,
    0x02, 0x4B, 0x02, 0x2B, 0x02, 0x0A, 0x01, 0xEA, 0x01, 0xEA, 0x02, 0x0A, 0x01, 0xCA, 0x01, 0xEB,
    0x02, 0x2B, 0x02, 0x2B, 0x02, 0x4C, 0x02, 0x0B, 0x02, 0x6C, 0x02, 0x8D, 0x02, 0x8E, 0x02, 0xCE,
    0x02, 0xCE, 0x02, 0xAE, 0x02, 0xAD, 0x02, 0xEE, 0x02, 0xEE, 0x02, 0xAE, 0x02, 0xCE, 0x02, 0x6C,
    0x02, 0x0A, 0x02, 0x4C, 0x02, 0x2B, 0x02, 0x6C, 0x02, 0x6B, 0x02, 0x6C, 0x02, 0x6C, 0x02, 0x6C,
    0x02, 0x4C, 0x02, 0x6B, 0x02, 0x6A, 0x1A, 0x6E, 0x71, 0xB6, 0xD8, 0x7D, 0xF8, 0x1F, 0xF8, 0x1F,
    0xF8, 0x1F, 0xF8, 0x1F, 0xF8, 0x1F, 0xF8, 0x1F, 0xF8, 0x1F, 0xF8, 0x1F, 0xF8, 0x1F, 0xF8, 0x1F,
    0xF8, 0x1F, 0xF8, 0x1F, 0xF8, 0x1F, 0xF8, 0x1F, 0xF8, 0x1F, 0xF8, 0x1F, 0xF8, 0x1F, 0xF8, 0x1F,
    0xF8, 0x1F, 0xF8, 0x1F, 0xF8, 0x1F, 0xF8, 0x1F, 0xF8, 0x1F, 0xF8, 0x1F, 0xF8, 0x1F, 0xF8, 0x1F,
    0xF8, 0x1F, 0xF8, 0x1F, 0xF8, 0x1F, 0xF8, 0x1F, 0xF8, 0x1F, 0xF8, 0x1F, 0xF8, 0x1F, 0xF8, 0x1F,
    0xF8, 0x1F, 0xF8, 0x1F, 0xF8, 0x1F, 0xF8, 0x1F, 0xF8, 0x1F, 0xF8, 0x1F, 0xE0, 0x9E, 0x91, 0xF9,
    0x33, 0x13, 0x03, 0x90, 0x03, 0xB0, 0x03, 0xB2, 0x13, 0xF2, 0x0B, 0x90, 0x13, 0xF2, 0x0B, 0xD1,
    0x0B, 0xD1, 0x13, 0xD1, 0x1B, 0xD1, 0x1B, 0xB0, 0x0B, 0x50, 0x13, 0x70, 0x0B, 0x0E, 0x02, 0xEE,
    0x0B, 0x4F, 0x0B, 0x70, 0x0B, 0x2F, 0x13, 0x2F, 0x23, 0xD1, 0x1C, 0x53, 0x3D, 0x77, 0x55, 0xD7,
    0x0C, 0x74, 0x0C, 0x95, 0x04, 0x74, 0x0C, 0x74, 0x14, 0x94, 0x14, 0xB5, 0x24, 0xD5, 0x0C, 0x13,
    0x0C, 0x13, 0x0B, 0xD2, 0x03, 0x71, 0x13, 0xD1, 0x1B, 0xB0, 0x13, 0x90, 0x1B, 0xD1, 0x34, 0xB3,
    0x23, 0xD0, 0x0B, 0x2F, 0x13, 0x0E, 0x13, 0x6F, 0x23, 0xD0, 0x0B, 0x2E, 0x0B, 0x0E, 0x03, 0x0E,
    0x13, 0x90, 0x0A, 0xCE, 0x02, 0x6C, 0x02, 0x4C, 0x02, 0x2B, 0x02, 0x8C, 0x02, 0x4B, 0x02, 0x2B,
    0x02, 0x6C, 0x02, 0xAD, 0x02, 0x8C, 0x02, 0x4B, 0x02, 0x0A, 0x12, 0xAD, 0x0A, 0xED, 0x02, 0x8C,
    0x01, 0x47, 0x01, 0x87, 0x01, 0x26, 0x01, 0x26, 0x01, 0x67, 0x01, 0x67, 0x01, 0x46, 0x21, 0x84,
    0x09, 0x66, 0x01, 0xA8, 0x01, 0xCA, 0x01, 0xC9, 0x01, 0xA8, 0x01, 0xA8, 0x01, 0x88, 0x01, 0xC9,
    0x01, 0x88, 0x01, 0x47, 0x01, 0x88, 0x11, 0x87, 0x11, 0xC8, 0x02, 0x0A, 0x02, 0x0A, 0x01, 0xEA,
    0x01, 0xA9, 0x01, 0xEA, 0x02, 0x2B, 0x01, 0xEA, 0x02, 0x0B, 0x02, 0x0A, 0x01, 0xCA, 0x01, 0xEA,
    0x01, 0xCA, 0x01, 0xCA, 0x02, 0x2B, 0x02, 0x6C, 0x02, 0x6C, 0x02, 0x2B, 0x02, 0x2C, 0x02, 0x4C,
    0x02, 0x6D, 0x02, 0x8D, 0x02, 0x4C, 0x02, 0x6C, 0x02, 0x6D, 0x02, 0x2C, 0x02, 0xAD, 0x0B, 0x0F,
    0x34, 0x31, 0x02, 0xEE, 0x01, 0xEB, 0x02, 0x0B, 0x02, 0x6C, 0x02, 0x4C, 0x02, 0x2B, 0x01, 0xC9,
    0x01, 0xE9, 0x0A, 0x2A, 0x02, 0x2A, 0x02, 0x2A, 0x02, 0x49, 0x12, 0x0C, 0x81, 0x56, 0xE0, 0x5E,
    0xF8, 0x1F, 0xF8, 0x1F, 0xF8, 0x1F, 0xF8, 0x1F, 0xF8, 0x1F, 0xF8, 0x1F, 0xF8, 0x1F, 0xF8, 0x1F,
    0xF8, 0x1F, 0xF8, 0x1F, 0xF8, 0x1F, 0xF8, 0x1F, 0xF8, 0x1F, 0xF8, 0x1F, 0xF8, 0x1F, 0xF8, 0x1F,
    0xF8, 0x1F, 0xF8, 0x1F, 0xF8, 0x1F, 0xF8, 0x1F, 0xF8, 0x1F, 0xF8, 0x1F, 0xF8, 0x1F, 0xF8, 0x1F,
    0xF8, 0x1F, 0xF8, 0x1F, 0xF8, 0x1F, 0xF8, 0x1F, 0xF8, 0x1F, 0xF8, 0x1F, 0xF8, 0x1F, 0xF8, 0x1F,
    0xF8, 0x1F, 0xF8, 0x1F, 0xF8, 0x1F, 0xF8, 0x1F, 0xF8, 0x1F, 0xF8, 0x1F, 0xF8, 0x1F, 0xF8, 0x1F,
    0xF8, 0x1F, 0xF8, 0x1F, 0xF8, 0x1F, 0xF8, 0x1F, 0xF8, 0x1F, 0xB9, 0x3C, 0x5A, 0xD7, 0x0B, 0xD2,
    0x04, 0x11, 0x0B, 0xB2, 0x0B, 0xB1, 0x03, 0x91, 0x03, 0x91, 0x0B, 0x91, 0x0B, 0xB1, 0x13, 0xD1,
    0x1B, 0xF1, 0x2C, 0x52, 0x34, 0x93, 0x23, 0xF1, 0x13, 0x4F, 0x0B, 0x0F, 0x13, 0xD1, 0x13, 0xF1,
    0x13, 0x90, 0x13, 0xD1, 0x54, 0x0F, 0x54, 0xB2, 0x1C, 0x54, 0x1C, 0x33, 0x13, 0xD1, 0x13, 0x91,
    0x3C, 0x31, 0x44, 0x51, 0x2D, 0x36, 0x35, 0x15, 0x0C, 0x53, 0x1C, 0x94, 0x1C, 0x94, 0x0B, 0xD1,
    0x0B, 0xF2, 0x0B, 0xB1, 0x0B, 0x4F, 0x02, 0x6D, 0x23, 0xD1, 0x13, 0x0F, 0x02, 0xCE, 0x1B, 0xF2,
    0x0B, 0x2F, 0x02, 0xEE, 0x0B, 0x2F, 0x02, 0xEE, 0x0B, 0x0F, 0x0B, 0x0E, 0x0A, 0xEF, 0x34, 0x52,
    0x13, 0xB0, 0x13, 0x4F, 0x0B, 0x0E, 0x0B, 0x4F, 0x1B, 0xB0, 0x0B, 0x2E, 0x02, 0x8C, 0x02, 0xAD,
    0x02, 0xAD, 0x02, 0xCD, 0x02, 0xAD, 0x02, 0xCD, 0x01, 0x67, 0x01, 0x46, 0x01, 0x47, 0x01, 0x88,
    0x01, 0x67, 0x09, 0x66, 0x09, 0x66, 0x51, 0xE3, 0x11, 0x87, 0x01, 0xC9, 0x01, 0xE9, 0x01, 0xA9,
    0x01, 0x88, 0x01, 0x88, 0x01, 0x88, 0x01, 0x87, 0x01, 0x47, 0x01, 0x67, 0x01, 0x68, 0x01, 0x88,
    0x01, 0xE9, 0x02, 0x0A, 0x01, 0xEA, 0x01, 0xEA, 0x01, 0xAA, 0x01, 0xEB, 0x02, 0x0B, 0x01, 0xEB,
    0x02, 0x2C, 0x02, 0x0B, 0x02, 0x0B, 0x02, 0x4B, 0x01, 0xCA, 0x01, 0xAA, 0x02, 0x6C, 0x02, 0x6C,
    0x02, 0x0B, 0x02, 0x6C, 0x02, 0x8C, 0x02, 0x2B, 0x02, 0x0B, 0x02, 0x0B, 0x02, 0x0B, 0x01, 0xEA,
    0x01, 0xEA, 0x02, 0x0A, 0x02, 0x2B, 0x02, 0x4C, 0x0A, 0x6C, 0x02, 0x4B, 0x02, 0x4B, 0x02, 0x6C,
    0x02, 0x2A, 0x02, 0x09, 0x01, 0xC9, 0x01, 0x68, 0x01, 0xA8, 0x01, 0xE9, 0x02, 0x0A, 0x01, 0xC8,
    0x59, 0x51, 0xE0, 0x3D, 0xF8, 0x1F, 0xF8, 0x1F, 0xF8, 0x1F, 0xF8, 0x1F, 0xF8, 0x1F, 0xF8, 0x1F,
    0xF8, 0x1F, 0xF8, 0x1F, 0xF8, 0x1F, 0xF8, 0x1F, 0xF8, 0x1F, 0xF8, 0x1F, 0xF8, 0x1F, 0xF8, 0x1F,
    0xF8, 0x1F, 0xF8, 0x1F, 0xF8, 0x1F, 0xF8, 0x1F, 0xF8, 0x1F, 0xF8, 0x1F, 0xF8, 0x1F, 0xF8, 0x1F,
    0xF8, 0x1F, 0xF8, 0x1F, 0xF8, 0x1F, 0xF8, 0x1F, 0xF8, 0x1F, 0xF8, 0x1F, 0xF8, 0x1F, 0xF8, 0x1F,
    0xF8, 0x1F, 0xF8, 0x1F, 0xF8, 0x1F, 0xF8, 0x1F, 0xF8, 0x1F, 0xF8, 0x1F, 0xF8, 0x1F, 0xF8, 0x1F,
    0xF8, 0x1F, 0xF8, 0x1F, 0xF8, 0x1F, 0xF8, 0x1F, 0xF8, 0x1F, 0xF8, 0x1F, 0xF8, 0x1F, 0xF8, 0x1F,
    0xF8, 0x1F, 0xF8, 0x1F, 0xF8, 0x1F, 0xB8, 0xDB, 0x4B, 0x56, 0x14, 0x73, 0x0B, 0xB2, 0x0B, 0xB2,
    0x03, 0xD2, 0x03, 0xB1, 0x0B, 0xD2, 0x03, 0xD1, 0x03, 0xF2, 0x03, 0xD1, 0x13, 0xF2, 0x24, 0x32,
    0x24, 0x32, 0x13, 0x6F, 0x0A, 0xEE, 0x23, 0xB0, 0x0B, 0x0D, 0x02, 0x6C, 0x1A, 0xAC, 0x23, 0x4E,
    0x13, 0xD1, 0x1C, 0x93, 0x1C, 0x53, 0x0B, 0xB1, 0x1B, 0xB0, 0x1B, 0xB0, 0x03, 0xD1, 0x14, 0x32,
    0x24, 0xB4, 0x3D, 0x35, 0x34, 0xF5, 0x24, 0x74, 0x1C, 0xB4, 0x03, 0xF3, 0x0B, 0xB1, 0x0B, 0xD2,
    0x0B, 0xD1, 0x03, 0x50, 0x13, 0xB1, 0x24, 0x32, 0x13, 0x70, 0x0B, 0x70, 0x13, 0x70, 0x1B, 0xB0,
    0x1B, 0x90, 0x23, 0xF1, 0x0B, 0x0F, 0x12, 0xEE, 0x23, 0xB0, 0x13, 0x2F, 0x0B, 0x90, 0x0B, 0x0E,
    0x02, 0x8C, 0x13, 0x6F, 0x1B, 0xB0, 0x0B, 0x4E, 0x02, 0xAD, 0x02, 0xCD, 0x02, 0x4B, 0x02, 0x6B,
    0x01, 0x67, 0x01, 0x47, 0x01, 0x88, 0x01, 0x89, 0x01, 0xC9, 0x09, 0xC9, 0x01, 0xA8, 0x01, 0x88,
    0x02, 0x0A, 0x02, 0x0A, 0x01, 0xC9, 0x01, 0xC9, 0x01, 0xC9, 0x01, 0x68, 0x01, 0x68, 0x01, 0x47,
    0x01, 0x88, 0x01, 0x27, 0x01, 0x47, 0x01, 0xC9, 0x01, 0xE9, 0x01, 0xC9, 0x01, 0xAA, 0x01, 0x89,
    0x02, 0x0B, 0x02, 0xCE, 0x02, 0xAD, 0x02, 0xAD, 0x02, 0x8C, 0x02, 0x4C, 0x02, 0x8D, 0x02, 0xAD,
    0x02, 0x6C, 0x02, 0x6C, 0x02, 0x4C, 0x02, 0x2B, 0x02, 0x2B, 0x01, 0xCA, 0x01, 0xEA, 0x01, 0xC9,
    0x01, 0xE9, 0x02, 0x2B, 0x02, 0x6B, 0x02, 0x2B, 0x02, 0x2B, 0x02, 0x2B, 0x02, 0x4B, 0x02, 0x2B,
    0x02, 0x2B, 0x02, 0x4B, 0x02, 0x2A, 0x01, 0xC9, 0x01, 0x88, 0x01, 0xC8, 0x01, 0xA8, 0x01, 0xA9,
    0x01, 0xC9, 0x02, 0x2B, 0x02, 0x49, 0x80, 0xF4, 0xF8, 0x1F, 0xF8, 0x1F, 0xF8, 0x1F, 0xF8, 0x1F,
    0xF8, 0x1F, 0xF8, 0x1F, 0xF8, 0x1F, 0xF8, 0x1F, 0xF8, 0x1F, 0xF8, 0x1F, 0xF8, 0x1F, 0xF8, 0x1F,
    0xF8, 0x1F, 0xF8, 0x1F, 0xF8, 0x1F, 0xF8, 0x1F, 0xF8, 0x1F, 0xF8, 0x1F, 0xF8, 0x1F, 0xF8, 0x1F,
    0xF8, 0x1F, 0xF8, 0x1F, 0xF8, 0x1F, 0xF8, 0x1F, 0xF8, 0x1F, 0xF8, 0x1F, 0xE0, 0x3C, 0xF8, 0x3F,
    0xF8, 0x1F, 0xF8, 0x1F, 0xF8, 0x1F, 0xF8, 0x1F, 0xF8, 0x1F, 0xF8, 0x1F, 0xF8, 0x1F, 0xF8, 0x1F,
    0xF8, 0x1F, 0xF8, 0x1F, 0xF8, 0x1F, 0xF8, 0x1F, 0xF8, 0x1F, 0xF8, 0x1F, 0xF8, 0x1F, 0xF8, 0x1F,
    0xF8, 0x1F, 0xF8, 0x1F, 0xF8, 0x1F, 0xF8, 0x1F, 0xF8, 0x1F, 0xF8, 0x1F, 0xF8, 0x1F, 0xF8, 0x1F,
    0xF8, 0x3F, 0x52, 0x75, 0x03, 0x70, 0x1B, 0xD2, 0x13, 0xF2, 0x03, 0x51, 0x03, 0x91, 0x03, 0xD2,
    0x03, 0x91, 0x0B, 0xB1, 0x03, 0x70, 0x03, 0x91, 0x14, 0x32, 0x24, 0x72, 0x2C, 0x32, 0x1B, 0xB0,
    0x23, 0x90, 0x1B, 0xB1, 0x13, 0x91, 0x13, 0x4F, 0x03, 0x2F, 0x1B, 0xD1, 0x0B, 0xB0, 0x0B, 0x90,
    0x0B, 0x6F, 0x1C, 0x32, 0x24, 0x93, 0x13, 0x90, 0x0B, 0x50, 0x1B, 0xD1, 0x6B, 0xEA, 0x43, 0xEE,
    0x14, 0x53, 0x24, 0xB4, 0x2C, 0xB4, 0x2C, 0xD4, 0x14, 0x54, 0x0B, 0xF3, 0x03, 0x51, 0x03, 0x50,
    0x12, 0xCE, 0x13, 0xD1, 0x03, 0x0F, 0x02, 0xEF, 0x03, 0x2F, 0x0B, 0x4F, 0x0B, 0x4F, 0x12, 0xCC,
    0x02, 0x6D, 0x1B, 0x90, 0x13, 0xD1, 0x0B, 0x4F, 0x02, 0xCD, 0x0B, 0x0E, 0x0A, 0x8D, 0x13, 0x6F,
    0x13, 0x4E, 0x02, 0xEE, 0x0B, 0x4F, 0x0A, 0xCE, 0x01, 0x47, 0x01, 0xC9, 0x02, 0x0A, 0x0A, 0xAB,
    0x01, 0xE9, 0x01, 0xA9, 0x01, 0xA9, 0x01, 0xEA, 0x02, 0x0A, 0x01, 0xC9, 0x01, 0xA9, 0x01, 0xEA,
    0x02, 0x0B, 0x01, 0xA9, 0x01, 0x89, 0x01, 0xA9, 0x01, 0xE9, 0x01, 0x68, 0x01, 0x68, 0x01, 0x48,
    0x01, 0x89, 0x01, 0xEB, 0x01, 0xEB, 0x01, 0xEB, 0x02, 0x2C, 0x02, 0x6D, 0x02, 0x4C, 0x02, 0x6C,
    0x02, 0x0B, 0x02, 0x4C, 0x02, 0x8C, 0x02, 0x2B, 0x01, 0xEB, 0x02, 0x4C, 0x0A, 0x8C, 0x02, 0x6C,
    0x01, 0xCA, 0x02, 0x0A, 0x02, 0x0A, 0x01, 0xE9, 0x01, 0xEA, 0x02, 0x0A, 0x01, 0xEA, 0x01, 0xE9,
    0x01, 0xA9, 0x01, 0xEA, 0x0A, 0x2A, 0x02, 0x0A, 0x12, 0x2A, 0x09, 0xE9, 0x01, 0xC9, 0x01, 0xE9,
    0x01, 0xE9, 0x02, 0x0A, 0x02, 0x4B, 0x02, 0xAC, 0x02, 0x6C, 0x02, 0x29, 0x69, 0x12, 0xF8, 0x1F,
    0xF8, 0x1F, 0xF8, 0x1F, 0xF8, 0x1F, 0xF8, 0x1F, 0xF8, 0x1F, 0xF8, 0x1F, 0xF8, 0x1F, 0xF8, 0x1F,
    0xF8, 0x1F, 0xF8, 0x1F, 0xF8, 0x1F, 0xF8, 0x1F, 0xF8, 0x1F, 0xF8, 0x1F, 0xF8, 0x1F, 0xF8, 0x1F,
    0xF8, 0x1F, 0xF8, 0x1F, 0xF8, 0x1F, 0xF8, 0x1F, 0xF8, 0x1F, 0xF8, 0x1F, 0xF8, 0x1F, 0xF8, 0x1F,
    0xA0, 0x56, 0x30, 0xEA, 0x11, 0xA7, 0x39, 0x6A, 0x88, 0x53, 0xF0, 0x1E, 0xF8, 0x1F, 0xF8, 0x1F,
    0xF8, 0x1F, 0xF8, 0x1F, 0xF8, 0x1F, 0xF8, 0x1F, 0xF8, 0x1F, 0xF8, 0x1F, 0xF8, 0x1F, 0xF8, 0x1F,
    0xF8, 0x1F, 0xF8, 0x1F, 0xF8, 0x1F, 0xF8, 0x1F, 0xF8, 0x1F, 0xF8, 0x1F, 0xF8, 0x1F, 0xF8, 0x1F,
    0xF8, 0x1F, 0xF8, 0x1F, 0xF8, 0x1F, 0xF8, 0x1F, 0xF8, 0x1F, 0xF0, 0x5F, 0x3A, 0xF3, 0x03, 0x90,
    0x13, 0xB2, 0x0B, 0xB2, 0x1B, 0xD2, 0x0B, 0xB2, 0x03, 0x91, 0x03, 0xF2, 0x0B, 0xF2, 0x0B, 0xB1,
    0x03, 0x4F, 0x0B, 0xB1, 0x24, 0x73, 0x1C, 0x52, 0x1C, 0x53, 0x14, 0x12, 0x1C, 0x12, 0x24, 0x73,
    0x24, 0x32, 0x13, 0xB0, 0x0B, 0x90, 0x0B, 0x4F, 0x02, 0xCE, 0x13, 0x70, 0x0B, 0x2F, 0x02, 0xCE,
    0x03, 0x2F, 0x03, 0x0F, 0x5B, 0x8B, 0x43, 0xEF, 0x03, 0xB1, 0x1C, 0x12, 0x1C, 0x53, 0x14, 0x12,
    0x2C, 0xB5, 0x24, 0xF5, 0x0C, 0xD5, 0x14, 0xB4, 0x0B, 0xB2, 0x13, 0xB1, 0x03, 0x30, 0x0B, 0x91,
    0x13, 0xB0, 0x03, 0x0F, 0x0B, 0x70, 0x13, 0x90, 0x0B, 0x0F, 0x1B, 0x70, 0x1B, 0xD0, 0x0B, 0x2E,
    0x0B, 0x2E, 0x13, 0x90, 0x13, 0x0F, 0x0A, 0xEE, 0x12, 0xED, 0x02, 0xEE, 0x14, 0x11, 0x2C, 0xF4,
    0x01, 0xC9, 0x01, 0xC9, 0x01, 0xC9, 0x01, 0xA9, 0x01, 0x88, 0x01, 0xC9, 0x01, 0xEA, 0x01, 0xEA,
    0x01, 0xA9, 0x01, 0xA9, 0x01, 0xEA, 0x01, 0xEA, 0x01, 0xEB, 0x02, 0x0B, 0x02, 0x0A, 0x02, 0x0A,
    0x01, 0xC9, 0x01, 0x68, 0x01, 0xA9, 0x01, 0xA9, 0x01, 0xEB, 0x02, 0x4D, 0x02, 0x4D, 0x02, 0x0C,
    0x02, 0x0C, 0x02, 0x4C, 0x02, 0x4B, 0x02, 0x2B, 0x02, 0x0B, 0x02, 0x2C, 0x02, 0x2B, 0x02, 0x0B,
    0x02, 0x0B, 0x02, 0x4B, 0x12, 0xAC, 0x01, 0xC9, 0x02, 0x0B, 0x02, 0x2B, 0x01, 0xC9, 0x01, 0xE9,
    0x01, 0xA8, 0x01, 0x87, 0x01, 0x88, 0x01, 0x88, 0x01, 0xA9, 0x01, 0xC9, 0x01, 0xE9, 0x01, 0xC9,
    0x01, 0xC9, 0x01, 0xEA, 0x02, 0x0B, 0x02, 0x0B, 0x02, 0x0B, 0x02, 0x4B, 0x02, 0x6C, 0x02, 0x8D,
    0x02, 0xCD, 0x22, 0x0E, 0xF0, 0x1E, 0xF8, 0x1F, 0xF8, 0x1F, 0xF8, 0x1F, 0xF8, 0x1F, 0xF8, 0x1F,
    0xF8, 0x1F, 0xF8, 0x1F, 0xF8, 0x1F, 0xF8, 0x1F, 0xF8, 0x1F, 0xF8, 0x1F, 0xF8, 0x1F, 0xF8, 0x1F,
    0xF8, 0x1F, 0xF8, 0x1F, 0xF8, 0x1F, 0xF8, 0x1F, 0xF8, 0x1F, 0xF8, 0x1F, 0xF8, 0x1F, 0xF8, 0x1F,
    0xF8, 0x1F, 0xF8, 0x1F, 0xB8, 0x38, 0x39, 0x0C, 0x01, 0xE8, 0x02, 0xAB, 0x0A, 0x4A, 0x02, 0x08,
    0x01, 0xC6, 0x21, 0x29, 0x98, 0x95, 0xF0, 0x1E, 0xF8, 0x1F, 0xF8, 0x1F, 0xF8, 0x1F, 0xF8, 0x1F,
    0xF8, 0x1F, 0xF8, 0x1F, 0xF8, 0x1F, 0xF8, 0x1F, 0xF8, 0x1F, 0xF8, 0x1F, 0xF8, 0x1F, 0xF8, 0x1F,
    0xF8, 0x1F, 0xF8, 0x1F, 0xF8, 0x1F, 0xF8, 0x1F, 0xF8, 0x1F, 0xF8, 0x1F, 0xF8, 0x1F, 0xF8, 0x1F,
    0xF8, 0x1F, 0xF8, 0x1F, 0xB1, 0x7B, 0x0C, 0x32, 0x03, 0x92, 0x0B, 0x91, 0x13, 0xD1, 0x1C, 0x13,
    0x24, 0x33, 0x03, 0xB2, 0x0B, 0xB2, 0x0C, 0x12, 0x03, 0x91, 0x0B, 0x91, 0x0B, 0xB1, 0x03, 0x30,
    0x03, 0x30, 0x03, 0x0F, 0x03, 0x30, 0x03, 0xB1, 0x0B, 0x90, 0x14, 0x12, 0x14, 0x32, 0x24, 0x73,
    0x24, 0x32, 0x1B, 0xF1, 0x24, 0x32, 0x24, 0x12, 0x13, 0xD1, 0x23, 0xF1, 0x0B, 0xB1, 0x03, 0x0F,
    0x02, 0xCE, 0x13, 0x90, 0x1B, 0xD0, 0x1B, 0xD1, 0x1C, 0x53, 0x24, 0x93, 0x3C, 0x32, 0x35, 0x15,
    0x25, 0x15, 0x03, 0xF2, 0x1C, 0x33, 0x24, 0x73, 0x0B, 0x90, 0x0B, 0x50, 0x03, 0x50, 0x0B, 0x70,
    0x1B, 0xF1, 0x13, 0xB1, 0x0B, 0x90, 0x03, 0xD1, 0x0B, 0x4F, 0x0B, 0x0E, 0x1B, 0xD1, 0x1B, 0x2E,
    0x13, 0x2F, 0x13, 0x4E, 0x13, 0x4F, 0x34, 0x72, 0x01, 0xC9, 0x01, 0x89, 0x01, 0xA9, 0x01, 0xE9,
    0x01, 0xA9, 0x01, 0xA8, 0x01, 0xA8, 0x01, 0x88, 0x01, 0xA9, 0x01, 0xA9, 0x01, 0xAA, 0x01, 0xAA,
    0x02, 0x0B, 0x02, 0x2B, 0x02, 0x0A, 0x01, 0xCA, 0x01, 0x89, 0x01, 0xA9, 0x02, 0x0B, 0x01, 0xAA,
    0x01, 0xEB, 0x02, 0x4C, 0x02, 0x2C, 0x02, 0x0B, 0x01, 0xEB, 0x01, 0xCA, 0x01, 0x89, 0x01, 0xEA,
    0x01, 0xEB, 0x02, 0x0B, 0x02, 0x0B, 0x02, 0x2B, 0x02, 0x2B, 0x02, 0x0A, 0x01, 0xEA, 0x02, 0x4B,
    0x02, 0x0A, 0x01, 0x68, 0x01, 0xA8, 0x01, 0xC9, 0x01, 0xA8, 0x01, 0xC9, 0x02, 0x0A, 0x02, 0x4C,
    0x02, 0x2B, 0x02, 0x2B, 0x02, 0x2B, 0x02, 0x2B, 0x02, 0x4B, 0x02, 0xAD, 0x02, 0x6C, 0x02, 0x6D,
    0x02, 0x8D, 0x02, 0x4C, 0x02, 0x4C, 0x02, 0xAE, 0x02, 0xAB, 0x78, 0xD3, 0xF8, 0x1F, 0xF8, 0x1F,
    0xF8, 0x1F, 0xF8, 0x1F, 0xF8, 0x1F, 0xF8, 0x1F, 0xF8, 0x1F, 0xF8, 0x1F, 0xF8, 0x1F, 0xF8, 0x1F,
    0xF8, 0x1F, 0xF8, 0x1F, 0xF8, 0x1F, 0xF8, 0x1F, 0xF8, 0x1F, 0xF8, 0x1F, 0xF8, 0x1F, 0xF8, 0x1F,
    0xF8, 0x1F, 0xF8, 0x1F, 0xF8, 0x1F, 0xF8, 0x1F, 0xC8, 0x1A, 0x48, 0xAD, 0x01, 0xE9, 0x03, 0x4E,
    0x03, 0xB2, 0x0B, 0x91, 0x03, 0x50, 0x03, 0x0E, 0x0A, 0xAD, 0x02, 0x09, 0x01, 0x85, 0x28, 0xE9,
    0x98, 0x55, 0xF8, 0x1F, 0xF8, 0x1F, 0xF8, 0x1F, 0xF8, 0x1F, 0xF8, 0x1F, 0xF8, 0x1F, 0xF8, 0x1F,
    0xF8, 0x1F, 0xF8, 0x1F, 0xF8, 0x1F, 0xF8, 0x1F, 0xF8, 0x1F, 0xF8, 0x1F, 0xF8, 0x1F, 0xF8, 0x1F,
    0xF8, 0x1F, 0xF8, 0x1F, 0xF8, 0x1F, 0xF8, 0x1F, 0xF8, 0x1F, 0xF8, 0x1F, 0xF8, 0x1F, 0x3A, 0xD4,
    0x04, 0x11, 0x03, 0x91, 0x03, 0x91, 0x03, 0x50, 0x0B, 0x71, 0x13, 0xF2, 0x0B, 0x91, 0x0B, 0xD2,
    0x14, 0x33, 0x03, 0xF2, 0x03, 0xF3, 0x03, 0xB1, 0x0B, 0xF2, 0x0C, 0x12, 0x03, 0x50, 0x02, 0xEF,
    0x03, 0x2F, 0x03, 0x2F, 0x03, 0x50, 0x0B, 0x91, 0x24, 0x73, 0x1C, 0x73, 0x2C, 0xB4, 0x13, 0xF2,
    0x03, 0xF2, 0x1C, 0x94, 0x1C, 0x53, 0x1C, 0x52, 0x1B, 0xD1, 0x13, 0x91, 0x13, 0x2F, 0x0B, 0x70,
    0x24, 0x11, 0x24, 0x12, 0x33, 0x6E, 0x13, 0xB1, 0x44, 0x51, 0x24, 0x73, 0x14, 0xD5, 0x0C, 0x53,
    0x03, 0xF2, 0x03, 0xB1, 0x03, 0x50, 0x03, 0x90, 0x03, 0x70, 0x02, 0xEE, 0x03, 0x4F, 0x13, 0x8F,
    0x13, 0xF1, 0x03, 0x70, 0x03, 0x2F, 0x02, 0xEE, 0x0B, 0x0E, 0x0A, 0xCD, 0x1B, 0x6F, 0x12, 0xAD,
    0x01, 0xA9, 0x01, 0xA9, 0x01, 0xA8, 0x01, 0xC8, 0x01, 0x87, 0x01, 0x26, 0x01, 0x67, 0x01, 0x67,
    0x01, 0x88, 0x01, 0xEA, 0x01, 0xEA, 0x02, 0x0A, 0x01, 0xEA, 0x01, 0xC9, 0x01, 0x88, 0x01, 0x88,
    0x01, 0xEA, 0x02, 0x0B, 0x02, 0x0B, 0x01, 0x89, 0x01, 0xCA, 0x02, 0x0B, 0x01, 0xAA, 0x01, 0xCA,
    0x02, 0x0B, 0x01, 0xA9, 0x01, 0xA9, 0x02, 0x2B, 0x02, 0x0B, 0x02, 0x2B, 0x02, 0x0A, 0x01, 0xA9,
    0x01, 0xCA, 0x01, 0xEA, 0x02, 0x0A, 0x01, 0xE9, 0x01, 0x47, 0x01, 0xA8, 0x01, 0xEA, 0x01, 0xEA,
    0x02, 0x0A, 0x02, 0x0B, 0x02, 0x6D, 0x02, 0xEF, 0x02, 0xEE, 0x02, 0x8D, 0x02, 0x6D, 0x02, 0xCE,
    0x02, 0x8E, 0x02, 0xEF, 0x03, 0x0F, 0x03, 0x30, 0x03, 0x2F, 0x02, 0xCF, 0x0B, 0x2F, 0x03, 0x50,
    0x02, 0x8C, 0xB0, 0x78, 0xF8, 0x1F, 0xF8, 0x1F, 0xF8, 0x1F, 0xF8, 0x1F, 0xF8, 0x1F, 0xF8, 0x1F,
    0xF8, 0x1F, 0xF8, 0x1F, 0xF8, 0x1F, 0xF8, 0x1F, 0xF8, 0x1F, 0xF8, 0x1F, 0xF8, 0x1F, 0xF8, 0x1F,
    0xF8, 0x1F, 0xF8, 0x1F, 0xF8, 0x1F, 0xF8, 0x1F, 0xF8, 0x1F, 0xF8, 0x1F, 0xD8, 0x1C, 0x60, 0xB0,
    0x02, 0x29, 0x03, 0x0C, 0x03, 0x51, 0x04, 0x33, 0x14, 0x12, 0x0B, 0xB1, 0x03, 0xB1, 0x03, 0x91,
    0x03, 0x0E, 0x02, 0x2B, 0x01, 0xEA, 0x01, 0x86, 0x00, 0xC3, 0x28, 0xC9, 0xB0, 0xB7, 0xF8, 0x1F,
    0xF8, 0x1F, 0xF8, 0x1F, 0xF8, 0x1F, 0xF8, 0x1F, 0xF8, 0x1F, 0xF8, 0x1F, 0xF8, 0x1F, 0xF8, 0x1F,
    0xF8, 0x1F, 0xF8, 0x1F, 0xF8, 0x1F, 0xF8, 0x1F, 0xF8, 0x1F, 0xF8, 0x1F, 0xF8, 0x1F, 0xF8, 0x1F,
    0xF8, 0x1F, 0xF8, 0x1F, 0xF8, 0x1F, 0x81, 0xB7, 0x03, 0x2D, 0x03, 0x30, 0x0B, 0x91, 0x03, 0x50,
    0x0B, 0x70, 0x03, 0x70, 0x03, 0x10, 0x0B, 0x91, 0x1C, 0x12, 0x0C, 0x33, 0x04, 0x54, 0x0C, 0x13,
    0x0B, 0xB2, 0x03, 0xD3, 0x04, 0x33, 0x03, 0xF2, 0x03, 0xB1, 0x03, 0x70, 0x03, 0x30, 0x03, 0x30,
    0x03, 0x30, 0x03, 0x70, 0x03, 0x90, 0x03, 0xD2, 0x04, 0x74, 0x03, 0xF2, 0x03, 0x70, 0x0B, 0xF2,
    0x24, 0x93, 0x3D, 0x15, 0x2C, 0xB4, 0x34, 0xB4, 0x24, 0x73, 0x13, 0xB1, 0x13, 0xD1, 0x24, 0x31,
    0x53, 0xEE, 0x34, 0x72, 0x14, 0x33, 0x0C, 0x12, 0x1C, 0xD5, 0x1C, 0xB4, 0x04, 0x12, 0x03, 0x50,
    0x02, 0xAE, 0x02, 0xEE, 0x02, 0x4C, 0x02, 0x8D, 0x13, 0x50, 0x0B, 0x6F, 0x0B, 0x6F, 0x03, 0x0E,
    0x03, 0x2E, 0x02, 0xAD, 0x12, 0xEE, 0x1B, 0xD0, 0x01, 0x67, 0x01, 0x67, 0x01, 0x88, 0x01, 0xA8,
    0x01, 0x67, 0x01, 0x67, 0x01, 0x88, 0x01, 0x89, 0x01, 0x89, 0x01, 0x88, 0x01, 0xC9, 0x01, 0xE9,
    0x01, 0x87, 0x01, 0x67, 0x01, 0x47, 0x19, 0xC8, 0x01, 0xA8, 0x01, 0xC9, 0x01, 0xEA, 0x01, 0xCA,
    0x01, 0xCA, 0x01, 0xCA, 0x02, 0x0B, 0x02, 0x4B, 0x02, 0x6C, 0x02, 0x4B, 0x02, 0x2B, 0x0A, 0x8B,
    0x02, 0x2A, 0x01, 0xC9, 0x01, 0x87, 0x09, 0x87, 0x01, 0x88, 0x01, 0xA9, 0x01, 0xC9, 0x01, 0xA9,
    0x01, 0xEA, 0x02, 0x0B, 0x02, 0x2B, 0x02, 0x4C, 0x02, 0x4C, 0x02, 0x8E, 0x02, 0xEF, 0x02, 0xEF,
    0x03, 0x70, 0x03, 0x70, 0x03, 0xB1, 0x03, 0xB1, 0x03, 0xB1, 0x03, 0xB1, 0x03, 0xD1, 0x03, 0xF2,
    0x03, 0xB1, 0x03, 0xB1, 0x0B, 0xB1, 0x03, 0x4F, 0x01, 0xEA, 0xC8, 0x3A, 0xF8, 0x1F, 0xF8, 0x1F,
    0xF8, 0x1F, 0xF8, 0x1F, 0xF8, 0x1F, 0xF8, 0x1F, 0xF8, 0x1F, 0xF8, 0x1F, 0xF8, 0x1F, 0xF8, 0x1F,
    0xF8, 0x1F, 0xF8, 0x1F, 0xF8, 0x1F, 0xF8, 0x1F, 0xF8, 0x1F, 0xF8, 0x1F, 0xF8, 0x1F, 0xF8, 0x1F,
    0xE8, 0x1D, 0x78, 0x71, 0x09, 0xA9, 0x02, 0xCB, 0x1A, 0x4A, 0x3B, 0xF0, 0x0C, 0x33, 0x14, 0x32,
    0x0B, 0x90, 0x03, 0x71, 0x0B, 0x70, 0x03, 0x50, 0x03, 0x0E, 0x02, 0xAD, 0x01, 0xEA, 0x0A, 0x2B,
    0x1A, 0x8B, 0x01, 0xE8, 0x01, 0x65, 0x39, 0x0A, 0xB0, 0x77, 0xF8, 0x1F, 0xF8, 0x1F, 0xF8, 0x1F,
    0xF8, 0x1F, 0xF8, 0x1F, 0xF8, 0x1F, 0xF8, 0x1F, 0xF8, 0x1F, 0xF8, 0x1F, 0xF8, 0x1F, 0xF8, 0x1F,
    0xF8, 0x1F, 0xF8, 0x1F, 0xF8, 0x1F, 0xF8, 0x1F, 0xF8, 0x1F, 0xF8, 0x1F, 0xF8, 0x1F, 0x99, 0x59,
    0x03, 0x2E, 0x0B, 0x30, 0x13, 0x50, 0x02, 0xAE, 0x0B, 0x50, 0x0B, 0x90, 0x0B, 0x91, 0x03, 0x10,
    0x02, 0xEF, 0x0B, 0x71, 0x14, 0x53, 0x1C, 0x74, 0x14, 0x33, 0x0B, 0xD2, 0x03, 0x72, 0x03, 0xB2,
    0x03, 0xF2, 0x04, 0x33, 0x0C, 0x33, 0x03, 0xF2, 0x03, 0xB1, 0x03, 0x71, 0x03, 0x50, 0x03, 0x0F,
    0x03, 0x4F, 0x03, 0x2F, 0x02, 0xEE, 0x03, 0x2F, 0x03, 0x50, 0x0B, 0xD1, 0x03, 0xF2, 0x2C, 0x94,
    0x45, 0x15, 0x2C, 0xB4, 0x24, 0x73, 0x24, 0x32, 0x1C, 0x12, 0x2C, 0x94, 0x24, 0x53, 0x13, 0xF2,
    0x1C, 0x33, 0x24, 0x53, 0x1C, 0x94, 0x14, 0x33, 0x0B, 0xB2, 0x0B, 0xF2, 0x0B, 0xD2, 0x0B, 0xB1,
    0x0B, 0x50, 0x02, 0xAE, 0x02, 0xAE, 0x02, 0xAD, 0x0A, 0xEE, 0x13, 0x6F, 0x0B, 0x2E, 0x13, 0x2E,
    0x01, 0xCA, 0x01, 0xC9, 0x01, 0xCA, 0x01, 0x89, 0x01, 0xA9, 0x01, 0xA9, 0x01, 0x88, 0x01, 0xCA,
    0x02, 0x0B, 0x01, 0xEA, 0x01, 0xCA, 0x01, 0xA9, 0x01, 0xC9, 0x01, 0xC9, 0x01, 0xEA, 0x01, 0xA9,
    0x01, 0x68, 0x01, 0xA9, 0x01, 0xC9, 0x01, 0xEA, 0x02, 0x0A, 0x01, 0xEA, 0x01, 0xEA, 0x01, 0xEA,
    0x01, 0xA9, 0x09, 0xC9, 0x01, 0xA8, 0x09, 0xA8, 0x01, 0xC9, 0x01, 0xA9, 0x09, 0xE8, 0x21, 0xE8,
    0x02, 0x0A, 0x02, 0x0B, 0x02, 0x2B, 0x02, 0x4C, 0x02, 0x8D, 0x02, 0xCE, 0x02, 0xEF, 0x02, 0xEF,
    0x03, 0x50, 0x03, 0x71, 0x03, 0x71, 0x0B, 0x91, 0x0B, 0xF1, 0x14, 0x32, 0x0B, 0xF1, 0x0B, 0x90,
    0x03, 0xB0, 0x03, 0x2E, 0x02, 0xEE, 0x03, 0x0E, 0x03, 0x2E, 0x03, 0x0E, 0x03, 0x0F, 0x03, 0x4E,
    0x11, 0xCA, 0xE8, 0x1D, 0xF8, 0x1F, 0xF8, 0x1F, 0xF8, 0x1F, 0xF8, 0x1F, 0xF8, 0x1F, 0xF8, 0x1F,
    0xF8, 0x1F, 0xF8, 0x1F, 0xF8, 0x1F, 0xF8, 0x1F, 0xF8, 0x1F, 0xF8, 0x1F, 0xF8, 0x1F, 0xF8, 0x1F,
    0xF8, 0x1F, 0xF8, 0x1F, 0xF0, 0x1E, 0x90, 0x74, 0x21, 0xAA, 0x03, 0x0C, 0x1C, 0x73, 0x13, 0xD2,
    0x11, 0xE9, 0x2B, 0x90, 0x1C, 0x73, 0x03, 0x91, 0x03, 0x70, 0x03, 0x70, 0x03, 0x0F, 0x02, 0xEE,
    0x02, 0x6C, 0x02, 0x8D, 0x02, 0x6C, 0x12, 0xEE, 0x34, 0x51, 0x0A, 0x6B, 0x0A, 0x2A, 0x01, 0xC7,
    0x01, 0x45, 0x49, 0x6C, 0xC0, 0x99, 0xF8, 0x1F, 0xF8, 0x1F, 0xF8, 0x1F, 0xF8, 0x1F, 0xF8, 0x1F,
    0xF8, 0x1F, 0xF8, 0x1F, 0xF8, 0x1F, 0xF8, 0x1F, 0xF8, 0x1F, 0xF8, 0x1F, 0xF8, 0x1F, 0xF8, 0x1F,
    0xF8, 0x1F, 0xF8, 0x1F, 0xF8, 0x1F, 0xB0, 0xFB, 0x0B, 0x90, 0x13, 0xB0, 0x03, 0x4F, 0x03, 0x2F,
    0x0B, 0x2F, 0x02, 0x6D, 0x02, 0xCE, 0x0B, 0x50, 0x0B, 0x50, 0x03, 0x90, 0x13, 0xF2, 0x0B, 0xD2,
    0x1C, 0x94, 0x24, 0xB5, 0x1C, 0x95, 0x14, 0x54, 0x0B, 0xF2, 0x02, 0xCF, 0x03, 0x50, 0x0B, 0xF2,
    0x0C, 0x13, 0x04, 0x13, 0x0C, 0x33, 0x03, 0xB1, 0x03, 0x50, 0x02, 0xCF, 0x13, 0xB1, 0x03, 0x30,
    0x03, 0x4F, 0x0B, 0x70, 0x03, 0x71, 0x0C, 0x33, 0x0C, 0x33, 0x1C, 0x52, 0x1C, 0x74, 0x34, 0xF5,
    0x34, 0xF4, 0x2C, 0xB3, 0x1B, 0xF1, 0x1C, 0x32, 0x3C, 0x93, 0x24, 0x32, 0x14, 0x12, 0x34, 0xF5,
    0x2C, 0xD5, 0x14, 0x94, 0x1C, 0xB4, 0x13, 0xF2, 0x0B, 0x91, 0x03, 0xB1, 0x03, 0x2F, 0x0A, 0x8D,
    0x0A, 0x4C, 0x02, 0x0B, 0x0B, 0x0E, 0x02, 0xCD, 0x02, 0x4C, 0x02, 0x8C, 0x02, 0x6C, 0x02, 0x2B,
    0x02, 0x2B, 0x02, 0x0B, 0x01, 0xEA, 0x02, 0x2B, 0x02, 0x6C, 0x02, 0x4C, 0x02, 0x2C, 0x02, 0x2C,
    0x01, 0xEB, 0x01, 0xEA, 0x02, 0x0A, 0x02, 0x2B, 0x02, 0x0B, 0x02, 0x4C, 0x02, 0x0B, 0x01, 0xCA,
    0x01, 0xA9, 0x01, 0xA9, 0x01, 0xA8, 0x01, 0x88, 0x01, 0xC9, 0x2A, 0x49, 0x0A, 0x0A, 0x01, 0x89,
    0x01, 0x47, 0x01, 0xA9, 0x02, 0x0B, 0x02, 0x2B, 0x02, 0x2B, 0x02, 0x0B, 0x02, 0x8C, 0x02, 0x6C,
    0x02, 0xAE, 0x03, 0x0F, 0x03, 0x91, 0x03, 0xD2, 0x03, 0xF2, 0x04, 0x12, 0x1C, 0x52, 0x1C, 0x11,
    0x0B, 0xD1, 0x0B, 0xB0, 0x03, 0x4F, 0x03, 0x0E, 0x03, 0x0D, 0x02, 0x4B, 0x02, 0x8C, 0x02, 0x2A,
    0x02, 0x4B, 0x0A, 0x6B, 0x02, 0x8C, 0x02, 0xAC, 0x11, 0x68, 0xF0, 0x1E, 0xF8, 0x1F, 0xF8, 0x1F,
    0xF8, 0x1F, 0xF8, 0x1F, 0xF8, 0x1F, 0xF8, 0x1F, 0xF8, 0x1F, 0xF8, 0x1F, 0xF8, 0x1F, 0xF8, 0x1F,
    0xF8, 0x1F, 0xF8, 0x1F, 0xF8, 0x1F, 0xF8, 0x1F, 0xF8, 0x1F, 0xA0, 0x56, 0x29, 0x6B, 0x02, 0x8A,
    0x03, 0x8F, 0x13, 0xF2, 0x03, 0x91, 0x0C, 0x12, 0x0C, 0x33, 0x03, 0xF2, 0x0B, 0x91, 0x03, 0x4F,
    0x02, 0xEE, 0x02, 0x8D, 0x0A, 0xCD, 0x02, 0x6C, 0x02, 0x2C, 0x02, 0x8D, 0x02, 0x4C, 0x13, 0x70,
    0x3C, 0xF4, 0x1B, 0x90, 0x13, 0x6F, 0x1B, 0x0E, 0x12, 0x6B, 0x1A, 0xCA, 0x2A, 0xA9, 0x61, 0xAE,
    0xC8, 0x99, 0xF8, 0x1F, 0xF8, 0x1F, 0xF8, 0x1F, 0xF8, 0x1F, 0xF8, 0x1F, 0xF8, 0x1F, 0xF8, 0x1F,
    0xF8, 0x1F, 0xF8, 0x1F, 0xF8, 0x1F, 0xF8, 0x1F, 0xF8, 0x1F, 0xF8, 0x1F, 0xF8, 0x1F, 0xB8, 0xBB,
    0x02, 0xEE, 0x0A, 0xEE, 0x0B, 0x2F, 0x0B, 0x4F, 0x13, 0x4F, 0x13, 0x0E, 0x02, 0xCE, 0x02, 0xEE,
    0x03, 0x0F, 0x03, 0x4F, 0x03, 0x50, 0x0B, 0xB1, 0x0B, 0x71, 0x1C, 0x33, 0x2C, 0xD5, 0x1C, 0x74,
    0x14, 0x54, 0x13, 0xD2, 0x03, 0x31, 0x03, 0x71, 0x03, 0x71, 0x03, 0x72, 0x04, 0x33, 0x04, 0x53,
    0x04, 0x74, 0x04, 0x33, 0x0C, 0x53, 0x03, 0xF2, 0x03, 0xD2, 0x0C, 0x33, 0x0C, 0x12, 0x0C, 0x12,
    0x0B, 0xF2, 0x03, 0xD2, 0x03, 0xF2, 0x0B, 0xF2, 0x14, 0x12, 0x14, 0x32, 0x3D, 0x15, 0x34, 0xB4,
    0x24, 0x73, 0x34, 0xB4, 0x24, 0x73, 0x24, 0x94, 0x1C, 0x53, 0x1C, 0x32, 0x34, 0xF5, 0x24, 0xF5,
    0x1C, 0xD4, 0x14, 0x94, 0x14, 0x53, 0x13, 0xB1, 0x02, 0xCE, 0x02, 0x6D, 0x02, 0x6D, 0x02, 0x4C,
    0x02, 0x8D, 0x02, 0x8C, 0x02, 0x2B, 0x02, 0x4C, 0x02, 0x6C, 0x02, 0x8D, 0x02, 0x6C, 0x02, 0x6D,
    0x01, 0xEB, 0x02, 0x0B, 0x02, 0xAD, 0x02, 0x6D, 0x02, 0x0B, 0x02, 0x0C, 0x02, 0x4C, 0x02, 0x8D,
    0x02, 0xAD, 0x02, 0x2C, 0x02, 0x2C, 0x02, 0x0B, 0x01, 0xEB, 0x02, 0x0B, 0x02, 0x0B, 0x01, 0xEB,
    0x01, 0xEB, 0x02, 0x2C, 0x02, 0x2C, 0x01, 0xEB, 0x01, 0xCA, 0x01, 0xEA, 0x02, 0x2C, 0x02, 0x2C,
    0x02, 0x4C, 0x02, 0x6C, 0x02, 0x4D, 0x02, 0xAE, 0x03, 0x91, 0x03, 0xD1, 0x03, 0xB1, 0x03, 0x6F,
    0x03, 0x2E, 0x03, 0x2E, 0x0B, 0x4F, 0x03, 0x0E, 0x02, 0xCD, 0x02, 0x4B, 0x02, 0x4B, 0x02, 0xAC,
    0x02, 0x6B, 0x02, 0x4B, 0x02, 0xAC, 0x02, 0x2B, 0x02, 0xAD, 0x02, 0xED, 0x0A, 0xEE, 0x02, 0xAC,
    0x09, 0x48, 0xF0, 0x1E, 0xF8, 0x1F, 0xF8, 0x1F, 0xF8, 0x1F, 0xF8, 0x1F, 0xF8, 0x1F, 0xF8, 0x1F,
    0xF8, 0x1F, 0xF8, 0x1F, 0xF8, 0x1F, 0xF8, 0x1F, 0xF8, 0x1F, 0xF8, 0x1F, 0xF8, 0x1F, 0xB8, 0x38,
    0x39, 0x0C, 0x02, 0x69, 0x02, 0xED, 0x02, 0xEF, 0x03, 0x0F, 0x03, 0x0F, 0x0B, 0x70, 0x03, 0x50,
    0x0B, 0x4F, 0x03, 0x0F, 0x02, 0xEF, 0x0A, 0xEE, 0x02, 0xCD, 0x0A, 0x8D, 0x0A, 0xEE, 0x02, 0x6C,
    0x02, 0x4C, 0x0B, 0x0F, 0x02, 0xAD, 0x02, 0x6D, 0x4D, 0x35, 0x4D, 0x14, 0x24, 0x32, 0x3C, 0xF4,
    0x34, 0x52, 0x44, 0x51, 0x4C, 0x30, 0x3B, 0xCD, 0x2A, 0xA9, 0x61, 0x6E, 0xC8, 0x7A, 0xF8, 0x1F,
    0xF8, 0x1F, 0xF8, 0x1F, 0xF8, 0x1F, 0xF8, 0x1F, 0xF8, 0x1F, 0xF8, 0x1F, 0xF8, 0x1F, 0xF8, 0x1F,
    0xF8, 0x1F, 0xF8, 0x1F, 0xF8, 0x1F, 0xB0, 0xFA, 0x0B, 0x2E, 0x0A, 0xCE, 0x02, 0x8D, 0x02, 0xEF,
    0x02, 0xEE, 0x0B, 0x0E, 0x02, 0xAD, 0x02, 0xAD, 0x02, 0xCE, 0x02, 0xCF, 0x03, 0x0F, 0x03, 0x30,
    0x0B, 0x71, 0x13, 0x91, 0x0B, 0x71, 0x0B, 0xB1, 0x0C, 0x13, 0x1C, 0x33, 0x13, 0xD2, 0x0B, 0xF2,
    0x03, 0xB2, 0x03, 0x51, 0x03, 0x72, 0x03, 0xF3, 0x0C, 0x13, 0x04, 0x33, 0x04, 0x33, 0x0C, 0x13,
    0x04, 0x13, 0x04, 0x13, 0x03, 0xF3, 0x04, 0x12, 0x14, 0x32, 0x0C, 0x12, 0x0C, 0x12, 0x03, 0x91,
    0x0B, 0x91, 0x03, 0x91, 0x14, 0x33, 0x34, 0xB4, 0x3D, 0x15, 0x24, 0x33, 0x24, 0x73, 0x2C, 0x73,
    0x2C, 0x93, 0x1C, 0x32, 0x2C, 0xB4, 0x4D, 0x76, 0x1C, 0x73, 0x24, 0x94, 0x14, 0x33, 0x2C, 0xF5,
    0x0C, 0x33, 0x03, 0x50, 0x02, 0x8D, 0x02, 0x6D, 0x02, 0xCE, 0x02, 0x6C, 0x01, 0xCA, 0x01, 0xEA,
    0x02, 0x2A, 0x02, 0x4B, 0x02, 0x8D, 0x02, 0xAD, 0x02, 0xAD, 0x02, 0xCE, 0x02, 0xCE, 0x02, 0x4C,
    0x02, 0x8C, 0x02, 0x6C, 0x02, 0xAE, 0x03, 0x0F, 0x03, 0x0F, 0x02, 0xEE, 0x02, 0x8D, 0x02, 0x4D,
    0x02, 0xAE, 0x03, 0x0E, 0x02, 0xEE, 0x02, 0xCE, 0x02, 0xCE, 0x02, 0xCF, 0x02, 0x8D, 0x02, 0x8D,
    0x02, 0x8D, 0x02, 0xAD, 0x02, 0xAE, 0x02, 0xCE, 0x02, 0xEE, 0x03, 0x2F, 0x03, 0x50, 0x03, 0x91,
    0x03, 0x90, 0x02, 0xCD, 0x02, 0x6B, 0x02, 0x4B, 0x02, 0x4A, 0x02, 0x6B, 0x02, 0x4B, 0x01, 0xEA,
    0x02, 0x4B, 0x02, 0x4B, 0x02, 0x6B, 0x02, 0x8C, 0x0A, 0xEE, 0x13, 0x2E, 0x0B, 0x2E, 0x03, 0x6F,
    0x0B, 0x2E, 0x02, 0x6B, 0x02, 0x8B, 0x02, 0x6A, 0x11, 0x47, 0xE8, 0x1D, 0xF8, 0x1F, 0xF8, 0x1F,
    0xF8, 0x1F, 0xF8, 0x1F, 0xF8, 0x1F, 0xF8, 0x1F, 0xF8, 0x1F, 0xF8, 0x1F, 0xF8, 0x1F, 0xF8, 0x1F,
    0xF8, 0x1F, 0xC8, 0x3A, 0x48, 0xAD, 0x01, 0xE9, 0x0B, 0xAF, 0x0B, 0x2F, 0x02, 0xCE, 0x02, 0xEE,
    0x02, 0x8D, 0x02, 0xAD, 0x0B, 0x0E, 0x02, 0x8D, 0x02, 0x8D, 0x02, 0xAE, 0x0B, 0x0E, 0x0A, 0xCD,
    0x02, 0x6C, 0x02, 0x2B, 0x02, 0x2B, 0x02, 0x2C, 0x02, 0xAD, 0x02, 0xEE, 0x0A, 0xCE, 0x02, 0xAE,
    0x3C, 0xF4, 0x34, 0x72, 0x23, 0xD1, 0x3C, 0xD4, 0x66, 0x18, 0x76, 0x79, 0x6D, 0xD6, 0x65, 0x14,
    0x4C, 0x10, 0x33, 0x8C, 0x22, 0x28, 0x58, 0xEE, 0xC8, 0x5A, 0xF8, 0x1F, 0xF8, 0x1F, 0xF8, 0x1F,
    0xF8, 0x1F, 0xF8, 0x1F, 0xF8, 0x1F, 0xF8, 0x1F, 0xF8, 0x1F, 0xF8, 0x1F, 0xF8, 0x1F, 0xA1, 0x19,
    0x02, 0x8D, 0x02, 0x6D, 0x13, 0x2F, 0x1B, 0x70, 0x03, 0x0F, 0x0B, 0x70, 0x0B, 0x0F, 0x03, 0x0F,
    0x13, 0x2F, 0x0A, 0xEF, 0x02, 0xCF, 0x02, 0xAF, 0x0B, 0x91, 0x13, 0xD2, 0x1B, 0x91, 0x0B, 0x70,
    0x02, 0xEF, 0x0B, 0x71, 0x0B, 0xD2, 0x14, 0x13, 0x14, 0x12, 0x0B, 0xB1, 0x0B, 0xB2, 0x0B, 0xD2,
    0x0B, 0xB2, 0x03, 0xF3, 0x03, 0xD2, 0x03, 0xD2, 0x0B, 0xD2, 0x03, 0xB2, 0x0B, 0xD2, 0x1C, 0x73,
    0x13, 0x70, 0x03, 0x91, 0x03, 0xB2, 0x0C, 0x33, 0x0C, 0x33, 0x24, 0x73, 0x2C, 0x94, 0x14, 0x74,
    0x3D, 0x15, 0x3D, 0x35, 0x45, 0x14, 0x24, 0x32, 0x1C, 0x33, 0x1C, 0x52, 0x1C, 0x53, 0x24, 0xD4,
    0x24, 0x94, 0x1C, 0x74, 0x2D, 0x16, 0x35, 0x57, 0x25, 0x16, 0x0B, 0xF2, 0x0B, 0x2F, 0x03, 0x0F,
    0x02, 0x6C, 0x02, 0x2A, 0x01, 0xEA, 0x01, 0xC9, 0x01, 0xC9, 0x01, 0xE9, 0x02, 0x0A, 0x02, 0x2B,
    0x02, 0x4B, 0x02, 0x4C, 0x02, 0x4B, 0x01, 0xE9, 0x01, 0x88, 0x01, 0xEA, 0x02, 0x6C, 0x02, 0x6C,
    0x02, 0xAE, 0x03, 0x0F, 0x02, 0x8D, 0x02, 0xCE, 0x03, 0x2E, 0x03, 0x0E, 0x03, 0x0D, 0x02, 0xED,
    0x03, 0x0E, 0x03, 0x4F, 0x03, 0x2F, 0x02, 0xEF, 0x03, 0x30, 0x03, 0x2F, 0x02, 0xCD, 0x03, 0x0E,
    0x03, 0x0E, 0x03, 0x2F, 0x03, 0x6F, 0x02, 0xCD, 0x02, 0x4B, 0x02, 0x0A, 0x02, 0x0A, 0x02, 0x0A,
    0x02, 0x4B, 0x02, 0x4B, 0x02, 0x8C, 0x0A, 0xAD, 0x0A, 0xAC, 0x02, 0x8C, 0x02, 0x8C, 0x0A, 0xED,
    0x0B, 0x0D, 0x02, 0x6B, 0x02, 0x6C, 0x02, 0x4B, 0x02, 0x2B, 0x02, 0x0B, 0x02, 0x0B, 0x02, 0x2B,
    0x09, 0x47, 0xD8, 0x1B, 0xF8, 0x1F, 0xF8, 0x1F, 0xF8, 0x1F, 0xF8, 0x1F, 0xF8, 0x1F, 0xF8, 0x1F,
    0xF8, 0x1F, 0xF8, 0x1F, 0xF8, 0x1F, 0xD8, 0x1C, 0x60, 0xAF, 0x01, 0xA8, 0x02, 0xAC, 0x14, 0x13,
    0x0B, 0x50, 0x0B, 0x2F, 0x0B, 0x0E, 0x02, 0x4C, 0x02, 0x4C, 0x02, 0x8C, 0x02, 0x8C, 0x02, 0x6D,
    0x02, 0x8D, 0x02, 0x8C, 0x0A, 0x6B, 0x02, 0x2B, 0x01, 0xEB, 0x02, 0x4C, 0x02, 0x0B, 0x02, 0x8D,
    0x02, 0xCE, 0x02, 0xCF, 0x13, 0xD1, 0x0B, 0x4F, 0x2C, 0x73, 0x24, 0x73, 0x34, 0x93, 0x3C, 0xB3,
    0x45, 0x56, 0x86, 0xFB, 0x87, 0x1B, 0x7E, 0x99, 0x6D, 0x95, 0x5C, 0xD3, 0x43, 0xAE, 0x12, 0x68,
    0x11, 0xC7, 0x61, 0x0F, 0xD8, 0x7B, 0xF8, 0x1F, 0xF8, 0x1F, 0xF8, 0x1F, 0xF8, 0x1F, 0xF8, 0x1F,
    0xF8, 0x1F, 0xF8, 0x1F, 0xF8, 0x1F, 0xAA, 0x7A, 0x45, 0xB4, 0x23, 0x70, 0x02, 0x0B, 0x12, 0xCE,
    0x13, 0x50, 0x02, 0xCE, 0x0B, 0x2F, 0x03, 0x2F, 0x0B, 0x0F, 0x13, 0x6F, 0x0B, 0x0E, 0x02, 0xEF,
    0x02, 0xCE, 0x0B, 0x91, 0x0B, 0x91, 0x02, 0xEF, 0x03, 0x50, 0x0A, 0x6D, 0x02, 0xEF, 0x03, 0x91,
    0x13, 0xF2, 0x14, 0x12, 0x0B, 0xD2, 0x03, 0x50, 0x03, 0x30, 0x0B, 0xB1, 0x14, 0x33, 0x0B, 0x91,
    0x03, 0x71, 0x03, 0xD2, 0x03, 0x91, 0x2C, 0x94, 0x1C, 0x32, 0x14, 0x12, 0x0B, 0xB2, 0x03, 0xB1,
    0x0C, 0x53, 0x14, 0x74, 0x1C, 0x94, 0x1C, 0xB4, 0x24, 0xD5, 0x3D, 0x15, 0x3C, 0xF4, 0x3C, 0xF4,
    0x3C, 0xD4, 0x1B, 0xF1, 0x24, 0x32, 0x34, 0x73, 0x34, 0xF4, 0x2C, 0xF5, 0x24, 0xD5, 0x2C, 0xB5,
    0x34, 0xF5, 0x0C, 0x33, 0x03, 0xB1, 0x03, 0x91, 0x01, 0xE9, 0x02, 0x09, 0x01, 0xEA, 0x01, 0xEA,
    0x01, 0xEA, 0x01, 0xEA, 0x01, 0xE9, 0x02, 0x2A, 0x02, 0x8B, 0x01, 0xE9, 0x01, 0xA9, 0x01, 0xC8,
    0x01, 0xE9, 0x01, 0xC9, 0x01, 0x88, 0x02, 0x0A, 0x02, 0x2B, 0x02, 0x6C, 0x02, 0x6C, 0x02, 0x2B,
    0x02, 0x0A, 0x02, 0x2A, 0x02, 0x0A, 0x01, 0xA9, 0x01, 0xA8, 0x02, 0x0A, 0x02, 0xAC, 0x03, 0x0E,
    0x02, 0xAD, 0x02, 0x8C, 0x02, 0x6C, 0x02, 0xAC, 0x02, 0x4B, 0x02, 0x2B, 0x02, 0x4B, 0x02, 0x0A,
    0x02, 0x4B, 0x02, 0x6C, 0x02, 0x8C, 0x02, 0xAD, 0x02, 0x8C, 0x02, 0x8C, 0x02, 0x6B, 0x02, 0x8B,
    0x02, 0x4A, 0x02, 0x2A, 0x02, 0x4B, 0x02, 0x2B, 0x02, 0x2B, 0x02, 0x2B, 0x02, 0x2B, 0x02, 0x6C,
    0x02, 0xCF, 0x03, 0x30, 0x03, 0x50, 0x02, 0xCE, 0x01, 0xC8, 0xB8, 0x38, 0xF8, 0x1F, 0xF8, 0x1F,
    0xF8, 0x1F, 0xF8, 0x1F, 0xF8, 0x1F, 0xF8, 0x1F, 0xF8, 0x1F, 0xE8, 0x1D, 0x78, 0x71, 0x09, 0x88,
    0x02, 0x8A, 0x03, 0x70, 0x1C, 0x94, 0x13, 0xD1, 0x03, 0x0F, 0x13, 0xB0, 0x02, 0x8D, 0x02, 0xAD,
    0x02, 0x2B, 0x02, 0x0B, 0x02, 0x4B, 0x02, 0x6C, 0x02, 0x8C, 0x12, 0x4A, 0x0A, 0x0A, 0x02, 0x4B,
    0x01, 0xCA, 0x12, 0xAD, 0x02, 0x0C, 0x02, 0x2D, 0x0B, 0xB1, 0x0B, 0x91, 0x0B, 0x30, 0x14, 0x32,
    0x3D, 0x76, 0x66, 0x18, 0x34, 0xD4, 0x4D, 0x56, 0x66, 0x39, 0x87, 0x1B, 0x87, 0x3B, 0x86, 0xFB,
    0x6E, 0x18, 0x5D, 0x96, 0x4C, 0x93, 0x43, 0xF0, 0x3B, 0xAF, 0x2B, 0x6B, 0x32, 0xAA, 0x79, 0x71,
    0xD8, 0x5C, 0xF8, 0x1F, 0xF8, 0x1F, 0xF8, 0x1F, 0xF8, 0x1F, 0xF8, 0x1F, 0xF8, 0x1F, 0x4B, 0x34,
    0x13, 0xD0, 0x4C, 0xF4, 0x1B, 0x90, 0x02, 0x4D, 0x1B, 0x90, 0x1B, 0xD0, 0x0B, 0x2F, 0x0B, 0x4F,
    0x0B, 0x2F, 0x13, 0x0F, 0x0B, 0x2F, 0x02, 0xCE, 0x02, 0xAE, 0x02, 0x8D, 0x03, 0x71, 0x03, 0x71,
    0x0B, 0xD2, 0x0B, 0x70, 0x02, 0xF0, 0x03, 0x50, 0x03, 0x91, 0x13, 0xF2, 0x14, 0x13, 0x0B, 0x91,
    0x13, 0x92, 0x0B, 0xD3, 0x0B, 0xB2, 0x13, 0x30, 0x03, 0x30, 0x0B, 0x71, 0x0B, 0x51, 0x13, 0xD2,
    0x13, 0xD2, 0x0B, 0x91, 0x0B, 0xF2, 0x14, 0x13, 0x0B, 0xB1, 0x0B, 0xB2, 0x0C, 0x33, 0x14, 0x74,
    0x0C, 0x95, 0x14, 0xD5, 0x45, 0x55, 0x2C, 0xB4, 0x34, 0xF5, 0x3D, 0x15, 0x24, 0x73, 0x3C, 0xD4,
    0x44, 0xF5, 0x45, 0x35, 0x34, 0xF5, 0x0B, 0xB2, 0x1C, 0x53, 0x34, 0xF5, 0x24, 0xF5, 0x14, 0x94,
    0x01, 0xC9, 0x01, 0xE9, 0x01, 0xEA, 0x01, 0xCA, 0x02, 0x0A, 0x02, 0x2B, 0x01, 0xC9, 0x01, 0xEA,
    0x02, 0x4B, 0x02, 0x6A, 0x01, 0xE9, 0x01, 0xE9, 0x02, 0x09, 0x01, 0xE9, 0x01, 0xC9, 0x02, 0x0A,
    0x01, 0xA8, 0x01, 0x88, 0x01, 0xC9, 0x01, 0xE9, 0x01, 0xEA, 0x02, 0x2A, 0x02, 0x2A, 0x01, 0xE9,
    0x01, 0xA8, 0x01, 0xC9, 0x01, 0xC9, 0x01, 0xA9, 0x01, 0xC9, 0x02, 0x0A, 0x02, 0x2A, 0x02, 0x0A,
    0x02, 0x2B, 0x02, 0xAC, 0x02, 0x4B, 0x02, 0x4B, 0x02, 0x6C, 0x02, 0x6C, 0x02, 0x6C, 0x02, 0x6C,
    0x02, 0x4B, 0x02, 0x0B, 0x02, 0x0A, 0x02, 0x4B, 0x02, 0x4B, 0x02, 0x6C, 0x02, 0xAD, 0x02, 0xCD,
    0x02, 0xAE, 0x02, 0x8E, 0x02, 0xCF, 0x02, 0xAE, 0x02, 0xCE, 0x03, 0x2F, 0x03, 0x51, 0x02, 0xEF,
    0x02, 0x08, 0x70, 0xB1, 0xF8, 0x1F, 0xF8, 0x1F, 0xF8, 0x1F, 0xF8, 0x1F, 0xF8, 0x1F, 0xF0, 0x1E,
    0x90, 0x74, 0x19, 0x49, 0x02, 0x49, 0x02, 0xEE, 0x03, 0x0F, 0x02, 0xEE, 0x0B, 0x4F, 0x0A, 0xEE,
    0x0B, 0x0E, 0x02, 0xAD, 0x02, 0x8D, 0x0A, 0x2B, 0x02, 0x0A, 0x02, 0x2A, 0x0A, 0x2A, 0x01, 0xEA,
    0x02, 0x0A, 0x02, 0x4C, 0x02, 0x6C, 0x0A, 0x2B, 0x0A, 0x6C, 0x0A, 0xAD, 0x1A, 0xCD, 0x02, 0x4C,
    0x0B, 0x70, 0x0B, 0x2F, 0x02, 0xCF, 0x1C, 0x73, 0x3D, 0x56, 0x76, 0xBA, 0x55, 0xD7, 0x55, 0xD8,
    0x87, 0x3B, 0x7F, 0x1B, 0x87, 0x3B, 0x7E, 0x79, 0x65, 0xF7, 0x76, 0x79, 0x76, 0x59, 0x6E, 0x38,
    0x6D, 0xF7, 0x65, 0x55, 0x54, 0xB1, 0x33, 0xAC, 0x3A, 0x8A, 0x79, 0x71, 0xC8, 0x7A, 0xF8, 0x1F,
    0xF8, 0x1F, 0xF8, 0x1F, 0x71, 0x35, 0x03, 0x4F, 0x13, 0x70, 0x1B, 0x90, 0x33, 0xF1, 0x34, 0x52,
    0x1B, 0x4F, 0x02, 0xAE, 0x13, 0x2F, 0x0A, 0xCE, 0x03, 0x0F, 0x0B, 0x2F, 0x13, 0x90, 0x03, 0x0F,
    0x02, 0xCE, 0x02, 0xAE, 0x02, 0xEF, 0x02, 0xCE, 0x03, 0x0F, 0x0B, 0xD2, 0x0B, 0xB1, 0x0B, 0x91,
    0x03, 0x91, 0x0B, 0xD2, 0x14, 0x12, 0x24, 0x74, 0x14, 0x33, 0x24, 0xD5, 0x13, 0xD2, 0x03, 0x71,
    0x13, 0xF2, 0x13, 0xB2, 0x02, 0xCF, 0x0B, 0x71, 0x14, 0x33, 0x13, 0xF2, 0x03, 0x30, 0x0B, 0xB1,
    0x03, 0xB2, 0x03, 0xB2, 0x03, 0xD2, 0x14, 0x54, 0x2C, 0xF5, 0x0C, 0xB5, 0x1C, 0xB4, 0x14, 0x74,
    0x1C, 0xB5, 0x25, 0x36, 0x2C, 0xF5, 0x3D, 0x15, 0x4D, 0x15, 0x3C, 0xF4, 0x2C, 0xB4, 0x34, 0xD4,
    0x04, 0x13, 0x14, 0x33, 0x1C, 0x33, 0x45, 0x56, 0x02, 0x2B, 0x02, 0x2A, 0x02, 0x0A, 0x01, 0x88,
    0x01, 0x68, 0x01, 0xC9, 0x02, 0x0A, 0x01, 0xEA, 0x02, 0x0A, 0x02, 0x0A, 0x02, 0x0A, 0x01, 0xE9,
    0x01, 0xC9, 0x02, 0x09, 0x02, 0x0A, 0x02, 0x0A, 0x01, 0xE9, 0x01, 0xE9, 0x01, 0xE9, 0x02, 0x0A,
    0x02, 0x0A, 0x02, 0x0A, 0x01, 0xEA, 0x02, 0x0A, 0x02, 0x2A, 0x02, 0x2A, 0x02, 0x2B, 0x02, 0x0A,
    0x01, 0xEA, 0x02, 0x2B, 0x02, 0x2B, 0x02, 0x0A, 0x02, 0x4B, 0x02, 0x2C, 0x02, 0x4C, 0x02, 0x6C,
    0x02, 0x6C, 0x02, 0x6C, 0x02, 0x4C, 0x02, 0x6C, 0x02, 0xAD, 0x02, 0xAD, 0x02, 0x8E, 0x02, 0xCE,
    0x03, 0x2F, 0x02, 0xCE, 0x02, 0xEE, 0x03, 0x0E, 0x02, 0xCE, 0x02, 0xAE, 0x02, 0xCE, 0x02, 0xAD,
    0x02, 0xCE, 0x03, 0x0E, 0x03, 0x2F, 0x02, 0x6C, 0x01, 0xA8, 0x08, 0xE5, 0xB0, 0x37, 0xF8, 0x1F,
    0xF8, 0x1F, 0xD8, 0x1B, 0x88, 0x32, 0x20, 0xC8, 0x01, 0xA7, 0x02, 0x6C, 0x02, 0xAE, 0x02, 0x6D,
    0x02, 0x2B, 0x02, 0x0B, 0x02, 0x8D, 0x02, 0x4C, 0x02, 0x6C, 0x02, 0x6C, 0x02, 0x4B, 0x01, 0xA9,
    0x0A, 0x6C, 0x23, 0x4E, 0x09, 0xE9, 0x02, 0x4B, 0x02, 0x2B, 0x02, 0x4B, 0x02, 0x6C, 0x02, 0x0B,
    0x0A, 0x4B, 0x02, 0xAC, 0x01, 0xEB, 0x02, 0x0B, 0x0A, 0xAD, 0x13, 0x4F, 0x0B, 0x70, 0x14, 0x33,
    0x2C, 0xF5, 0x66, 0x59, 0x7E, 0xBA, 0x76, 0xDA, 0x76, 0xBA, 0x7E, 0xFB, 0x8F, 0x1B, 0x6D, 0xF8,
    0x76, 0x59, 0x87, 0x1B, 0x87, 0x3B, 0x87, 0x7C, 0x87, 0xBC, 0x7F, 0x3B, 0x6E, 0x37, 0x65, 0x54,
    0x4C, 0x50, 0x2B, 0x2A, 0x22, 0x49, 0x31, 0x6A, 0x49, 0x0C, 0x3A, 0x0D, 0x2C, 0x51, 0x2C, 0x11,
    0x13, 0x2F, 0x0A, 0xEE, 0x0A, 0xAD, 0x0A, 0xEE, 0x3C, 0x72, 0x23, 0xD1, 0x02, 0x8D, 0x0B, 0x0E,
    0x0B, 0x4F, 0x0B, 0x2F, 0x13, 0x50, 0x03, 0x2F, 0x1B, 0xD1, 0x0A, 0xEF, 0x02, 0xCE, 0x02, 0xCE,
    0x0B, 0x91, 0x03, 0x71, 0x03, 0x91, 0x23, 0xF2, 0x13, 0x91, 0x0B, 0xB1, 0x0B, 0x91, 0x13, 0xB2,
    0x0B, 0xD2, 0x14, 0x33, 0x0B, 0xF3, 0x1C, 0x54, 0x13, 0xF2, 0x24, 0x74, 0x0B, 0xD2, 0x0B, 0xB2,
    0x24, 0x74, 0x13, 0xD1, 0x0B, 0x0F, 0x0B, 0x91, 0x0B, 0xB2, 0x0B, 0xF2, 0x03, 0x91, 0x03, 0xF3,
    0x24, 0x94, 0x0C, 0x54, 0x0C, 0x94, 0x14, 0x94, 0x14, 0x94, 0x1C, 0xF6, 0x14, 0xD6, 0x2D, 0x16,
    0x3D, 0x36, 0x4D, 0x35, 0x34, 0xF5, 0x24, 0x73, 0x2C, 0xD5, 0x1C, 0xD5, 0x24, 0x52, 0x55, 0x14,
    0x01, 0xA9, 0x01, 0x88, 0x01, 0x47, 0x01, 0x47, 0x01, 0x88, 0x01, 0x68, 0x01, 0x68, 0x01, 0xC9,
    0x01, 0xEA, 0x01, 0xC9, 0x01, 0xEA, 0x01, 0xCA, 0x01, 0xEA, 0x01, 0xEA, 0x02, 0x0B, 0x01, 0xEA,
    0x02, 0x0B, 0x02, 0x0B, 0x01, 0xEA, 0x01, 0xEA, 0x02, 0x0A, 0x02, 0x2B, 0x02, 0x0B, 0x02, 0x2C,
    0x02, 0x4B, 0x02, 0x6C, 0x02, 0xAD, 0x02, 0x4C, 0x02, 0x4B, 0x02, 0x4C, 0x02, 0x4B, 0x02, 0x2B,
    0x02, 0x6D, 0x02, 0xCE, 0x02, 0xEE, 0x02, 0x4C, 0x02, 0x4B, 0x02, 0x2B, 0x02, 0x0A, 0x02, 0x6B,
    0x02, 0x2B, 0x02, 0x6C, 0x02, 0x6C, 0x02, 0x6C, 0x02, 0x4B, 0x02, 0x2B, 0x02, 0x0B, 0x02, 0x0A,
    0x01, 0xEA, 0x01, 0xEA, 0x02, 0x2A, 0x01, 0xEA, 0x02, 0x0B, 0x02, 0x2B, 0x01, 0xEA, 0x01, 0xCA,
    0x01, 0x67, 0x01, 0x26, 0x00, 0xE4, 0x30, 0xA9, 0x30, 0xA9, 0x01, 0x05, 0x01, 0xC7, 0x02, 0xAB,
    0x0B, 0x2F, 0x03, 0x0F, 0x03, 0x0F, 0x02, 0xAD, 0x02, 0x2C, 0x02, 0x2B, 0x02, 0x8D, 0x02, 0x8D,
    0x02, 0x4C, 0x0A, 0xAC, 0x02, 0x0A, 0x01, 0xEA, 0x12, 0xCD, 0x12, 0xAD, 0x0A, 0x6B, 0x02, 0x6B,
    0x02, 0x4B, 0x02, 0x2B, 0x02, 0xAE, 0x02, 0x6D, 0x01, 0xAB, 0x01, 0xEC, 0x0A, 0xEE, 0x1B, 0x70,
    0x02, 0x6D, 0x0A, 0xEF, 0x13, 0x70, 0x24, 0xB5, 0x35, 0x56, 0x2C, 0xB4, 0x76, 0x79, 0x7E, 0xDA,
    0x76, 0x79, 0x8F, 0x1B, 0x7E, 0xDA, 0x65, 0xF8, 0x76, 0x59, 0x86, 0xFB, 0x8F, 0x7C, 0x87, 0x9C,
    0x7F, 0x9C, 0x87, 0xBD, 0x8F, 0x9C, 0x7E, 0x99, 0x54, 0xD4, 0x44, 0x32, 0x4C, 0x71, 0x3B, 0xCE,
    0x33, 0xCD, 0x44, 0x71, 0x3C, 0x32, 0x3C, 0x52, 0x3C, 0x52, 0x13, 0x70, 0x0B, 0x70, 0x34, 0x51,
    0x0A, 0xAE, 0x4D, 0x35, 0x23, 0xF1, 0x0A, 0x6D, 0x23, 0xB0, 0x0B, 0x0F, 0x0B, 0x2F, 0x03, 0x70,
    0x13, 0xD1, 0x0B, 0x50, 0x02, 0xEE, 0x0B, 0x50, 0x03, 0x71, 0x13, 0xD2, 0x03, 0x30, 0x0B, 0xB2,
    0x0B, 0xB1, 0x03, 0x71, 0x03, 0x91, 0x03, 0x51, 0x03, 0x71, 0x03, 0x71, 0x0B, 0xD2, 0x0C, 0x13,
    0x0B, 0xF2, 0x1C, 0x74, 0x24, 0x94, 0x0B, 0x72, 0x03, 0xB2, 0x03, 0x0F, 0x02, 0x6E, 0x0B, 0x30,
    0x24, 0x13, 0x13, 0xD2, 0x03, 0x30, 0x0B, 0xB2, 0x14, 0x13, 0x14, 0x33, 0x24, 0xB4, 0x14, 0x53,
    0x1C, 0x54, 0x1C, 0x94, 0x14, 0xB5, 0x0C, 0xB5, 0x1C, 0xF6, 0x24, 0xF5, 0x35, 0x35, 0x3D, 0x15,
    0x3D, 0x15, 0x45, 0x77, 0x35, 0x36, 0x35, 0x36, 0x01, 0xCA, 0x01, 0x89, 0x01, 0x89, 0x01, 0x89,
    0x01, 0xC9, 0x01, 0xA9, 0x01, 0xA9, 0x01, 0xCA, 0x01, 0xC9, 0x01, 0xC9, 0x01, 0xEA, 0x02, 0x0A,
    0x02, 0x2B, 0x02, 0x6C, 0x02, 0x2B, 0x02, 0x0A, 0x02, 0x4B, 0x02, 0x2B, 0x02, 0x2B, 0x02, 0x4B,
    0x02, 0x4B, 0x02, 0x4B, 0x02, 0x6C, 0x02, 0xAD, 0x02, 0x8C, 0x02, 0x4C, 0x02, 0x4C, 0x02, 0x4C,
    0x02, 0x4B, 0x02, 0x0B, 0x02, 0x0B, 0x02, 0x2B, 0x02, 0x2B, 0x02, 0x2B, 0x02, 0x0A, 0x01, 0xCA,
    0x01, 0xCA, 0x01, 0xC9, 0x01, 0xA9, 0x01, 0xC9, 0x01, 0xA9, 0x01, 0xCA, 0x01, 0xC9, 0x01, 0xC9,
    0x01, 0xC9, 0x01, 0xC9, 0x01, 0xCA, 0x01, 0xAA, 0x02, 0x0B, 0x01, 0xEB, 0x02, 0x2B, 0x02, 0x0B,
    0x02, 0x0B, 0x02, 0x0A, 0x02, 0x2B, 0x02, 0x2C, 0x01, 0xEA, 0x01, 0x88, 0x01, 0x47, 0x01, 0x25,
    0x01, 0xC8, 0x02, 0x6B, 0x02, 0x8D, 0x02, 0x4C, 0x02, 0x2B, 0x02, 0x8D, 0x03, 0x0E, 0x02, 0xEE,
    0x02, 0xAD, 0x02, 0x6C, 0x02, 0xAD, 0x02, 0x6C, 0x01, 0xEA, 0x01, 0xEA, 0x02, 0x0A, 0x01, 0xEA,
    0x0A, 0x6B, 0x0A, 0xAC, 0x02, 0x2A, 0x01, 0xE9, 0x01, 0xEA, 0x2C, 0x94, 0x66, 0x59, 0x4D, 0x96,
    0x2C, 0x32, 0x44, 0xF5, 0x55, 0x75, 0x5D, 0x96, 0x5E, 0x17, 0x2C, 0xB4, 0x0B, 0x70, 0x1B, 0xF2,
    0x34, 0xF5, 0x2C, 0xD5, 0x65, 0xF7, 0x6E, 0x18, 0x6E, 0x38, 0x87, 0x1B, 0x7E, 0x99, 0x6D, 0xF8,
    0x6E, 0x18, 0x7E, 0xFB, 0x87, 0x7C, 0x7F, 0x9C, 0x7F, 0x9C, 0x87, 0x9C, 0x87, 0x1B, 0x76, 0x59,
    0x6D, 0xF8, 0x6E, 0x18, 0x65, 0xD7, 0x5D, 0x35, 0x54, 0xD4, 0x44, 0x93, 0x3C, 0x93, 0x3C, 0x93,
    0x44, 0xB3, 0x1B, 0xB1, 0x02, 0xEE, 0x1B, 0x70, 0x2B, 0xF0, 0x0A, 0xCF, 0x55, 0x55, 0x13, 0x70,
    0x1B, 0x2F, 0x13, 0x2F, 0x03, 0x50, 0x03, 0x4F, 0x02, 0xAE, 0x0B, 0x50, 0x03, 0x2F, 0x02, 0xEF,
    0x03, 0x0F, 0x03, 0x30, 0x0B, 0x91, 0x0B, 0x91, 0x03, 0xF3, 0x04, 0x13, 0x03, 0x92, 0x0C, 0x13,
    0x0B, 0xF3, 0x1C, 0x33, 0x14, 0x13, 0x0B, 0x91, 0x13, 0xF2, 0x14, 0x13, 0x2C, 0xB5, 0x24, 0x74,
    0x03, 0xB2, 0x14, 0x13, 0x0B, 0x92, 0x0B, 0x92, 0x0B, 0xF3, 0x14, 0x13, 0x03, 0x50, 0x13, 0xD2,
    0x1C, 0x33, 0x1C, 0x53, 0x14, 0x74, 0x04, 0x33, 0x0B, 0xF3, 0x0C, 0x54, 0x0C, 0x74, 0x1C, 0x94,
    0x24, 0xF5, 0x24, 0xD5, 0x1D, 0x36, 0x24, 0xD5, 0x35, 0x16, 0x4D, 0x76, 0x24, 0xF5, 0x2D, 0x36,
    0x01, 0xC9, 0x01, 0xA8, 0x01, 0x88, 0x01, 0x67, 0x01, 0x47, 0x01, 0x88, 0x01, 0xA9, 0x01, 0x68,
    0x01, 0xA9, 0x01, 0xC9, 0x01, 0xA9, 0x01, 0x68, 0x01, 0x68, 0x01, 0xC9, 0x01, 0x88, 0x01, 0xA8,
    0x01, 0xA9, 0x01, 0x88, 0x01, 0xC9, 0x01, 0xA9, 0x01, 0x88, 0x01, 0x89, 0x01, 0xCA, 0x01, 0xA9,
    0x01, 0x89, 0x01, 0xA9, 0x01, 0xC9, 0x01, 0xA9, 0x01, 0xA9, 0x01, 0xA9, 0x01, 0xA9, 0x01, 0xA9,
    0x01, 0xC9, 0x01, 0xEA, 0x02, 0x0B, 0x02, 0x2B, 0x02, 0x2B, 0x02, 0x2B, 0x01, 0xEA, 0x01, 0xEA,
    0x02, 0x4B, 0x02, 0x6C, 0x02, 0x4B, 0x02, 0x0B, 0x02, 0x2B, 0x02, 0x2B, 0x02, 0x2B, 0x02, 0x2B,
    0x02, 0x0A, 0x02, 0x0B, 0x02, 0x2B, 0x02, 0x2B, 0x02, 0x2B, 0x02, 0x2B, 0x02, 0x6C, 0x02, 0x2B,
    0x02, 0x6C, 0x02, 0x4C, 0x02, 0x2B, 0x02, 0x2C, 0x02, 0x0B, 0x01, 0xEB, 0x02, 0x0B, 0x02, 0x0B,
    0x02, 0x2C, 0x01, 0xCA, 0x01, 0xEA, 0x02, 0x6D, 0x02, 0x2B, 0x02, 0x2B, 0x02, 0x0B, 0x01, 0xEA,
    0x02, 0x0A, 0x01, 0xCA, 0x12, 0x8C, 0x0A, 0x2B, 0x01, 0xC9, 0x01, 0xC9, 0x12, 0x6B, 0x0A, 0x8C,
    0x2C, 0x32, 0x4D, 0x55, 0x34, 0x31, 0x13, 0x2E, 0x2B, 0xF1, 0x44, 0x71, 0x12, 0xAC, 0x01, 0xEB,
    0x44, 0x93, 0x76, 0x37, 0x55, 0xB7, 0x4D, 0x76, 0x66, 0x38, 0x55, 0xF8, 0x66, 0x38, 0x5D, 0xD7,
    0x6E, 0x18, 0x87, 0x1A, 0x7E, 0xBA, 0x6E, 0x38, 0x6E, 0x59, 0x7F, 0x1B, 0x87, 0x9C, 0x7F, 0x9C,
    0x7F, 0x9C, 0x87, 0x9C, 0x87, 0x1B, 0x76, 0x59, 0x76, 0x59, 0x6E, 0x18, 0x5D, 0xB7, 0x65, 0xD8,
    0x44, 0xF5, 0x2C, 0x53, 0x5D, 0x55, 0x44, 0x73, 0x34, 0x52, 0x2C, 0x12, 0x0B, 0x4F, 0x02, 0xAD,
    0x23, 0xB0, 0x02, 0x8D, 0x3C, 0x53, 0x44, 0xB3, 0x02, 0x0B, 0x3C, 0x52, 0x24, 0x12, 0x03, 0x0F,
    0x13, 0xF2, 0x13, 0x91, 0x03, 0x2F, 0x02, 0xEF, 0x02, 0xCF, 0x03, 0x10, 0x03, 0x30, 0x03, 0xD2,
    0x03, 0x71, 0x03, 0x91, 0x0C, 0x33, 0x1C, 0x74, 0x1C, 0x74, 0x03, 0xF3, 0x14, 0x94, 0x14, 0x33,
    0x03, 0xB2, 0x0B, 0xF3, 0x24, 0x94, 0x1C, 0x74, 0x14, 0x95, 0x24, 0xD5, 0x2D, 0x16, 0x2C, 0xF6,
    0x0C, 0x54, 0x0C, 0x13, 0x0B, 0x92, 0x14, 0x13, 0x0C, 0x13, 0x02, 0xD0, 0x0B, 0x51, 0x1C, 0x74,
    0x35, 0x16, 0x34, 0xF5, 0x24, 0x95, 0x34, 0xB4, 0x2C, 0xD4, 0x1C, 0xD5, 0x1D, 0x16, 0x1C, 0xF6,
    0x14, 0xB5, 0x24, 0xF5, 0x0C, 0x94, 0x1C, 0xB5, 0x01, 0xA9, 0x01, 0x47, 0x01, 0x27, 0x01, 0x26,
    0x01, 0x47, 0x01, 0x47, 0x01, 0x47, 0x01, 0x67, 0x01, 0x48, 0x01, 0x89, 0x01, 0xC9, 0x01, 0x89,
    0x01, 0x48, 0x01, 0x27, 0x01, 0xA9, 0x01, 0xEA, 0x01, 0xCA, 0x01, 0x89, 0x01, 0x88, 0x01, 0xA9,
    0x01, 0xA9, 0x01, 0xC9, 0x01, 0xEA, 0x01, 0xEA, 0x01, 0xCA, 0x01, 0xEA, 0x01, 0xEA, 0x01, 0xE9,
    0x02, 0x2A, 0x02, 0x0B, 0x02, 0x2B, 0x02, 0x2B, 0x02, 0x0B, 0x02, 0x2B, 0x02, 0x2B, 0x02, 0x2B,
    0x02, 0x4B, 0x02, 0x0A, 0x01, 0xC9, 0x01, 0xA8, 0x01, 0xC9, 0x02, 0x2A, 0x02, 0x2A, 0x01, 0xE9,
    0x0A, 0x0A, 0x11, 0xE9, 0x01, 0xC9, 0x01, 0xC9, 0x01, 0xA8, 0x01, 0xA9, 0x01, 0xA9, 0x01, 0xC9,
    0x01, 0xC9, 0x01, 0xC9, 0x01, 0xE9, 0x02, 0x0A, 0x02, 0x2B, 0x02, 0x8C, 0x02, 0x8C, 0x02, 0x4B,
    0x02, 0x0A, 0x02, 0x2B, 0x02, 0x4B, 0x02, 0x2B, 0x02, 0x2B, 0x02, 0x0A, 0x02, 0x0B, 0x02, 0x4C,
    0x02, 0x2C, 0x02, 0x2C, 0x02, 0x4B, 0x02, 0x0A, 0x01, 0xEA, 0x02, 0x4B, 0x02, 0x4B, 0x02, 0x2B,
    0x0A, 0x8C, 0x02, 0x2B, 0x02, 0x0B, 0x1B, 0x0E, 0x3C, 0x10, 0x12, 0x2A, 0x01, 0x69, 0x01, 0xCA,
    0x01, 0xEA, 0x01, 0xEA, 0x02, 0x4B, 0x02, 0x2A, 0x02, 0x4C, 0x13, 0x6F, 0x2C, 0x52, 0x65, 0xF7,
    0x55, 0xF7, 0x6E, 0x58, 0x76, 0x59, 0x76, 0x38, 0x55, 0x97, 0x7E, 0x79, 0x6E, 0x38, 0x65, 0xF8,
    0x76, 0x99, 0x87, 0x5C, 0x7F, 0x9C, 0x7F, 0x9C, 0x7F, 0x9C, 0x87, 0x9C, 0x87, 0x1B, 0x86, 0xFB,
    0x87, 0x1B, 0x8F, 0x1B, 0x8F, 0x1B, 0x8F, 0x3B, 0x7E, 0x99, 0x3C, 0xF4, 0x4C, 0xF4, 0x1B, 0xB0,
    0x13, 0x70, 0x1B, 0xB0, 0x0B, 0x0E, 0x0A, 0xED, 0x02, 0xAD, 0x02, 0x8D, 0x02, 0x6D, 0x3C, 0x73,
    0x0B, 0x2F, 0x1B, 0xB1, 0x24, 0x32, 0x03, 0x2F, 0x2C, 0xD5, 0x2C, 0x93, 0x03, 0x2F, 0x03, 0x70,
    0x13, 0xB1, 0x0B, 0x50, 0x03, 0x51, 0x03, 0x71, 0x03, 0xF3, 0x03, 0x30, 0x13, 0xB2, 0x24, 0xD5,
    0x1C, 0x94, 0x03, 0xF3, 0x1C, 0x74, 0x14, 0x34, 0x03, 0xF3, 0x1C, 0x34, 0x03, 0xB2, 0x03, 0xD2,
    0x24, 0x74, 0x34, 0xF6, 0x35, 0x57, 0x3D, 0x56, 0x45, 0x36, 0x24, 0xB5, 0x1C, 0x95, 0x24, 0xD5,
    0x14, 0x75, 0x13, 0xF3, 0x0B, 0x92, 0x24, 0xB4, 0x3C, 0xF4, 0x23, 0xD1, 0x13, 0x90, 0x24, 0x32,
    0x24, 0x73, 0x0C, 0x33, 0x04, 0x74, 0x1C, 0xF6, 0x14, 0xF6, 0x04, 0x74, 0x0C, 0xB5, 0x14, 0xF6,
    0x01, 0xC9, 0x01, 0x68, 0x01, 0x47, 0x01, 0x67, 0x01, 0x68, 0x01, 0x68, 0x01, 0xA9, 0x01, 0xE9,
    0x01, 0xC9, 0x01, 0xA9, 0x01, 0xA9, 0x01, 0xA9, 0x01, 0xCA, 0x01, 0xCA, 0x01, 0xEA, 0x01, 0xCA,
    0x01, 0xA9, 0x01, 0xA9, 0x01, 0x68, 0x01, 0x88, 0x01, 0x68, 0x01, 0x68, 0x01, 0x89, 0x01, 0xC9,
    0x01, 0xE9, 0x01, 0xE9, 0x01, 0xA9, 0x11, 0xA8, 0x01, 0xC9, 0x01, 0xC9, 0x02, 0x0A, 0x01, 0xE9,
    0x02, 0x0A, 0x02, 0x2B, 0x01, 0xE9, 0x01, 0xA9, 0x01, 0xA9, 0x01, 0x68, 0x01, 0x67, 0x01, 0x26,
    0x01, 0x47, 0x01, 0x67, 0x01, 0x88, 0x01, 0x68, 0x01, 0x88, 0x01, 0x88, 0x01, 0xA9, 0x01, 0x68,
    0x01, 0x89, 0x01, 0xA9, 0x01, 0x68, 0x01, 0x48, 0x01, 0x88, 0x01, 0x68, 0x01, 0x47, 0x01, 0x47,
    0x01, 0x68, 0x01, 0xA9, 0x01, 0x88, 0x0A, 0x2B, 0x02, 0x6B, 0x01, 0xC9, 0x01, 0xEA, 0x02, 0x6C,
    0x02, 0x2C, 0x02, 0x2B, 0x02, 0x0B, 0x02, 0x2B, 0x02, 0x4C, 0x02, 0x2B, 0x02, 0x0A, 0x0A, 0x0A,
    0x01, 0x68, 0x01, 0x88, 0x01, 0xE9, 0x01, 0xEA, 0x02, 0x2B, 0x02, 0x0B, 0x02, 0x0B, 0x02, 0x0A,
    0x01, 0xA9, 0x01, 0xCA, 0x0A, 0x0B, 0x0A, 0x6C, 0x02, 0x0A, 0x01, 0xEA, 0x0A, 0x4B, 0x13, 0x2F,
    0x0B, 0x4F, 0x02, 0xCE, 0x02, 0x4C, 0x34, 0x72, 0x3D, 0x14, 0x45, 0x14, 0x44, 0xD4, 0x5D, 0x96,
    0x6E, 0x38, 0x76, 0x58, 0x55, 0xB7, 0x4D, 0x97, 0x6E, 0x99, 0x7F, 0x7C, 0x7F, 0x9C, 0x7F, 0x9C,
    0x7F, 0x9C, 0x87, 0x9C, 0x87, 0x5C, 0x87, 0x5C, 0x8F, 0x7C, 0x8F, 0x5B, 0x86, 0xDA, 0x76, 0x59,
    0x7E, 0x59, 0x6D, 0xF7, 0x2C, 0x32, 0x23, 0xB0, 0x0B, 0x2F, 0x13, 0x2E, 0x13, 0x0D, 0x1A, 0xED,
    0x0A, 0x6C, 0x02, 0x6C, 0x03, 0x0F, 0x4D, 0x35, 0x2B, 0xD0, 0x02, 0xEF, 0x1B, 0xF2, 0x03, 0x2F,
    0x0B, 0x91, 0x14, 0x12, 0x1B, 0x90, 0x0B, 0x70, 0x03, 0x50, 0x03, 0x50, 0x0B, 0xB2, 0x03, 0x92,
    0x0B, 0xF2, 0x0B, 0xF3, 0x0B, 0xF3, 0x0B, 0xF3, 0x14, 0x54, 0x0C, 0x33, 0x1C, 0x32, 0x03, 0xD3,
    0x1C, 0x95, 0x1C, 0x74, 0x0C, 0x33, 0x0C, 0x13, 0x0B, 0xB2, 0x24, 0xD5, 0x2C, 0xF6, 0x3D, 0x15,
    0x54, 0xB3, 0x4D, 0x35, 0x45, 0x36, 0x34, 0xF5, 0x2D, 0x16, 0x45, 0x77, 0x35, 0x36, 0x24, 0x54,
    0x03, 0x91, 0x02, 0xAE, 0x02, 0x4C, 0x13, 0x6F, 0x13, 0x90, 0x13, 0xF1, 0x14, 0x94, 0x1C, 0xB5,
    0x25, 0x16, 0x1C, 0xD5, 0x1C, 0xB4, 0x1C, 0xB4, 0x01, 0xEA, 0x01, 0x88, 0x01, 0x27, 0x01, 0x47,
    0x01, 0x47, 0x01, 0x68, 0x01, 0xA9, 0x01, 0xC9, 0x01, 0xA9, 0x01, 0x88, 0x01, 0xC9, 0x01, 0x89,
    0x01, 0x88, 0x01, 0x68, 0x01, 0x89, 0x01, 0xA9, 0x01, 0x68, 0x01, 0x47, 0x01, 0x88, 0x01, 0xA9,
    0x01, 0xEA, 0x02, 0x2A, 0x01, 0xEA, 0x01, 0x68, 0x01, 0x47, 0x01, 0x88, 0x01, 0x67, 0x01, 0x47,
    0x01, 0x67, 0x01, 0x67, 0x01, 0x47, 0x01, 0x27, 0x01, 0x47, 0x01, 0x47, 0x01, 0x47, 0x01, 0x68,
    0x01, 0x88, 0x01, 0x68, 0x01, 0x68, 0x01, 0x68, 0x01, 0x67, 0x01, 0x88, 0x01, 0xC9, 0x01, 0xA8,
    0x01, 0xA9, 0x01, 0xEA, 0x01, 0xA9, 0x01, 0xA9, 0x01, 0xEA, 0x02, 0x0B, 0x01, 0xEA, 0x01, 0xEA,
    0x01, 0xEA, 0x01, 0xEA, 0x01, 0xCA, 0x01, 0xAA, 0x01, 0x89, 0x01, 0x89, 0x01, 0xC9, 0x01, 0xA9,
    0x01, 0xC9, 0x01, 0xA9, 0x01, 0xA8, 0x01, 0xEA, 0x02, 0x6C, 0x02, 0x6C, 0x02, 0x2B, 0x02, 0x4B,
    0x02, 0x4B, 0x01, 0xA9, 0x01, 0x68, 0x01, 0x88, 0x01, 0x68, 0x01, 0xA9, 0x01, 0xC9, 0x01, 0xA9,
    0x01, 0xCA, 0x01, 0xCA, 0x01, 0xEA, 0x02, 0x6B, 0x0A, 0xAC, 0x0A, 0x8C, 0x0A, 0x6C, 0x0A, 0x6C,
    0x12, 0xED, 0x0A, 0x8C, 0x23, 0x90, 0x44, 0x92, 0x44, 0xF3, 0x1B, 0xD1, 0x13, 0x70, 0x02, 0xCE,
    0x13, 0x4F, 0x24, 0x31, 0x13, 0x90, 0x3D, 0x15, 0x76, 0x18, 0x65, 0xD7, 0x44, 0xF4, 0x2C, 0xD5,
    0x56, 0x18, 0x7F, 0x3B, 0x87, 0x9C, 0x7F, 0x9C, 0x7F, 0x9C, 0x87, 0x9C, 0x87, 0x7C, 0x87, 0x7C,
    0x87, 0x9C, 0x86, 0xFA, 0x7E, 0x79, 0x76, 0x38, 0x55, 0x76, 0x76, 0x18, 0x34, 0x32, 0x2B, 0xF1,
    0x02, 0xCE, 0x12, 0xED, 0x12, 0x6B, 0x02, 0x2B, 0x0A, 0x6C, 0x02, 0x8D, 0x55, 0x76, 0x44, 0x93,
    0x02, 0x6D, 0x02, 0xCF, 0x23, 0xD1, 0x0B, 0x70, 0x0B, 0x91, 0x03, 0x90, 0x13, 0x90, 0x03, 0x30,
    0x03, 0x50, 0x03, 0xF2, 0x1C, 0x94, 0x24, 0x94, 0x03, 0x91, 0x0C, 0x12, 0x1C, 0x53, 0x0B, 0xF2,
    0x0B, 0x91, 0x0C, 0x33, 0x03, 0x91, 0x03, 0xF3, 0x1C, 0xB5, 0x14, 0x75, 0x2C, 0xD5, 0x14, 0x74,
    0x0B, 0xD3, 0x14, 0x95, 0x14, 0x54, 0x14, 0x33, 0x24, 0x54, 0x45, 0x15, 0x4D, 0x15, 0x4D, 0x35,
    0x2D, 0x16, 0x24, 0xB5, 0x3D, 0x15, 0x24, 0x94, 0x03, 0x71, 0x02, 0xCF, 0x0A, 0xCE, 0x02, 0xAD,
    0x03, 0x0F, 0x0B, 0x50, 0x13, 0xD1, 0x1C, 0x32, 0x1B, 0xF2, 0x1B, 0xD1, 0x0B, 0x0E, 0x0A, 0xEE,
    0x02, 0x2A, 0x01, 0x88, 0x01, 0x47, 0x01, 0x47, 0x01, 0x88, 0x01, 0x47, 0x01, 0x27, 0x01, 0x68,
    0x01, 0x48, 0x01, 0x48, 0x01, 0x88, 0x01, 0x89, 0x01, 0xA9, 0x01, 0xC9, 0x01, 0x88, 0x01, 0x48,
    0x01, 0x88, 0x01, 0xC9, 0x01, 0xC9, 0x01, 0xC9, 0x01, 0x88, 0x01, 0x88, 0x01, 0x89, 0x01, 0xA9,
    0x01, 0x88, 0x01, 0x88, 0x01, 0xA8, 0x01, 0x88, 0x01, 0xC9, 0x01, 0x88, 0x01, 0x47, 0x09, 0x67,
    0x01, 0x67, 0x01, 0x27, 0x01, 0x68, 0x01, 0x88, 0x01, 0x88, 0x01, 0x48, 0x01, 0x68, 0x01, 0x47,
    0x01, 0x47, 0x01, 0x68, 0x01, 0x68, 0x01, 0x68, 0x01, 0x88, 0x01, 0x88, 0x01, 0x88, 0x01, 0xA8,
    0x01, 0xA9, 0x01, 0xC9, 0x01, 0x68, 0x01, 0xA9, 0x01, 0xC9, 0x01, 0xEA, 0x02, 0x4C, 0x02, 0x4C,
    0x02, 0x0A, 0x01, 0xC9, 0x01, 0xC9, 0x01, 0xA9, 0x01, 0xA9, 0x01, 0xC9, 0x01, 0xA9, 0x01, 0xA9,
    0x01, 0xA9, 0x02, 0x0A, 0x01, 0xEA, 0x01, 0x88, 0x01, 0xA9, 0x01, 0xA9, 0x01, 0x89, 0x01, 0xCA,
    0x02, 0x2C, 0x02, 0x0B, 0x01, 0xEA, 0x02, 0x0B, 0x0A, 0x2B, 0x01, 0xEA, 0x01, 0xCA, 0x02, 0x2B,
    0x01, 0xEA, 0x02, 0x6C, 0x0A, 0xEE, 0x0A, 0x8C, 0x12, 0xAD, 0x0A, 0xAD, 0x13, 0x0E, 0x02, 0x4C,
    0x0A, 0x6C, 0x2B, 0xD0, 0x3C, 0xB3, 0x2C, 0x32, 0x23, 0xD1, 0x2C, 0x31, 0x34, 0xB4, 0x5D, 0xB6,
    0x4D, 0x35, 0x55, 0x75, 0x2C, 0x52, 0x34, 0xB4, 0x3C, 0xF5, 0x66, 0x38, 0x87, 0x3B, 0x8F, 0x9C,
    0x87, 0x9C, 0x87, 0x9C, 0x87, 0x7C, 0x8F, 0x7C, 0x8F, 0x5B, 0x8F, 0x1A, 0x65, 0xD7, 0x6D, 0xD7,
    0x65, 0xF7, 0x5D, 0x76, 0x3C, 0x52, 0x3C, 0x32, 0x13, 0x0E, 0x0A, 0xCD, 0x0A, 0x8C, 0x02, 0x0B,
    0x0A, 0x8D, 0x13, 0x0E, 0x44, 0xB3, 0x4D, 0x14, 0x13, 0x91, 0x02, 0x8D, 0x1B, 0x70, 0x0B, 0x70,
    0x0B, 0xB1, 0x0B, 0x91, 0x0B, 0x91, 0x0B, 0x90, 0x0B, 0x70, 0x0B, 0xF2, 0x0B, 0xF2, 0x0B, 0xF2,
    0x0B, 0x91, 0x0C, 0x13, 0x14, 0x33, 0x14, 0x33, 0x0C, 0x13, 0x0B, 0xF3, 0x03, 0x92, 0x0C, 0x13,
    0x1C, 0x73, 0x03, 0xD3, 0x1C, 0x94, 0x1C, 0x94, 0x1C, 0x74, 0x35, 0x16, 0x1C, 0xB5, 0x13, 0xD2,
    0x2C, 0xF5, 0x24, 0xD6, 0x35, 0x36, 0x2D, 0x16, 0x25, 0x36, 0x1C, 0x94, 0x35, 0x16, 0x24, 0xB5,
    0x14, 0x74, 0x1C, 0x13, 0x0B, 0x91, 0x0B, 0xD1, 0x0B, 0x50, 0x02, 0xEF, 0x02, 0xEF, 0x02, 0xCE,
    0x03, 0x0F, 0x03, 0x30, 0x0B, 0xB1, 0x03, 0x2F, 0x01, 0xC9, 0x01, 0xE9, 0x01, 0x89, 0x01, 0x89,
    0x01, 0x88, 0x01, 0x27, 0x01, 0x47, 0x01, 0x88, 0x01, 0xA9, 0x01, 0x27, 0x01, 0x27, 0x01, 0x47,
    0x01, 0x47, 0x01, 0xA9, 0x01, 0xC9, 0x01, 0xC9, 0x01, 0xC9, 0x01, 0x27, 0x01, 0x06, 0x01, 0x07,
    0x01, 0x48, 0x01, 0xCA, 0x01, 0xCA, 0x01, 0x69, 0x01, 0x68, 0x01, 0x88, 0x01, 0x68, 0x01, 0x68,
    0x01, 0x68, 0x01, 0x48, 0x01, 0x88, 0x01, 0x48, 0x01, 0x48, 0x01, 0x27, 0x01, 0x48, 0x01, 0x68,
    0x01, 0x68, 0x01, 0x48, 0x01, 0x28, 0x01, 0x48, 0x01, 0x68, 0x01, 0x89, 0x01, 0x68, 0x01, 0x89,
    0x01, 0x68, 0x01, 0x68, 0x01, 0x68, 0x01, 0x68, 0x01, 0x89, 0x01, 0xC9, 0x01, 0x68, 0x01, 0x88,
    0x01, 0x89, 0x01, 0xA9, 0x01, 0xA9, 0x01, 0xA9, 0x01, 0xC9, 0x01, 0xA9, 0x01, 0x89, 0x01, 0x89,
    0x01, 0xA9, 0x01, 0xCA, 0x01, 0xAA, 0x01, 0xCA, 0x01, 0xA9, 0x01, 0x89, 0x01, 0xA9, 0x01, 0xA9,
    0x01, 0x68, 0x01, 0xCA, 0x01, 0xCA, 0x02, 0x2C, 0x02, 0x2B, 0x01, 0xEA, 0x01, 0xEB, 0x02, 0x0B,
    0x02, 0x8C, 0x02, 0x2B, 0x02, 0x0A, 0x02, 0x2B, 0x01, 0xA9, 0x02, 0x2B, 0x12, 0xAC, 0x02, 0x6C,
    0x02, 0x4C, 0x12, 0xCD, 0x23, 0x6F, 0x1B, 0x2E, 0x0A, 0xEE, 0x02, 0x8D, 0x13, 0x0F, 0x44, 0xD3,
    0x2B, 0xF1, 0x1B, 0x90, 0x34, 0x52, 0x4D, 0x14, 0x34, 0x72, 0x2C, 0x12, 0x24, 0x12, 0x2C, 0x52,
    0x2C, 0xB4, 0x76, 0x99, 0x76, 0x78, 0x6E, 0x18, 0x8F, 0x5B, 0x87, 0x5C, 0x8F, 0x3B, 0x86, 0xFA,
    0x6E, 0x58, 0x65, 0xB7, 0x44, 0xB3, 0x3C, 0xB4, 0x75, 0xF7, 0x55, 0x34, 0x3C, 0x52, 0x2B, 0xD0,
    0x13, 0x2E, 0x02, 0x6C, 0x02, 0x0B, 0x0A, 0x8C, 0x0B, 0x2E, 0x02, 0x2B, 0x02, 0x8D, 0x5D, 0x96,
    0x6D, 0xB6, 0x0B, 0x2F, 0x0A, 0xEE, 0x13, 0x0F, 0x1B, 0xF2, 0x1C, 0x53, 0x0B, 0xB1, 0x0B, 0x90,
    0x0B, 0x91, 0x1C, 0x53, 0x14, 0x13, 0x0B, 0xD2, 0x0B, 0xF2, 0x1C, 0x33, 0x1C, 0x74, 0x1C, 0x33,
    0x24, 0x73, 0x2C, 0xB4, 0x3C, 0xF5, 0x2C, 0x94, 0x0C, 0x54, 0x14, 0x74, 0x0C, 0x54, 0x14, 0x53,
    0x1C, 0x54, 0x1C, 0xB5, 0x24, 0xF5, 0x14, 0x95, 0x35, 0x77, 0x24, 0xD6, 0x24, 0xF6, 0x2C, 0xF6,
    0x14, 0x33, 0x1C, 0xB5, 0x35, 0x36, 0x3D, 0x56, 0x34, 0xF5, 0x24, 0x53, 0x3C, 0xD4, 0x45, 0x56,
    0x2C, 0x94, 0x2C, 0xB4, 0x1C, 0x33, 0x03, 0x50, 0x02, 0xEF, 0x14, 0x12, 0x34, 0xF5, 0x0B, 0x50,
    0x01, 0x68, 0x02, 0x4C, 0x02, 0x2B, 0x01, 0xCA, 0x01, 0xC9, 0x01, 0xA9, 0x01, 0x89, 0x01, 0xA9,
    0x01, 0x68, 0x01, 0x26, 0x01, 0x47, 0x09, 0x87, 0x09, 0x46, 0x01, 0x68, 0x01, 0x88, 0x01, 0x68,
    0x01, 0x27, 0x00, 0xE6, 0x00, 0xE7, 0x01, 0xA9, 0x0A, 0xCC, 0x1B, 0x4E, 0x0A, 0x6B, 0x09, 0x67,
    0x11, 0x66, 0x01, 0x67, 0x01, 0xA8, 0x01, 0x88, 0x01, 0x48, 0x01, 0x68, 0x01, 0x89, 0x01, 0x28,
    0x01, 0x28, 0x01, 0x89, 0x01, 0xA9, 0x01, 0x48, 0x01, 0x68, 0x01, 0xC9, 0x01, 0xEA, 0x01, 0xC9,
    0x01, 0xA9, 0x01, 0xEA, 0x0A, 0xAC, 0x0A, 0x8B, 0x01, 0xC9, 0x01, 0x89, 0x01, 0xA9, 0x01, 0x89,
    0x01, 0xC9, 0x01, 0xCA, 0x01, 0xCA, 0x01, 0x68, 0x01, 0x68, 0x01, 0x69, 0x01, 0x69, 0x01, 0x89,
    0x01, 0x89, 0x01, 0xAA, 0x01, 0xEA, 0x01, 0xA9, 0x01, 0x69, 0x01, 0xCA, 0x01, 0xCA, 0x01, 0xCA,
    0x01, 0xCA, 0x01, 0xAA, 0x01, 0xAA, 0x01, 0xEA, 0x01, 0xEB, 0x02, 0x0B, 0x02, 0x6D, 0x02, 0x6C,
    0x01, 0xEB, 0x01, 0xCA, 0x02, 0x2B, 0x02, 0x0B, 0x02, 0x2B, 0x02, 0x2B, 0x02, 0x4B, 0x02, 0x6C,
    0x02, 0x2B, 0x01, 0xEA, 0x02, 0x4B, 0x02, 0x4C, 0x02, 0x4B, 0x02, 0x8C, 0x0A, 0xAD, 0x02, 0xAD,
    0x02, 0xEE, 0x0B, 0x0E, 0x12, 0xEE, 0x02, 0xCE, 0x0B, 0x4F, 0x13, 0x2F, 0x13, 0x4F, 0x1B, 0x90,
    0x13, 0x6F, 0x1B, 0x90, 0x2C, 0x11, 0x2B, 0xF1, 0x4D, 0x35, 0x75, 0xF6, 0x1B, 0x90, 0x1B, 0xB1,
    0x6D, 0xF7, 0x86, 0xB9, 0x66, 0x18, 0x7E, 0x58, 0x6E, 0x38, 0x2C, 0x32, 0x23, 0xD2, 0x3C, 0xB4,
    0x4D, 0x14, 0x34, 0x32, 0x3C, 0x52, 0x0A, 0xED, 0x02, 0xAD, 0x02, 0x8D, 0x02, 0x8C, 0x02, 0x8D,
    0x02, 0xAD, 0x02, 0x8C, 0x0A, 0x6C, 0x13, 0x2F, 0x4D, 0x34, 0x2B, 0xF1, 0x1B, 0x70, 0x0B, 0x0F,
    0x24, 0x73, 0x1C, 0x53, 0x1B, 0xD1, 0x13, 0xB1, 0x0B, 0x70, 0x1B, 0xF2, 0x14, 0x13, 0x1C, 0x53,
    0x03, 0x71, 0x03, 0xD2, 0x0C, 0x13, 0x1C, 0x74, 0x24, 0x54, 0x2C, 0xD5, 0x2C, 0xD5, 0x24, 0x74,
    0x2C, 0xD4, 0x34, 0x53, 0x2C, 0xB4, 0x1C, 0xB4, 0x3D, 0x15, 0x3D, 0x36, 0x24, 0xF6, 0x24, 0x94,
    0x95, 0x92, 0x44, 0x72, 0x3D, 0x57, 0x4D, 0x77, 0x0C, 0x13, 0x34, 0xF5, 0x24, 0xB5, 0x24, 0x53,
    0x0B, 0x10, 0x02, 0xAE, 0x0A, 0xCF, 0x1B, 0x50, 0x0B, 0x0F, 0x13, 0xB1, 0x0B, 0x70, 0x03, 0x30,
    0x23, 0x90, 0x1B, 0x90, 0x0B, 0x0E, 0x02, 0x8D, 0x01, 0xEB, 0x02, 0xCE, 0x02, 0x8C, 0x01, 0xC9,
    0x01, 0xEA, 0x01, 0xA9, 0x01, 0x88, 0x01, 0x47, 0x01, 0x67, 0x01, 0x06, 0x01, 0x07, 0x09, 0x67,
    0x01, 0xCA, 0x02, 0x0A, 0x01, 0x89, 0x01, 0x68, 0x09, 0x67, 0x01, 0x67, 0x01, 0xE9, 0x02, 0x6B,
    0x01, 0xA9, 0x01, 0x47, 0x01, 0x26, 0x01, 0x05, 0x01, 0x26, 0x01, 0x27, 0x01, 0x67, 0x01, 0x88,
    0x01, 0x47, 0x01, 0x47, 0x01, 0x88, 0x01, 0x88, 0x01, 0x26, 0x01, 0x27, 0x01, 0xA9, 0x01, 0x88,
    0x0A, 0x4A, 0x01, 0xA8, 0x01, 0x88, 0x01, 0x47, 0x01, 0x47, 0x01, 0x88, 0x01, 0x67, 0x01, 0xC9,
    0x01, 0xC9, 0x01, 0x88, 0x01, 0xA9, 0x01, 0x68, 0x01, 0x68, 0x09, 0xEA, 0x01, 0xEA, 0x01, 0xEA,
    0x02, 0x2B, 0x02, 0x0A, 0x11, 0xE9, 0x01, 0xA9, 0x01, 0x48, 0x01, 0x28, 0x02, 0x0B, 0x02, 0x0B,
    0x01, 0xCA, 0x01, 0xA9, 0x01, 0xC9, 0x01, 0x68, 0x01, 0xA9, 0x01, 0xEA, 0x01, 0xEA, 0x01, 0xEA,
    0x02, 0x2B, 0x02, 0x0B, 0x02, 0x0B, 0x01, 0xCA, 0x01, 0xCA, 0x01, 0xEA, 0x02, 0x0B, 0x01, 0xCA,
    0x01, 0xAA, 0x01, 0xEA, 0x01, 0xEA, 0x02, 0x2A, 0x01, 0xEA, 0x02, 0x2B, 0x02, 0x2B, 0x02, 0x4C,
    0x0A, 0x6D, 0x0A, 0xCD, 0x02, 0x4C, 0x0A, 0xCD, 0x0A, 0xAD, 0x02, 0x2C, 0x0A, 0xED, 0x0A, 0xCD,
    0x0A, 0xEE, 0x1B, 0x6F, 0x1B, 0x2E, 0x1B, 0x8F, 0x1B, 0xB0, 0x1B, 0xB0, 0x1B, 0xB0, 0x0B, 0x2F,
    0x2C, 0x31, 0x12, 0xEE, 0x0A, 0xEE, 0x13, 0x6F, 0x0B, 0x10, 0x44, 0xD4, 0x3C, 0xF4, 0x3C, 0xD4,
    0x76, 0x17, 0x2C, 0x52, 0x34, 0x53, 0x3C, 0x93, 0x23, 0x90, 0x23, 0xB0, 0x23, 0x6E, 0x02, 0x6C,
    0x0A, 0xCD, 0x12, 0x8C, 0x13, 0x2E, 0x0B, 0x0E, 0x02, 0xCD, 0x02, 0xCD, 0x0A, 0xEE, 0x1B, 0x91,
    0x55, 0x55, 0x3C, 0x72, 0x02, 0xCD, 0x13, 0x0F, 0x24, 0x53, 0x14, 0x12, 0x0B, 0x70, 0x13, 0xB1,
    0x0B, 0x2F, 0x0B, 0x50, 0x0B, 0xB2, 0x0C, 0x12, 0x03, 0x71, 0x0B, 0xF2, 0x13, 0x91, 0x24, 0x12,
    0x2C, 0x73, 0x3C, 0xF5, 0x14, 0x54, 0x0B, 0xD2, 0x13, 0x91, 0x0B, 0xB1, 0x1C, 0x53, 0x24, 0x73,
    0x3D, 0x16, 0x2C, 0xF5, 0x2C, 0xB5, 0x2C, 0xD5, 0x54, 0xF3, 0x44, 0xD4, 0x5C, 0xF4, 0x3D, 0x36,
    0x2D, 0x56, 0x1C, 0x74, 0x2C, 0xD5, 0x1C, 0x33, 0x02, 0x8F, 0x02, 0xCF, 0x02, 0xAF, 0x02, 0x0D,
    0x0A, 0xEF, 0x1B, 0x2E, 0x12, 0xEE, 0x02, 0x0C, 0x0B, 0x90, 0x0B, 0x0F, 0x03, 0x0F, 0x13, 0x90,
    0x02, 0x4C, 0x03, 0x0F, 0x02, 0x6C, 0x01, 0xA9, 0x01, 0xA9, 0x01, 0xEA, 0x01, 0xA8, 0x01, 0x48,
    0x01, 0x68, 0x02, 0x0B, 0x02, 0x0B, 0x02, 0x0B, 0x02, 0x6C, 0x02, 0x4C, 0x02, 0x2B, 0x01, 0xE9,
    0x09, 0xE8, 0x11, 0xE8, 0x09, 0xA8, 0x01, 0x67, 0x01, 0x47, 0x09, 0x26, 0x01, 0x47, 0x01, 0x48,
    0x01, 0x68, 0x01, 0x68, 0x01, 0x89, 0x01, 0x89, 0x01, 0x68, 0x01, 0x48, 0x01, 0x48, 0x09, 0x88,
    0x09, 0x87, 0x19, 0xA7, 0x01, 0x67, 0x01, 0x88, 0x09, 0xA8, 0x01, 0x47, 0x19, 0x86, 0x19, 0xE8,
    0x02, 0x0A, 0x01, 0xA9, 0x01, 0x68, 0x01, 0x67, 0x01, 0x67, 0x01, 0x67, 0x01, 0x67, 0x01, 0x88,
    0x01, 0x67, 0x01, 0xA8, 0x02, 0x0A, 0x02, 0x2B, 0x02, 0x8C, 0x02, 0x2A, 0x09, 0xE9, 0x01, 0xA9,
    0x01, 0x89, 0x01, 0x89, 0x0A, 0x0A, 0x01, 0xC9, 0x01, 0x88, 0x01, 0x68, 0x01, 0x89, 0x01, 0xCA,
    0x01, 0xA9, 0x01, 0xA9, 0x01, 0x88, 0x01, 0xA9, 0x01, 0xEA, 0x01, 0xCA, 0x01, 0xA9, 0x01, 0x68,
    0x01, 0xA9, 0x01, 0x89, 0x02, 0x0B, 0x02, 0x2B, 0x02, 0x2B, 0x01, 0xAA, 0x02, 0x0B, 0x01, 0xCA,
    0x01, 0xA9, 0x01, 0x89, 0x0A, 0x0B, 0x02, 0x4C, 0x02, 0x0B, 0x02, 0x0B, 0x02, 0x6C, 0x02, 0x6C,
    0x0A, 0xAD, 0x0A, 0x8C, 0x0A, 0x8C, 0x02, 0x6C, 0x0A, 0xAD, 0x0A, 0xED, 0x02, 0x0B, 0x02, 0xCD,
    0x0A, 0xEE, 0x0A, 0xEE, 0x0B, 0x0E, 0x0A, 0xAD, 0x0A, 0xEE, 0x02, 0xED, 0x0B, 0x0E, 0x0B, 0x0E,
    0x0B, 0x50, 0x2C, 0x12, 0x1B, 0x90, 0x02, 0xCE, 0x0B, 0x2F, 0x44, 0xB3, 0x2B, 0xF0, 0x0B, 0x0F,
    0x2B, 0xF1, 0x2B, 0x8F, 0x0A, 0x4B, 0x0A, 0x8C, 0x0A, 0xAD, 0x0A, 0xED, 0x13, 0x0E, 0x02, 0x4C,
    0x0A, 0x6C, 0x13, 0x2E, 0x1B, 0xB0, 0x55, 0x75, 0x2B, 0xF1, 0x12, 0xEE, 0x0B, 0x2F, 0x13, 0x50,
    0x23, 0xD1, 0x03, 0x70, 0x13, 0xD1, 0x13, 0xF2, 0x03, 0x70, 0x13, 0xB1, 0x13, 0x91, 0x0B, 0xB1,
    0x1C, 0x33, 0x1C, 0x53, 0x0B, 0x70, 0x13, 0x70, 0x1B, 0xD1, 0x44, 0xB3, 0x24, 0xD5, 0x0C, 0x13,
    0x03, 0x50, 0x14, 0x33, 0x24, 0xB4, 0x1C, 0x53, 0x3D, 0x77, 0x4D, 0x14, 0x4C, 0x51, 0x04, 0x13,
    0x24, 0xF6, 0x24, 0xB5, 0x14, 0x33, 0x14, 0x95, 0x2C, 0xF5, 0x14, 0x33, 0x03, 0xF3, 0x14, 0x33,
    0x03, 0x71, 0x03, 0x30, 0x02, 0xCF, 0x02, 0xAE, 0x02, 0xCD, 0x12, 0x8D, 0x23, 0xB0, 0x02, 0x4C,
    0x02, 0x0C, 0x02, 0x2C, 0x02, 0xEE, 0x13, 0x2F, 0x01, 0xCA, 0x02, 0x2B, 0x02, 0x4C, 0x02, 0x0A,
    0x01, 0xA9, 0x02, 0x0A, 0x01, 0xE9, 0x01, 0x89, 0x19, 0xC7, 0x12, 0x4A, 0x02, 0x2B, 0x01, 0xC9,
    0x01, 0x88, 0x01, 0x68, 0x02, 0x0B, 0x02, 0x2A, 0x01, 0xCA, 0x01, 0xEA, 0x01, 0x89, 0x01, 0x48,
    0x01, 0x68, 0x01, 0x88, 0x01, 0xA9, 0x02, 0x0A, 0x02, 0x0A, 0x12, 0xAC, 0x02, 0xED, 0x02, 0x4C,
    0x01, 0xAA, 0x01, 0x89, 0x01, 0xA9, 0x01, 0x89, 0x01, 0x89, 0x09, 0x88, 0x01, 0xEA, 0x01, 0xC9,
    0x01, 0x27, 0x09, 0x66, 0x31, 0xE5, 0x11, 0xE8, 0x02, 0x2A, 0x01, 0xC9, 0x01, 0xC9, 0x01, 0x67,
    0x01, 0x47, 0x01, 0x26, 0x01, 0x27, 0x01, 0x88, 0x01, 0xA8, 0x01, 0xC8, 0x01, 0xC9, 0x01, 0xA8,
    0x01, 0xA9, 0x01, 0x68, 0x01, 0x68, 0x01, 0x68, 0x09, 0xA8, 0x32, 0x06, 0x29, 0xC6, 0x01, 0x88,
    0x01, 0x47, 0x01, 0x48, 0x01, 0x89, 0x01, 0xC9, 0x01, 0x89, 0x01, 0x48, 0x01, 0x88, 0x01, 0xCA,
    0x09, 0xA8, 0x01, 0xA8, 0x01, 0x68, 0x01, 0xA9, 0x01, 0xEA, 0x01, 0x89, 0x01, 0x88, 0x01, 0x88,
    0x01, 0xEB, 0x01, 0xCA, 0x02, 0x4B, 0x02, 0x0B, 0x02, 0x4C, 0x02, 0x6C, 0x02, 0x4C, 0x01, 0xEB,
    0x02, 0x2B, 0x02, 0x0B, 0x0A, 0x8D, 0x02, 0x4B, 0x12, 0x6B, 0x02, 0xCD, 0x02, 0x8C, 0x02, 0x2B,
    0x0A, 0xAC, 0x0A, 0xAD, 0x12, 0xCD, 0x0A, 0xCD, 0x12, 0xED, 0x0A, 0xEE, 0x0B, 0x0E, 0x13, 0x0E,
    0x0A, 0x8D, 0x02, 0xCD, 0x0B, 0x2E, 0x13, 0x2F, 0x13, 0x6F, 0x13, 0x2F, 0x0A, 0xEE, 0x0A, 0xCE,
    0x02, 0xEE, 0x03, 0x0F, 0x1B, 0xD1, 0x2C, 0x32, 0x2B, 0x2E, 0x02, 0x2B, 0x0A, 0xAD, 0x02, 0x8D,
    0x02, 0x8D, 0x1A, 0xCD, 0x13, 0x2F, 0x0A, 0xAD, 0x02, 0x6D, 0x23, 0xB0, 0x0A, 0xEE, 0x3C, 0xB4,
    0x3C, 0xB3, 0x0B, 0x2F, 0x0A, 0xCE, 0x02, 0xEE, 0x13, 0xD1, 0x13, 0x70, 0x13, 0xD1, 0x14, 0x73,
    0x1C, 0x32, 0x0B, 0x91, 0x0B, 0x30, 0x03, 0x10, 0x1B, 0xF2, 0x0B, 0xB1, 0x03, 0x51, 0x0B, 0x91,
    0x13, 0xB1, 0x1B, 0xB0, 0x0B, 0xB2, 0x03, 0xB2, 0x0B, 0xD2, 0x2C, 0x74, 0x2C, 0xB4, 0x1C, 0x53,
    0x2C, 0xD4, 0x3D, 0x15, 0x4D, 0x14, 0x34, 0xD4, 0x34, 0xB4, 0x24, 0xB4, 0x1C, 0xB4, 0x14, 0x74,
    0x14, 0x74, 0x1C, 0x53, 0x24, 0x73, 0x24, 0x73, 0x13, 0xF2, 0x02, 0xEF, 0x02, 0xEE, 0x02, 0x4C,
    0x01, 0xAB, 0x02, 0x6D, 0x13, 0x0F, 0x24, 0x12, 0x23, 0x70, 0x0A, 0x8C, 0x0A, 0xEE, 0x23, 0xB1,
    0x01, 0x68, 0x01, 0xA9, 0x02, 0x4B, 0x01, 0xC9, 0x01, 0x88, 0x01, 0xC9, 0x01, 0xA9, 0x01, 0xA9,
    0x09, 0x88, 0x01, 0xE9, 0x01, 0x88, 0x01, 0x67, 0x01, 0x27, 0x01, 0x48, 0x01, 0x89, 0x01, 0xEA,
    0x02, 0x0B, 0x02, 0x6C, 0x02, 0x0B, 0x01, 0xEB, 0x0A, 0x0A, 0x02, 0x09, 0x2A, 0x8A, 0x1A, 0x29,
    0x01, 0xA9, 0x02, 0x0A, 0x0A, 0xCC, 0x02, 0x8C, 0x0A, 0x4B, 0x01, 0xA9, 0x01, 0x89, 0x01, 0xCB,
    0x01, 0xEB, 0x01, 0xEB, 0x01, 0xCA, 0x01, 0x88, 0x01, 0x88, 0x01, 0x88, 0x01, 0x88, 0x01, 0x69,
    0x01, 0xC9, 0x01, 0xA8, 0x01, 0x47, 0x09, 0x67, 0x01, 0x06, 0x01, 0x26, 0x01, 0x67, 0x01, 0x06,
    0x01, 0x47, 0x01, 0x87, 0x01, 0x67, 0x01, 0x47, 0x01, 0x26, 0x01, 0x27, 0x01, 0x88, 0x01, 0x68,
    0x01, 0x46, 0x21, 0x86, 0x19, 0x66, 0x01, 0x88, 0x01, 0xC9, 0x01, 0xA8, 0x01, 0x47, 0x01, 0x88,
    0x01, 0xA8, 0x01, 0x67, 0x01, 0x88, 0x09, 0x88, 0x21, 0xC6, 0x09, 0xA7, 0x01, 0xA9, 0x01, 0x47,
    0x01, 0x68, 0x01, 0x89, 0x01, 0x67, 0x01, 0xA9, 0x0A, 0x0A, 0x01, 0xEA, 0x01, 0xEA, 0x02, 0x2A,
    0x02, 0x8C, 0x02, 0xAD, 0x02, 0xCD, 0x02, 0x2C, 0x02, 0x4C, 0x0A, 0xAD, 0x02, 0xAD, 0x0A, 0xAD,
    0x12, 0x2A, 0x02, 0x6D, 0x02, 0x8D, 0x02, 0x6C, 0x02, 0x2B, 0x02, 0x2B, 0x0A, 0x8C, 0x0A, 0x8D,
    0x0A, 0xAD, 0x12, 0xED, 0x0A, 0xAD, 0x0A, 0xAD, 0x13, 0x0E, 0x12, 0xCD, 0x12, 0xEE, 0x1B, 0x4F,
    0x02, 0xAD, 0x13, 0x0E, 0x23, 0x90, 0x23, 0xB0, 0x2B, 0xF1, 0x4D, 0x14, 0x4C, 0x92, 0x22, 0xED,
    0x02, 0x4B, 0x0A, 0xCD, 0x0A, 0xCD, 0x0B, 0x0F, 0x0B, 0x4F, 0x1B, 0x0E, 0x2A, 0xEC, 0x02, 0x6D,
    0x13, 0xB0, 0x13, 0x2F, 0x13, 0x2F, 0x3D, 0x15, 0x23, 0xF1, 0x0A, 0xEF, 0x0B, 0x2F, 0x0B, 0x70,
    0x1B, 0xF2, 0x13, 0xF1, 0x13, 0xD1, 0x23, 0xF2, 0x0B, 0x70, 0x03, 0x91, 0x03, 0x91, 0x03, 0x51,
    0x02, 0xEF, 0x13, 0xF2, 0x24, 0x52, 0x0B, 0x50, 0x0B, 0x2F, 0x0C, 0x12, 0x0C, 0x32, 0x1C, 0x53,
    0x1C, 0x54, 0x13, 0xD2, 0x03, 0x71, 0x4B, 0xCE, 0x5D, 0x14, 0x35, 0x36, 0x2C, 0x94, 0x2C, 0xD5,
    0x3D, 0x15, 0x24, 0x94, 0x0B, 0xD2, 0x1C, 0x73, 0x1C, 0x32, 0x1B, 0xF2, 0x2C, 0x32, 0x0B, 0x30,
    0x0B, 0x4F, 0x02, 0x8D, 0x0A, 0xAD, 0x0A, 0xEE, 0x34, 0x73, 0x23, 0xB0, 0x34, 0x52, 0x23, 0x70,
    0x44, 0x92, 0x02, 0x0B, 0x0B, 0x0E, 0x23, 0xD0, 0x01, 0xA9, 0x01, 0xCA, 0x01, 0xEA, 0x01, 0xA9,
    0x01, 0x88, 0x01, 0xC9, 0x01, 0x89, 0x01, 0xA9, 0x01, 0x68, 0x01, 0xA9, 0x01, 0x67, 0x01, 0xC8,
    0x01, 0xC9, 0x1A, 0x08, 0x01, 0xEA, 0x02, 0x0A, 0x02, 0x0B, 0x02, 0x0A, 0x02, 0x0B, 0x02, 0x0B,
    0x01, 0xEA, 0x01, 0xEB, 0x0A, 0x2B, 0x01, 0x89, 0x01, 0x48, 0x01, 0xA8, 0x01, 0xCA, 0x01, 0xEA,
    0x12, 0x4A, 0x02, 0x4C, 0x0A, 0x4B, 0x02, 0xEF, 0x02, 0x6D, 0x02, 0x4C, 0x01, 0xAA, 0x01, 0xCA,
    0x01, 0xA9, 0x01, 0xEA, 0x01, 0x89, 0x01, 0x89, 0x01, 0xA9, 0x01, 0xA8, 0x01, 0x06, 0x01, 0x27,
    0x01, 0x47, 0x01, 0x26, 0x01, 0x67, 0x01, 0x68, 0x01, 0x68, 0x01, 0xE9, 0x01, 0x88, 0x01, 0x06,
    0x01, 0x27, 0x01, 0x27, 0x01, 0x27, 0x01, 0x26, 0x01, 0x07, 0x01, 0xC9, 0x01, 0xC9, 0x01, 0x47,
    0x01, 0x67, 0x00, 0xC5, 0x01, 0x06, 0x01, 0x67, 0x01, 0xA8, 0x01, 0x47, 0x00, 0xE6, 0x01, 0x67,
    0x09, 0x87, 0x29, 0xC7, 0x01, 0x47, 0x01, 0x27, 0x01, 0x67, 0x01, 0xA8, 0x01, 0xA8, 0x09, 0xC9,
    0x22, 0x29, 0x02, 0x2A, 0x1A, 0x49, 0x0A, 0x09, 0x02, 0x2A, 0x02, 0x2B, 0x02, 0x0A, 0x01, 0xEA,
    0x02, 0x2B, 0x12, 0xAC, 0x02, 0x8C, 0x02, 0xAD, 0x02, 0x8D, 0x03, 0x2F, 0x02, 0xEF, 0x02, 0x8D,
    0x02, 0xAD, 0x02, 0xCD, 0x02, 0xEE, 0x0B, 0x0E, 0x02, 0x2C, 0x02, 0x6C, 0x02, 0x6C, 0x0A, 0x8C,
    0x0A, 0xAD, 0x0A, 0xCD, 0x13, 0x0E, 0x1B, 0x4F, 0x13, 0x2E, 0x1B, 0x2E, 0x2B, 0x6F, 0x33, 0xD0,
    0x13, 0x0D, 0x0A, 0xCD, 0x02, 0x4B, 0x12, 0xEE, 0x1B, 0x4F, 0x0A, 0xAD, 0x0B, 0x0E, 0x13, 0x4F,
    0x13, 0x6F, 0x1B, 0x2E, 0x22, 0xAC, 0x02, 0x4D, 0x1B, 0x4F, 0x02, 0x8C, 0x1B, 0xD1, 0x44, 0xF4,
    0x13, 0x91, 0x13, 0xD1, 0x2C, 0x32, 0x2C, 0x52, 0x03, 0x50, 0x0B, 0x50, 0x14, 0x12, 0x1C, 0x12,
    0x02, 0xCF, 0x03, 0x91, 0x0C, 0x54, 0x03, 0xD3, 0x13, 0x91, 0x0A, 0xCE, 0x0B, 0x91, 0x0B, 0xB1,
    0x0B, 0x0F, 0x2C, 0x53, 0x13, 0xF2, 0x24, 0x53, 0x0B, 0xF2, 0x03, 0x71, 0x0B, 0x51, 0x3C, 0xB3,
    0x24, 0x73, 0x0B, 0x51, 0x13, 0xD2, 0x13, 0xD2, 0x1C, 0x33, 0x14, 0x33, 0x0B, 0x71, 0x02, 0xF0,
    0x02, 0xCE, 0x02, 0x4D, 0x1B, 0x70, 0x1B, 0x70, 0x02, 0x6C, 0x02, 0xAE, 0x02, 0x6C, 0x12, 0xEE,
    0x55, 0x54, 0x01, 0x69, 0x1A, 0xCD, 0x2B, 0xF1, 0x1B, 0x4F, 0x12, 0xCD, 0x01, 0xEB, 0x03, 0x0E,
    0x02, 0x0A, 0x02, 0x2B, 0x02, 0x2B, 0x01, 0xE9, 0x01, 0xC9, 0x02, 0x0A, 0x02, 0x0A, 0x01, 0xA8,
    0x01, 0x89, 0x01, 0xE9, 0x01, 0x88, 0x02, 0x0A, 0x0A, 0x2A, 0x19, 0xC8, 0x01, 0xA9, 0x01, 0x88,
    0x01, 0xA9, 0x0A, 0x0A, 0x02, 0x2B, 0x02, 0x4C, 0x02, 0x4C, 0x02, 0x4B, 0x01, 0xCA, 0x01, 0x28,
    0x01, 0x48, 0x01, 0xEA, 0x02, 0x0B, 0x01, 0xAA, 0x01, 0xAA, 0x01, 0xEA, 0x02, 0x2B, 0x02, 0xAD,
    0x1A, 0x4A, 0x12, 0x8B, 0x01, 0xEA, 0x01, 0xCA, 0x01, 0xCA, 0x01, 0xEA, 0x01, 0x68, 0x01, 0x69,
    0x01, 0x89, 0x01, 0xA9, 0x01, 0x68, 0x01, 0xAA, 0x01, 0xC9, 0x01, 0xA9, 0x01, 0xA9, 0x1A, 0x49,
    0x0A, 0x6B, 0x12, 0xCD, 0x0A, 0x2A, 0x0A, 0x2A, 0x32, 0x69, 0x0A, 0x2B, 0x01, 0x88, 0x01, 0x68,
    0x01, 0xEA, 0x0A, 0x4B, 0x01, 0xEA, 0x01, 0x27, 0x01, 0x27, 0x01, 0x27, 0x01, 0xA8, 0x0A, 0x2A,
    0x09, 0xE8, 0x01, 0x47, 0x01, 0x26, 0x01, 0x27, 0x01, 0x87, 0x09, 0x47, 0x01, 0x47, 0x01, 0x87,
    0x01, 0xA8, 0x01, 0x87, 0x01, 0x47, 0x0A, 0x2A, 0x0A, 0x2A, 0x01, 0xE9, 0x09, 0xC8, 0x11, 0xE8,
    0x09, 0xA8, 0x01, 0xC9, 0x01, 0xC9, 0x01, 0xC9, 0x02, 0x0A, 0x29, 0xC7, 0x1A, 0x09, 0x02, 0x6B,
    0x02, 0x4C, 0x03, 0x90, 0x04, 0x12, 0x02, 0xCE, 0x0A, 0xCE, 0x13, 0x4F, 0x0B, 0x4F, 0x0B, 0x2F,
    0x02, 0xEE, 0x02, 0xCD, 0x02, 0x8D, 0x02, 0xAD, 0x02, 0xAD, 0x02, 0x6C, 0x02, 0x6C, 0x02, 0xAD,
    0x02, 0x6C, 0x02, 0x6C, 0x0A, 0x8C, 0x0A, 0xCD, 0x13, 0x0E, 0x1B, 0x8F, 0x1B, 0x8F, 0x3C, 0x31,
    0x13, 0x0D, 0x02, 0xAD, 0x0B, 0x0E, 0x0B, 0x0E, 0x0A, 0xCD, 0x0A, 0xEE, 0x13, 0x6F, 0x02, 0x6D,
    0x02, 0x2A, 0x0A, 0xAD, 0x24, 0x53, 0x23, 0xF2, 0x1C, 0x52, 0x13, 0x70, 0x2C, 0x52, 0x24, 0x73,
    0x1B, 0xF1, 0x0B, 0x90, 0x24, 0x53, 0x0B, 0x91, 0x03, 0x50, 0x1C, 0x13, 0x14, 0x12, 0x13, 0xF2,
    0x24, 0x12, 0x1B, 0x90, 0x0B, 0x71, 0x0B, 0x91, 0x0B, 0xF1, 0x13, 0x91, 0x0B, 0x71, 0x1B, 0xF1,
    0x1B, 0xF2, 0x0B, 0xD2, 0x0B, 0x30, 0x1C, 0x33, 0x1C, 0x12, 0x0B, 0x30, 0x13, 0xB2, 0x1B, 0xB2,
    0x03, 0x71, 0x0B, 0xD2, 0x03, 0xB1, 0x02, 0x8D, 0x02, 0x8D, 0x13, 0x50, 0x13, 0x50, 0x23, 0xD1,
    0x02, 0x2B, 0x02, 0xEE, 0x0A, 0xCD, 0x13, 0x4F, 0x13, 0x2E, 0x01, 0xEB, 0x34, 0x32, 0x2C, 0x10,
    0x02, 0x6C, 0x0A, 0x6C, 0x02, 0x8D, 0x02, 0x8C, 0x02, 0x4B, 0x02, 0x6C, 0x02, 0x2B, 0x01, 0xC9,
    0x02, 0x0A, 0x02, 0x4B, 0x02, 0x0A, 0x01, 0x89, 0x01, 0xC9, 0x02, 0x0A, 0x01, 0xA9, 0x02, 0x2B,
    0x01, 0xC9, 0x01, 0x48, 0x01, 0x48, 0x01, 0x68, 0x01, 0x68, 0x01, 0x28, 0x01, 0x89, 0x01, 0x89,
    0x01, 0x89, 0x01, 0xA9, 0x02, 0x2A, 0x01, 0xCB, 0x03, 0x10, 0x03, 0x10, 0x02, 0xAE, 0x02, 0x8D,
    0x02, 0x2B, 0x01, 0xCA, 0x01, 0x88, 0x01, 0xC9, 0x02, 0x2B, 0x01, 0xEA, 0x01, 0x89, 0x02, 0x2B,
    0x02, 0x8C, 0x02, 0xCD, 0x02, 0x4B, 0x13, 0x0E, 0x0A, 0xCE, 0x01, 0xA9, 0x22, 0x07, 0x2A, 0x08,
    0x02, 0x0A, 0x02, 0x2B, 0x0A, 0x2A, 0x22, 0x28, 0x02, 0x4B, 0x02, 0x6C, 0x0A, 0x6B, 0x02, 0x6C,
    0x12, 0xAC, 0x22, 0xEC, 0x12, 0x8B, 0x02, 0x6B, 0x0A, 0x2A, 0x02, 0x0A, 0x01, 0xEA, 0x01, 0x89,
    0x01, 0x89, 0x01, 0xA9, 0x01, 0xC9, 0x01, 0x47, 0x01, 0x68, 0x01, 0x67, 0x01, 0x26, 0x01, 0x67,
    0x01, 0x47, 0x00, 0xC5, 0x01, 0x26, 0x01, 0x47, 0x01, 0x67, 0x00, 0xE5, 0x01, 0x06, 0x09, 0xE9,
    0x01, 0xA8, 0x01, 0xC9, 0x01, 0x68, 0x01, 0x88, 0x01, 0x67, 0x01, 0xC9, 0x01, 0xA8, 0x0A, 0x6A,
    0x0A, 0x0A, 0x0A, 0x2A, 0x12, 0x29, 0x1A, 0x8B, 0x02, 0x0A, 0x12, 0x4B, 0x0A, 0xED, 0x02, 0x4C,
    0x02, 0x2B, 0x02, 0x2B, 0x02, 0x8D, 0x0B, 0x4F, 0x0B, 0x0E, 0x02, 0x6D, 0x02, 0x4B, 0x02, 0x6C,
    0x0A, 0xAC, 0x0A, 0xAC, 0x02, 0xAD, 0x02, 0xAD, 0x0A, 0x8C, 0x1A, 0x8B, 0x12, 0xED, 0x13, 0x2E,
    0x1B, 0x0E, 0x1B, 0x4E, 0x1B, 0x2E, 0x12, 0xAD, 0x13, 0x0E, 0x0A, 0xAD, 0x0A, 0xAD, 0x13, 0x2E,
    0x0B, 0x0E, 0x0B, 0x2F, 0x02, 0xEE, 0x02, 0x6C, 0x01, 0xCA, 0x1B, 0x70, 0x4D, 0x14, 0x13, 0x4F,
    0x0B, 0x2F, 0x13, 0x2F, 0x24, 0x52, 0x13, 0xD1, 0x0B, 0x2F, 0x0B, 0xB1, 0x24, 0x32, 0x0B, 0xD1,
    0x14, 0x12, 0x24, 0x53, 0x0B, 0xB2, 0x0B, 0xD2, 0x03, 0x30, 0x13, 0x91, 0x13, 0xD2, 0x13, 0xD1,
    0x03, 0x30, 0x14, 0x13, 0x13, 0xF2, 0x13, 0xF2, 0x13, 0xB2, 0x0B, 0xF2, 0x0B, 0x91, 0x02, 0xCF,
    0x02, 0x8E, 0x0B, 0x0F, 0x1C, 0x13, 0x14, 0x33, 0x03, 0xB2, 0x0B, 0x91, 0x0B, 0x50, 0x02, 0x8E,
    0x02, 0x4E, 0x3C, 0x93, 0x3C, 0xB3, 0x0A, 0xAD, 0x0A, 0xCE, 0x02, 0x6D, 0x02, 0x4D, 0x02, 0xCD,
    0x02, 0xCE, 0x0B, 0x0F, 0x1B, 0x6F, 0x02, 0x4C, 0x02, 0x2B, 0x02, 0x8D, 0x02, 0xCE, 0x0A, 0xEE,
    0x02, 0x6C, 0x02, 0x4A, 0x01, 0xC9, 0x01, 0xC9, 0x02, 0x2A, 0x02, 0x4B, 0x01, 0xEA, 0x01, 0xA9,
    0x02, 0x0A, 0x02, 0x2B, 0x02, 0x2B, 0x0A, 0x2A, 0x01, 0xA9, 0x01, 0x07, 0x01, 0x47, 0x01, 0xEA,
    0x01, 0xA9, 0x01, 0x48, 0x01, 0x47, 0x01, 0x27, 0x01, 0x28, 0x01, 0x89, 0x02, 0x4B, 0x03, 0x0F,
    0x03, 0xB2, 0x03, 0x71, 0x02, 0xEF, 0x02, 0xAE, 0x02, 0x2B, 0x01, 0xEA, 0x01, 0xEA, 0x01, 0xEA,
    0x01, 0xEB, 0x01, 0xEA, 0x01, 0xA9, 0x01, 0xCA, 0x0A, 0x8C, 0x1A, 0xCC, 0x0A, 0xED, 0x23, 0xD0,
    0x1A, 0xED, 0x01, 0x89, 0x09, 0xA8, 0x29, 0xC6, 0x19, 0xE9, 0x02, 0x0A, 0x12, 0x4A, 0x5A, 0x84,
    0x22, 0x07, 0x01, 0xC9, 0x2A, 0x28, 0x29, 0xE6, 0x01, 0xA8, 0x09, 0xE9, 0x02, 0x0A, 0x01, 0xE9,
    0x01, 0xC9, 0x01, 0xEA, 0x02, 0x0A, 0x01, 0xE9, 0x3A, 0x27, 0x1A, 0x49, 0x01, 0xCA, 0x01, 0x88,
    0x01, 0xA9, 0x01, 0x48, 0x01, 0x68, 0x01, 0xA8, 0x01, 0x67, 0x01, 0x47, 0x01, 0x47, 0x01, 0xC8,
    0x01, 0x67, 0x00, 0xE6, 0x01, 0x88, 0x01, 0x47, 0x01, 0xA8, 0x02, 0x09, 0x0A, 0x4A, 0x01, 0xA8,
    0x01, 0xE9, 0x02, 0x2A, 0x01, 0xA8, 0x09, 0xE9, 0x0A, 0x09, 0x0A, 0x2B, 0x22, 0x8A, 0x12, 0x6A,
    0x02, 0x2A, 0x0A, 0x09, 0x0A, 0x0A, 0x02, 0x4B, 0x01, 0xEA, 0x01, 0xEA, 0x02, 0x2B, 0x02, 0x8D,
    0x0A, 0x8C, 0x02, 0x4C, 0x0A, 0xEE, 0x02, 0x6C, 0x02, 0x4C, 0x02, 0x8D, 0x0A, 0xEE, 0x02, 0x8D,
    0x02, 0x6C, 0x0A, 0x8C, 0x0B, 0x2F, 0x13, 0x2E, 0x0A, 0xCD, 0x02, 0xEE, 0x0A, 0xCD, 0x0A, 0xCD,
    0x0A, 0xEE, 0x02, 0x8D, 0x13, 0x0E, 0x12, 0xCD, 0x13, 0x4F, 0x0B, 0x2F, 0x02, 0xAD, 0x0B, 0x4F,
    0x1B, 0x2E, 0x0A, 0xEE, 0x1B, 0x2F, 0x13, 0x6F, 0x13, 0x8F, 0x0B, 0x2F, 0x0B, 0x2F, 0x02, 0xCE,
    0x13, 0x70, 0x13, 0x90, 0x13, 0xB1, 0x0B, 0xB1, 0x14, 0x54, 0x14, 0x33, 0x1C, 0x74, 0x24, 0x74,
    0x03, 0x51, 0x03, 0x30, 0x03, 0x51, 0x0B, 0x51, 0x0B, 0xD2, 0x14, 0x53, 0x0B, 0xB2, 0x13, 0xF2,
    0x1C, 0x74, 0x03, 0xB2, 0x03, 0x91, 0x0B, 0xB2, 0x0B, 0x51, 0x02, 0xEF, 0x1B, 0x90, 0x02, 0xD0,
    0x03, 0x50, 0x0B, 0x10, 0x0B, 0x30, 0x14, 0x12, 0x02, 0xAF, 0x02, 0xAE, 0x0B, 0x0F, 0x03, 0x2F,
    0x0B, 0x2F, 0x03, 0x2F, 0x03, 0x4F, 0x03, 0x0E, 0x03, 0x0F, 0x02, 0x6C, 0x02, 0xAD, 0x0B, 0x50,
    0x03, 0x0E, 0x02, 0xCE, 0x1C, 0x32, 0x1C, 0x13, 0x01, 0xCA, 0x01, 0xC9, 0x02, 0x0A, 0x02, 0x0A,
    0x01, 0xC9, 0x01, 0xC9, 0x02, 0x4B, 0x42, 0x67, 0x32, 0x69, 0x02, 0x8C, 0x02, 0x2B, 0x01, 0xCA,
    0x01, 0x89, 0x01, 0x07, 0x01, 0x89, 0x01, 0xC9, 0x01, 0x68, 0x01, 0x27, 0x01, 0x48, 0x01, 0x89,
    0x01, 0x68, 0x01, 0xA9, 0x01, 0xA9, 0x01, 0xEA, 0x02, 0x0B, 0x03, 0x0F, 0x03, 0x2F, 0x02, 0x6D,
    0x02, 0x2C, 0x02, 0x2B, 0x02, 0x4C, 0x02, 0x8C, 0x02, 0x2C, 0x01, 0xEB, 0x0A, 0x2B, 0x02, 0x0B,
    0x02, 0x0C, 0x09, 0xEA, 0x02, 0x0A, 0x02, 0x0B, 0x01, 0xAA, 0x01, 0x69, 0x11, 0xC7, 0x22, 0x28,
    0x0A, 0x2A, 0x0A, 0x2B, 0x0A, 0x2A, 0x42, 0x46, 0x22, 0x07, 0x01, 0xC9, 0x09, 0xC8, 0x3A, 0x27,
    0x0A, 0x2A, 0x02, 0x09, 0x29, 0xA6, 0x09, 0xA8, 0x02, 0x2B, 0x19, 0xE8, 0x09, 0xC8, 0x02, 0x4B,
    0x1A, 0x0A, 0x09, 0xEA, 0x01, 0xE9, 0x01, 0xEA, 0x01, 0xA9, 0x01, 0x88, 0x02, 0x0A, 0x01, 0x88,
    0x01, 0x67, 0x01, 0x47, 0x01, 0x68, 0x01, 0xC9, 0x01, 0x88, 0x01, 0x68, 0x01, 0xA8, 0x01, 0x88,
    0x01, 0xA9, 0x01, 0xC9, 0x01, 0xA8, 0x01, 0xEA, 0x0A, 0x8C, 0x12, 0xCC, 0x02, 0x2A, 0x02, 0x2B,
    0x02, 0x2B, 0x02, 0x2A, 0x11, 0xE8, 0x09, 0xC9, 0x01, 0xC9, 0x02, 0x0A, 0x02, 0x4B, 0x01, 0xEA,
    0x02, 0x0A, 0x02, 0x0A, 0x01, 0xC9, 0x01, 0xCA, 0x01, 0xC9, 0x02, 0x2B, 0x02, 0xAC, 0x02, 0xAD,
    0x02, 0xAD, 0x0B, 0x2F, 0x0B, 0xB1, 0x0B, 0x70, 0x02, 0x6C, 0x22, 0xCC, 0x13, 0x70, 0x0B, 0x2F,
    0x0B, 0x2F, 0x02, 0xCE, 0x0A, 0xAD, 0x0A, 0x4B, 0x0A, 0x8C, 0x0A, 0xCD, 0x23, 0x8F, 0x2B, 0x2D,
    0x13, 0x70, 0x02, 0xEF, 0x0B, 0x2F, 0x1B, 0x6F, 0x02, 0x6C, 0x0A, 0xEE, 0x1B, 0x70, 0x13, 0x2E,
    0x02, 0x2C, 0x02, 0xAE, 0x0A, 0xEE, 0x13, 0x4F, 0x0B, 0x4F, 0x0B, 0x90, 0x1B, 0xD1, 0x1C, 0x13,
    0x2C, 0xB4, 0x24, 0x94, 0x2C, 0x94, 0x1B, 0xF2, 0x0B, 0xB2, 0x0C, 0x13, 0x04, 0x13, 0x0B, 0xF3,
    0x14, 0x13, 0x2C, 0x94, 0x1C, 0x74, 0x14, 0x13, 0x0B, 0xB2, 0x03, 0x30, 0x03, 0x72, 0x24, 0x94,
    0x1B, 0xF2, 0x0B, 0x51, 0x02, 0xCE, 0x03, 0x91, 0x0B, 0x71, 0x0B, 0xB1, 0x03, 0x71, 0x24, 0x33,
    0x13, 0xF2, 0x02, 0xCF, 0x03, 0x50, 0x0B, 0x70, 0x0B, 0x70, 0x03, 0x0F, 0x03, 0x70, 0x03, 0x0F,
    0x13, 0xF2, 0x0A, 0xCE, 0x13, 0x4F, 0x13, 0xB0, 0x02, 0xEE, 0x03, 0x50, 0x13, 0xB1, 0x1C, 0x33,
    0x01, 0xC9, 0x02, 0x0A, 0x02, 0x2B, 0x02, 0x0A, 0x01, 0xA9, 0x02, 0x0A, 0x02, 0x2B, 0x2A, 0x07,
    0x19, 0xE8, 0x02, 0x2B, 0x02, 0x0A, 0x02, 0x0A, 0x01, 0xCA, 0x01, 0x89, 0x01, 0xEA, 0x01, 0xEA,
    0x01, 0x89, 0x02, 0x0B, 0x02, 0xED, 0x01, 0xEB, 0x01, 0xAA, 0x01, 0x27, 0x00, 0xE6, 0x00, 0xE6,
    0x01, 0x48, 0x01, 0xCA, 0x02, 0x8C, 0x02, 0x0A, 0x01, 0xEB, 0x02, 0x4C, 0x02, 0x8C, 0x02, 0xAD,
    0x02, 0x2C, 0x02, 0x8D, 0x02, 0xAD, 0x02, 0x6C, 0x02, 0x6D, 0x01, 0xEA, 0x01, 0xC9, 0x1A, 0x8A,
    0x09, 0xC9, 0x01, 0x69, 0x1A, 0x08, 0x2A, 0x28, 0x1A, 0x49, 0x09, 0xA8, 0x09, 0xEA, 0x09, 0xA8,
    0x2A, 0x28, 0x1A, 0x29, 0x01, 0x48, 0x09, 0xA8, 0x52, 0x85, 0x42, 0x25, 0x4A, 0x05, 0x01, 0xE9,
    0x02, 0x0A, 0x1A, 0x29, 0x0A, 0x6C, 0x02, 0x8C, 0x02, 0x0B, 0x01, 0xA9, 0x01, 0xC9, 0x01, 0x88,
    0x01, 0xC8, 0x01, 0xA8, 0x01, 0x88, 0x01, 0x47, 0x01, 0x47, 0x01, 0x88, 0x01, 0x88, 0x01, 0x27,
    0x01, 0x27, 0x01, 0xEA, 0x01, 0x88, 0x01, 0xE9, 0x02, 0x0A, 0x0A, 0x2A, 0x09, 0xE9, 0x01, 0xA8,
    0x01, 0xA8, 0x01, 0x88, 0x0A, 0xAC, 0x13, 0x0D, 0x02, 0x4A, 0x01, 0xC9, 0x01, 0xCA, 0x02, 0x0A,
    0x02, 0x6B, 0x02, 0x8C, 0x02, 0x0A, 0x01, 0xC9, 0x02, 0x0A, 0x0A, 0x6B, 0x0A, 0xCD, 0x02, 0xAD,
    0x02, 0x6C, 0x02, 0x6C, 0x02, 0x2B, 0x02, 0x2B, 0x0A, 0x6B, 0x02, 0x6C, 0x0A, 0xEE, 0x02, 0xEE,
    0x0A, 0xCD, 0x2A, 0xCB, 0x12, 0xED, 0x02, 0x8C, 0x02, 0x4C, 0x02, 0x8C, 0x02, 0x8C, 0x02, 0x2A,
    0x02, 0x6C, 0x0A, 0xCD, 0x2C, 0x11, 0x2B, 0xAF, 0x1B, 0x90, 0x13, 0x70, 0x13, 0x6F, 0x0A, 0xCD,
    0x01, 0xCB, 0x13, 0x50, 0x0B, 0x0E, 0x01, 0xEB, 0x12, 0xEE, 0x02, 0x4C, 0x0A, 0x6D, 0x1B, 0x4F,
    0x0A, 0xEE, 0x0B, 0x2F, 0x13, 0xF2, 0x2C, 0xB5, 0x2C, 0x94, 0x2C, 0x74, 0x1C, 0x13, 0x03, 0xB2,
    0x03, 0x92, 0x0C, 0x14, 0x0C, 0x14, 0x14, 0x14, 0x0B, 0xD2, 0x0B, 0xF3, 0x0B, 0xF3, 0x03, 0x30,
    0x03, 0x51, 0x03, 0x91, 0x1C, 0x12, 0x13, 0xB1, 0x0B, 0xB1, 0x1C, 0x12, 0x13, 0x91, 0x34, 0x93,
    0x03, 0x50, 0x03, 0x50, 0x0B, 0x71, 0x03, 0x50, 0x0B, 0xD2, 0x03, 0x70, 0x03, 0x70, 0x0B, 0x50,
    0x0B, 0x0F, 0x03, 0x51, 0x13, 0xB1, 0x02, 0xAE, 0x23, 0xD0, 0x1B, 0x6F, 0x0A, 0xAC, 0x02, 0xAD,
    0x03, 0x30, 0x03, 0x70, 0x0A, 0xCD, 0x0A, 0xEE, 0x02, 0x0A, 0x02, 0x2B, 0x02, 0x0A, 0x01, 0xCA,
    0x01, 0xEA, 0x01, 0xC9, 0x11, 0xE8, 0x09, 0xA8, 0x01, 0xA9, 0x02, 0x4B, 0x01, 0xC9, 0x01, 0xEA,
    0x02, 0x2B, 0x02, 0x0B, 0x02, 0x0B, 0x02, 0x2B, 0x01, 0xEA, 0x01, 0xEB, 0x03, 0x0F, 0x03, 0x8F,
    0x02, 0x4B, 0x01, 0x07, 0x01, 0x07, 0x01, 0x07, 0x01, 0x68, 0x01, 0x89, 0x01, 0x89, 0x01, 0x48,
    0x01, 0x69, 0x01, 0xA9, 0x01, 0xCA, 0x01, 0xEA, 0x02, 0x0A, 0x02, 0x4B, 0x02, 0x2B, 0x02, 0x2B,
    0x02, 0x2B, 0x02, 0x4C, 0x22, 0x29, 0x32, 0x69, 0x11, 0xC8, 0x01, 0xEA, 0x02, 0x0B, 0x01, 0xC9,
    0x1A, 0x09, 0x11, 0xE8, 0x09, 0xE9, 0x01, 0xC9, 0x01, 0xEA, 0x01, 0xEA, 0x19, 0xE9, 0x21, 0xE7,
    0x7A, 0xC4, 0x52, 0x45, 0x62, 0x64, 0x01, 0xC9, 0x01, 0xCA, 0x01, 0xA9, 0x01, 0xC9, 0x01, 0xEA,
    0x01, 0x67, 0x01, 0x68, 0x01, 0xA8, 0x01, 0xA8, 0x01, 0x88, 0x01, 0x88, 0x01, 0x68, 0x01, 0xEA,
    0x01, 0xA9, 0x01, 0xA9, 0x01, 0xA8, 0x01, 0xA9, 0x02, 0x4B, 0x0A, 0x6B, 0x01, 0xC9, 0x0A, 0x0A,
    0x01, 0x88, 0x09, 0xC9, 0x12, 0xED, 0x01, 0xE9, 0x01, 0x48, 0x01, 0xA8, 0x0A, 0x4A, 0x01, 0xE9,
    0x0A, 0x2B, 0x1B, 0x4E, 0x12, 0xED, 0x12, 0xAC, 0x23, 0x0D, 0x1B, 0x8E, 0x02, 0xAC, 0x0A, 0xEE,
    0x02, 0x8C, 0x0A, 0xED, 0x2C, 0x51, 0x1B, 0x8F, 0x0B, 0x8F, 0x03, 0x4E, 0x02, 0x6C, 0x02, 0x6C,
    0x02, 0x2B, 0x02, 0x4B, 0x02, 0x6C, 0x0A, 0x8C, 0x02, 0x0B, 0x01, 0xEA, 0x02, 0x4B, 0x0A, 0x4B,
    0x02, 0x4B, 0x02, 0x4B, 0x02, 0x0B, 0x12, 0xEE, 0x0B, 0x2F, 0x13, 0x90, 0x23, 0xF1, 0x13, 0x4F,
    0x1B, 0x2F, 0x3C, 0x10, 0x02, 0xAD, 0x13, 0x4F, 0x0B, 0x2F, 0x3C, 0xB4, 0x34, 0x53, 0x34, 0x52,
    0x0B, 0x0F, 0x0B, 0x2E, 0x0A, 0x8D, 0x1B, 0x70, 0x02, 0xCE, 0x1B, 0xD1, 0x45, 0x76, 0x1C, 0x34,
    0x14, 0x54, 0x14, 0x53, 0x0B, 0xF3, 0x14, 0x54, 0x14, 0x54, 0x0B, 0xF3, 0x03, 0xB3, 0x03, 0x72,
    0x03, 0xB2, 0x03, 0x71, 0x03, 0x50, 0x02, 0xCF, 0x03, 0x30, 0x0B, 0xB1, 0x0B, 0x70, 0x03, 0x2F,
    0x02, 0xEF, 0x02, 0xAE, 0x0B, 0x30, 0x34, 0x73, 0x0B, 0xD2, 0x0B, 0xD3, 0x0B, 0xF2, 0x03, 0xD2,
    0x03, 0x91, 0x03, 0x30, 0x03, 0x30, 0x02, 0xEF, 0x02, 0xCF, 0x02, 0xEF, 0x0B, 0x50, 0x02, 0xCE,
    0x02, 0xAD, 0x03, 0x0F, 0x23, 0x4E, 0x34, 0x11, 0x14, 0x94, 0x14, 0x13, 0x0B, 0xF1, 0x14, 0x74,
    0x02, 0x0A, 0x01, 0xEA, 0x01, 0xAA, 0x01, 0xCA, 0x01, 0xC9, 0x01, 0xE9, 0x22, 0x29, 0x02, 0x4B,
    0x02, 0x2B, 0x01, 0xE9, 0x19, 0xC7, 0x0A, 0x2A, 0x02, 0x2B, 0x2A, 0x69, 0x12, 0x6A, 0x02, 0x4C,
    0x01, 0xA9, 0x02, 0x6C, 0x03, 0x6F, 0x02, 0x8C, 0x01, 0x68, 0x01, 0x48, 0x01, 0x68, 0x01, 0x48,
    0x01, 0x48, 0x01, 0x68, 0x01, 0x69, 0x01, 0x89, 0x01, 0xAA, 0x01, 0xAA, 0x01, 0x89, 0x01, 0x89,
    0x01, 0xEB, 0x09, 0xE9, 0x22, 0x48, 0x01, 0x88, 0x01, 0x89, 0x02, 0x6C, 0x02, 0x6C, 0x02, 0x2B,
    0x02, 0x0A, 0x01, 0xEA, 0x2A, 0x08, 0x0A, 0x2A, 0x0A, 0x6A, 0x5A, 0xA6, 0x11, 0xE8, 0x01, 0xA9,
    0x01, 0xC9, 0x01, 0xC9, 0x09, 0xA8, 0x01, 0x27, 0x01, 0x47, 0x01, 0x67, 0x19, 0xE8, 0x01, 0x88,
    0x01, 0x67, 0x01, 0x26, 0x01, 0x47, 0x01, 0x67, 0x01, 0x27, 0x01, 0x67, 0x01, 0x68, 0x01, 0x67,
    0x09, 0xEA, 0x12, 0x6B, 0x01, 0xC9, 0x0A, 0x2A, 0x0A, 0x4A, 0x01, 0xEA, 0x01, 0xC9, 0x02, 0x2A,
    0x01, 0xA8, 0x01, 0xC9, 0x01, 0x88, 0x01, 0x67, 0x09, 0xA8, 0x12, 0x8B, 0x23, 0x2D, 0x1A, 0xCB,
    0x0A, 0x0A, 0x0A, 0x2B, 0x01, 0xA9, 0x01, 0xC9, 0x0A, 0xAC, 0x1B, 0x4E, 0x0A, 0xED, 0x09, 0x88,
    0x00, 0xA5, 0x13, 0x0E, 0x02, 0xEE, 0x23, 0xF0, 0x1B, 0x8F, 0x0B, 0x0E, 0x0A, 0xED, 0x02, 0x6B,
    0x0A, 0x8C, 0x0A, 0xAC, 0x02, 0x8C, 0x02, 0x8C, 0x02, 0x4B, 0x02, 0x6C, 0x0A, 0x6C, 0x0A, 0x4B,
    0x02, 0x0A, 0x02, 0x0A, 0x01, 0xE9, 0x01, 0xCA, 0x0A, 0x6C, 0x02, 0x6C, 0x13, 0x0E, 0x1B, 0xB0,
    0x1B, 0x90, 0x0B, 0x6F, 0x0B, 0x0F, 0x0A, 0xAD, 0x0A, 0xEE, 0x5B, 0x6A, 0x23, 0x0D, 0x0A, 0xAE,
    0x23, 0xF2, 0x23, 0xF2, 0x34, 0x31, 0x12, 0xEE, 0x13, 0x4F, 0x1B, 0x70, 0x1B, 0x4F, 0x0A, 0x6D,
    0x02, 0xEE, 0x1C, 0x12, 0x2C, 0xF5, 0x03, 0x51, 0x24, 0x32, 0x1C, 0x12, 0x24, 0x33, 0x24, 0xB5,
    0x14, 0x54, 0x13, 0xF3, 0x0B, 0x91, 0x03, 0x71, 0x03, 0x30, 0x0B, 0x0F, 0x0A, 0xCE, 0x0A, 0xEE,
    0x13, 0x70, 0x0B, 0x4F, 0x02, 0x8D, 0x0A, 0xCE, 0x03, 0x0F, 0x03, 0x50, 0x03, 0x0F, 0x13, 0xF2,
    0x1C, 0x53, 0x14, 0x53, 0x0C, 0x13, 0x03, 0x91, 0x0B, 0x50, 0x03, 0x10, 0x03, 0x30, 0x02, 0xAE,
    0x03, 0x30, 0x03, 0xB2, 0x03, 0xD2, 0x1C, 0x32, 0x0B, 0xF2, 0x1C, 0x74, 0x1C, 0x94, 0x24, 0x73,
    0x14, 0x32, 0x0B, 0xF1, 0x0B, 0xF2, 0x03, 0xD1, 0x01, 0xEA, 0x01, 0xCA, 0x2A, 0x48, 0x2A, 0x89,
    0x02, 0x8B, 0x01, 0xEA, 0x02, 0xCD, 0x0A, 0xED, 0x02, 0x2B, 0x12, 0x8B, 0x5B, 0x09, 0x12, 0x4A,
    0x02, 0x6C, 0x22, 0x8A, 0x1A, 0x29, 0x01, 0xE9, 0x01, 0x88, 0x01, 0xEA, 0x01, 0x88, 0x00, 0xE6,
    0x01, 0x27, 0x01, 0x48, 0x01, 0x48, 0x01, 0x89, 0x01, 0x89, 0x01, 0x89, 0x01, 0x68, 0x01, 0xAA,
    0x01, 0xEA, 0x01, 0xEA, 0x02, 0x0B, 0x02, 0x0A, 0x01, 0xEB, 0x12, 0x4A, 0x3A, 0x27, 0x01, 0x89,
    0x01, 0xEA, 0x0A, 0x4B, 0x02, 0x4C, 0x02, 0x0B, 0x02, 0x2B, 0x01, 0xEA, 0x12, 0x2B, 0x02, 0x6B,
    0x1A, 0x08, 0x21, 0xA6, 0x01, 0x88, 0x01, 0xC9, 0x01, 0xC9, 0x01, 0x06, 0x01, 0x07, 0x01, 0x46,
    0x01, 0x06, 0x01, 0x67, 0x01, 0x88, 0x01, 0x47, 0x01, 0x27, 0x01, 0x47, 0x01, 0x67, 0x01, 0x47,
    0x01, 0xA8, 0x01, 0xA8, 0x01, 0x47, 0x01, 0x47, 0x0A, 0x0A, 0x1B, 0x0D, 0x12, 0x4A, 0x01, 0x88,
    0x09, 0xE9, 0x01, 0x88, 0x01, 0xC8, 0x01, 0xE9, 0x01, 0xC9, 0x01, 0xEA, 0x02, 0x2A, 0x01, 0xC9,
    0x0A, 0x0A, 0x09, 0xC9, 0x01, 0x89, 0x02, 0x2B, 0x0A, 0xEE, 0x1B, 0xF0, 0x0A, 0x8C, 0x0A, 0xAC,
    0x02, 0xAC, 0x02, 0x4B, 0x02, 0x6C, 0x02, 0x4B, 0x12, 0x6B, 0x0B, 0x2E, 0x0A, 0xAC, 0x02, 0x6B,
    0x12, 0x8C, 0x02, 0x2A, 0x02, 0x2A, 0x01, 0xEA, 0x0A, 0x6B, 0x0A, 0x8B, 0x0A, 0xCC, 0x0A, 0x8C,
    0x12, 0xED, 0x13, 0x0D, 0x0A, 0x8C, 0x02, 0x4B, 0x0A, 0x8C, 0x0A, 0xAD, 0x0A, 0xED, 0x0A, 0xEE,
    0x12, 0x8C, 0x0A, 0xCD, 0x13, 0x4F, 0x23, 0xD0, 0x1B, 0xB0, 0x0B, 0x0E, 0x13, 0x4F, 0x1B, 0x6F,
    0x23, 0x90, 0x33, 0x6E, 0x12, 0xED, 0x0B, 0x2F, 0x23, 0xF2, 0x2C, 0x11, 0x02, 0x6C, 0x0A, 0xEE,
    0x3C, 0xB3, 0x1B, 0x90, 0x13, 0x4F, 0x13, 0x90, 0x0B, 0x70, 0x13, 0x91, 0x34, 0xD4, 0x13, 0x90,
    0x03, 0x10, 0x0B, 0x91, 0x13, 0xB2, 0x2C, 0xD4, 0x03, 0xD2, 0x03, 0x50, 0x02, 0xCE, 0x13, 0x90,
    0x0A, 0xAD, 0x13, 0x2F, 0x13, 0x2F, 0x0A, 0xCE, 0x02, 0xAE, 0x02, 0x8D, 0x02, 0xAE, 0x03, 0x51,
    0x03, 0x71, 0x0C, 0x13, 0x0C, 0x13, 0x03, 0x30, 0x0B, 0x92, 0x03, 0x30, 0x45, 0x35, 0x1B, 0xB1,
    0x02, 0x8E, 0x03, 0xB1, 0x03, 0x30, 0x03, 0xF3, 0x0C, 0xB5, 0x1C, 0xD5, 0x2C, 0x73, 0x14, 0x12,
    0x0B, 0xF1, 0x13, 0x90, 0x02, 0xEF, 0x02, 0xAE, 0x02, 0xCE, 0x02, 0xCE, 0x02, 0xAE, 0x02, 0xCE,
    0x01, 0xC9, 0x1A, 0x08, 0x6A, 0xA4, 0x42, 0xA9, 0x02, 0x6C, 0x02, 0x6C, 0x02, 0x6C, 0x02, 0x6C,
    0x02, 0x8D, 0x02, 0xCD, 0x1A, 0xAB, 0x2A, 0x6A, 0x02, 0x8C, 0x02, 0x6B, 0x32, 0x27, 0x2A, 0x08,
    0x02, 0x0A, 0x01, 0x88, 0x00, 0xC6, 0x01, 0x48, 0x01, 0x68, 0x01, 0x48, 0x01, 0x69, 0x01, 0x68,
    0x01, 0x48, 0x01, 0x48, 0x01, 0x68, 0x01, 0xA9, 0x01, 0xCA, 0x01, 0xEB, 0x01, 0xA9, 0x11, 0xA7,
    0x02, 0x0A, 0x02, 0x0A, 0x01, 0xAA, 0x01, 0xE9, 0x12, 0x0A, 0x0A, 0x4B, 0x02, 0x4C, 0x02, 0x0B,
    0x01, 0x89, 0x02, 0x6D, 0x0B, 0x0D, 0x22, 0x49, 0x1A, 0x08, 0x01, 0xEA, 0x01, 0x89, 0x01, 0x67,
    0x01, 0x87, 0x01, 0xA8, 0x01, 0x47, 0x01, 0x47, 0x01, 0x47, 0x01, 0x47, 0x01, 0x67, 0x01, 0xA9,
    0x01, 0x88, 0x01, 0x67, 0x01, 0x88, 0x01, 0x88, 0x01, 0xE9, 0x01, 0xA8, 0x12, 0x0A, 0x09, 0xC8,
    0x09, 0xC9, 0x0A, 0x09, 0x09, 0xC8, 0x01, 0x27, 0x01, 0x88, 0x09, 0xC8, 0x01, 0xE9, 0x09, 0xE9,
    0x09, 0x87, 0x01, 0x47, 0x11, 0xE8, 0x22, 0x8A, 0x12, 0x4A, 0x01, 0xEA, 0x0B, 0x0D, 0x23, 0xAF,
    0x13, 0x8F, 0x13, 0xB0, 0x13, 0x4E, 0x02, 0x4B, 0x0A, 0x4B, 0x02, 0x2B, 0x02, 0x6B, 0x0A, 0x8B,
    0x12, 0x6B, 0x0A, 0x2A, 0x02, 0x0A, 0x02, 0x2B, 0x02, 0x0A, 0x0A, 0x6B, 0x12, 0xED, 0x0A, 0x8C,
    0x02, 0x4C, 0x0A, 0x6C, 0x02, 0x6B, 0x02, 0x2A, 0x12, 0xAC, 0x0A, 0xAC, 0x13, 0x2E, 0x1A, 0xED,
    0x02, 0x8C, 0x13, 0x0D, 0x1B, 0x4E, 0x1B, 0x8F, 0x1B, 0x0E, 0x13, 0x6F, 0x0B, 0x4F, 0x13, 0x4F,
    0x02, 0xED, 0x02, 0x4C, 0x12, 0xCD, 0x13, 0x0E, 0x13, 0x2F, 0x02, 0xCE, 0x02, 0x6D, 0x13, 0x6F,
    0x44, 0xD3, 0x23, 0x90, 0x0A, 0x6D, 0x1B, 0x4F, 0x3C, 0x93, 0x0B, 0x4F, 0x13, 0x90, 0x34, 0x72,
    0x34, 0xD4, 0x13, 0x2F, 0x02, 0xCF, 0x0B, 0x50, 0x0B, 0x91, 0x24, 0x53, 0x2C, 0x73, 0x03, 0x71,
    0x0B, 0x70, 0x02, 0xCF, 0x02, 0xCE, 0x0A, 0xCE, 0x02, 0x2D, 0x02, 0x0D, 0x02, 0x6D, 0x23, 0xD2,
    0x1B, 0x70, 0x02, 0xAE, 0x0B, 0x91, 0x2C, 0x94, 0x03, 0xB2, 0x14, 0x33, 0x0B, 0xB1, 0x03, 0x91,
    0x02, 0xF0, 0x03, 0x10, 0x0B, 0x71, 0x0C, 0x12, 0x0B, 0xF2, 0x1C, 0x94, 0x1C, 0x94, 0x1C, 0x94,
    0x1B, 0xD0, 0x0A, 0xEE, 0x02, 0xEF, 0x02, 0xCE, 0x02, 0xAE, 0x02, 0xEF, 0x03, 0x50, 0x02, 0xEF,
    0x0A, 0xEE, 0x03, 0x0F, 0x0B, 0x90, 0x0B, 0x71, 0x09, 0xE8, 0x42, 0x27, 0x1A, 0x6A, 0x02, 0x8D,
    0x02, 0x6C, 0x2A, 0x89, 0x1A, 0x8B, 0x02, 0xAD, 0x03, 0x2E, 0x02, 0xCD, 0x02, 0x6C, 0x02, 0x6C,
    0x1A, 0x6A, 0x12, 0x4A, 0x12, 0x29, 0x0A, 0x0A, 0x01, 0x89, 0x01, 0x07, 0x01, 0x69, 0x01, 0x89,
    0x01, 0x68, 0x01, 0xA9, 0x09, 0xC9, 0x01, 0x48, 0x01, 0x89, 0x02, 0xAC, 0x01, 0xA9, 0x01, 0x89,
    0x01, 0xAA, 0x01, 0xEB, 0x01, 0xC9, 0x1A, 0x08, 0x01, 0xC9, 0x09, 0xE9, 0x09, 0xE9, 0x02, 0x2B,
    0x02, 0x4C, 0x02, 0x2B, 0x02, 0x2B, 0x0A, 0x4B, 0x0A, 0x8C, 0x02, 0xEE, 0x02, 0x6B, 0x1A, 0x09,
    0x02, 0x2B, 0x02, 0x0A, 0x01, 0x88, 0x01, 0x47, 0x01, 0x67, 0x01, 0x88, 0x01, 0x67, 0x01, 0x47,
    0x01, 0x68, 0x01, 0x47, 0x01, 0x27, 0x01, 0x88, 0x01, 0x47, 0x01, 0xC9, 0x01, 0xC8, 0x09, 0xC9,
    0x09, 0xC9, 0x01, 0xC9, 0x01, 0x67, 0x01, 0x67, 0x01, 0xA8, 0x01, 0x67, 0x01, 0x68, 0x01, 0xA8,
    0x01, 0xA8, 0x09, 0xA8, 0x01, 0xA8, 0x1A, 0x29, 0x19, 0xC8, 0x01, 0xC9, 0x22, 0x29, 0x21, 0xC7,
    0x02, 0x0A, 0x0A, 0x4B, 0x0A, 0x4B, 0x02, 0xCC, 0x0A, 0x8C, 0x0A, 0x8C, 0x02, 0xED, 0x0A, 0x6B,
    0x0A, 0x2A, 0x02, 0x2A, 0x02, 0x2B, 0x01, 0xA9, 0x01, 0xC9, 0x02, 0x0A, 0x01, 0xEA, 0x02, 0x6C,
    0x0A, 0x6B, 0x01, 0xEA, 0x0A, 0xAC, 0x1B, 0x6F, 0x1B, 0x8F, 0x0A, 0x6B, 0x02, 0x4B, 0x0A, 0x8C,
    0x02, 0x6B, 0x02, 0x6C, 0x1B, 0x0E, 0x1A, 0xED, 0x0A, 0x8C, 0x1A, 0xED, 0x02, 0x6B, 0x0A, 0xEE,
    0x1B, 0x4E, 0x1B, 0x0E, 0x1B, 0x6F, 0x0A, 0x8C, 0x22, 0x8B, 0x0A, 0xAD, 0x12, 0xCE, 0x23, 0x90,
    0x02, 0xCE, 0x02, 0x8D, 0x02, 0x4D, 0x1B, 0x70, 0x23, 0xD1, 0x13, 0x50, 0x34, 0x73, 0x23, 0xF1,
    0x0A, 0xEE, 0x02, 0xEE, 0x02, 0xCE, 0x03, 0x0F, 0x13, 0x50, 0x03, 0x0F, 0x0B, 0x50, 0x13, 0x70,
    0x1B, 0xD1, 0x0B, 0x70, 0x0B, 0x70, 0x02, 0xEF, 0x13, 0x0F, 0x13, 0x2F, 0x02, 0x8E, 0x0A, 0xEF,
    0x02, 0xAE, 0x23, 0x2F, 0x0B, 0x50, 0x1C, 0x33, 0x24, 0x12, 0x03, 0x50, 0x14, 0x33, 0x34, 0xF4,
    0x14, 0x12, 0x1B, 0xD1, 0x13, 0x50, 0x0B, 0x91, 0x13, 0xF2, 0x1B, 0xF2, 0x1C, 0x32, 0x1C, 0x32,
    0x2C, 0x93, 0x34, 0x93, 0x24, 0x32, 0x0B, 0x4F, 0x02, 0x6D, 0x03, 0x50, 0x02, 0xAD, 0x02, 0x6C,
    0x02, 0xCE, 0x02, 0xEE, 0x14, 0x33, 0x14, 0x12, 0x43, 0xAE, 0x1B, 0xB1, 0x3B, 0xF0, 0x34, 0x11,
    0x2A, 0x07, 0x02, 0x0B, 0x02, 0xEE, 0x02, 0xCD, 0x02, 0x6C, 0x22, 0xCB, 0x4B, 0x2B, 0x22, 0xEC,
    0x02, 0xED, 0x02, 0xED, 0x02, 0xAD, 0x1A, 0xEC, 0x22, 0xCB, 0x02, 0x2B, 0x02, 0x2B, 0x02, 0x2B,
    0x01, 0xCA, 0x01, 0x89, 0x01, 0xEA, 0x01, 0xEA, 0x02, 0x0A, 0x11, 0xE8, 0x21, 0xA7, 0x01, 0x48,
    0x01, 0xA9, 0x01, 0xC9, 0x01, 0x89, 0x01, 0xCB, 0x02, 0x4D, 0x02, 0x0A, 0x01, 0xEA, 0x01, 0xE9,
    0x01, 0xA8, 0x01, 0xA8, 0x01, 0xC9, 0x02, 0x0B, 0x01, 0xC9, 0x01, 0xEA, 0x01, 0xEB, 0x32, 0x07,
    0x2A, 0x49, 0x02, 0xAD, 0x02, 0x8C, 0x02, 0x0A, 0x01, 0xA8, 0x01, 0x27, 0x01, 0x88, 0x01, 0xA8,
    0x01, 0x47, 0x01, 0x27, 0x01, 0x68, 0x01, 0xC8, 0x01, 0x67, 0x01, 0x26, 0x01, 0x88, 0x01, 0x87,
    0x01, 0x47, 0x01, 0x67, 0x01, 0x26, 0x01, 0x88, 0x01, 0xC9, 0x01, 0xE9, 0x01, 0x88, 0x01, 0xA8,
    0x01, 0x47, 0x01, 0x88, 0x01, 0xC9, 0x02, 0x09, 0x01, 0xC9, 0x0A, 0x0A, 0x0A, 0x0A, 0x0A, 0x6B,
    0x0A, 0x2A, 0x12, 0xAC, 0x13, 0x2E, 0x0A, 0xCD, 0x02, 0x4B, 0x02, 0x6C, 0x13, 0x0D, 0x02, 0x6B,
    0x02, 0x2B, 0x02, 0x2B, 0x0A, 0x2A, 0x02, 0x0A, 0x01, 0xEA, 0x02, 0x0A, 0x0A, 0x4A, 0x02, 0x0A,
    0x02, 0x2A, 0x0A, 0x0A, 0x0A, 0x0A, 0x12, 0xED, 0x1B, 0x2D, 0x12, 0xAC, 0x02, 0x2B, 0x1B, 0x0D,
    0x12, 0xCC, 0x02, 0x4B, 0x02, 0x6C, 0x02, 0x8C, 0x12, 0xCD, 0x0A, 0x8C, 0x02, 0x6B, 0x0A, 0x6B,
    0x1A, 0xED, 0x23, 0x2E, 0x0A, 0xED, 0x0A, 0xCD, 0x1B, 0x6F, 0x13, 0x2E, 0x12, 0xEE, 0x0A, 0xCE,
    0x23, 0x0E, 0x02, 0x2C, 0x1B, 0x0E, 0x24, 0x11, 0x2C, 0x53, 0x2C, 0x32, 0x2C, 0x12, 0x2B, 0xD2,
    0x23, 0xF2, 0x4D, 0x55, 0x3C, 0xD3, 0x1B, 0x70, 0x02, 0xEF, 0x13, 0x90, 0x1B, 0xD1, 0x03, 0x30,
    0x0B, 0x50, 0x0B, 0x50, 0x0A, 0xCE, 0x02, 0xAE, 0x02, 0xAE, 0x02, 0xCF, 0x24, 0x12, 0x13, 0x90,
    0x1B, 0xB1, 0x0A, 0xEF, 0x02, 0xAE, 0x1B, 0xD1, 0x1C, 0x12, 0x23, 0xB1, 0x0B, 0x71, 0x03, 0x51,
    0x0B, 0xD2, 0x14, 0x54, 0x0B, 0x70, 0x03, 0x50, 0x13, 0xD1, 0x23, 0xF2, 0x0B, 0x70, 0x03, 0x2F,
    0x13, 0xF2, 0x1B, 0xD1, 0x1B, 0xB1, 0x13, 0x70, 0x03, 0x2F, 0x0B, 0x50, 0x02, 0xEE, 0x02, 0x8D,
    0x02, 0xEF, 0x02, 0xCE, 0x02, 0xAE, 0x02, 0x8D, 0x02, 0xAE, 0x0B, 0x30, 0x34, 0x73, 0x13, 0xF2,
    0x1B, 0xF1, 0x2C, 0x94, 0x4C, 0x72, 0x44, 0x51, 0x12, 0xCC, 0x03, 0x0E, 0x02, 0xED, 0x02, 0x8D,
    0x02, 0xCD, 0x02, 0xCD, 0x1A, 0xAC, 0x42, 0xEA, 0x52, 0x87, 0x02, 0x2B, 0x02, 0xAD, 0x0A, 0xAC,
    0x02, 0x4B, 0x02, 0x6B, 0x0A, 0x6B, 0x02, 0x2B, 0x02, 0x0A, 0x01, 0xEA, 0x01, 0xEA, 0x0A, 0x2A,
    0x0A, 0xAB, 0x01, 0xE9, 0x01, 0x89, 0x01, 0xA9, 0x09, 0xC9, 0x01, 0xA8, 0x01, 0xCA, 0x02, 0x4D,
    0x0A, 0x4B, 0x19, 0xE8, 0x01, 0xA8, 0x01, 0x68, 0x01, 0x87, 0x09, 0xA7, 0x01, 0xC9, 0x01, 0xA9,
    0x1A, 0x49, 0x42, 0xE8, 0x2A, 0x68, 0x01, 0xC9, 0x0A, 0x09, 0x32, 0x88, 0x09, 0xE9, 0x01, 0x68,
    0x01, 0x47, 0x01, 0x47, 0x01, 0xA9, 0x01, 0x88, 0x01, 0xA8, 0x01, 0x48, 0x01, 0x87, 0x01, 0x88,
    0x09, 0xC8, 0x1A, 0x6A, 0x01, 0x88, 0x01, 0x68, 0x01, 0x47, 0x01, 0x46, 0x01, 0x87, 0x01, 0x06,
    0x0A, 0x8B, 0x0A, 0x4A, 0x01, 0xA8, 0x0A, 0x09, 0x12, 0x8B, 0x0A, 0xAB, 0x02, 0x0A, 0x09, 0xE9,
    0x12, 0x6A, 0x12, 0x8B, 0x01, 0xE9, 0x02, 0x0A, 0x02, 0x6B, 0x0A, 0x4B, 0x12, 0xED, 0x13, 0x2D,
    0x12, 0xCC, 0x02, 0x8C, 0x01, 0xEA, 0x0A, 0x8C, 0x0A, 0xCC, 0x01, 0xE9, 0x02, 0x2A, 0x02, 0x4A,
    0x01, 0xC9, 0x01, 0x88, 0x01, 0x68, 0x0A, 0x4A, 0x0A, 0x4A, 0x01, 0xC9, 0x0A, 0x6B, 0x02, 0x09,
    0x02, 0x0A, 0x0A, 0x0A, 0x02, 0x4A, 0x02, 0x4B, 0x0A, 0x6C, 0x1A, 0xAC, 0x02, 0xAC, 0x0A, 0x8C,
    0x02, 0x6C, 0x12, 0xED, 0x02, 0x6C, 0x02, 0x0B, 0x0A, 0x4B, 0x02, 0x6C, 0x22, 0x8A, 0x3A, 0xCA,
    0x0B, 0x2E, 0x03, 0x2F, 0x03, 0x2F, 0x03, 0x30, 0x03, 0x30, 0x02, 0x8E, 0x02, 0x2C, 0x13, 0x0F,
    0x34, 0x32, 0x1B, 0x4F, 0x0A, 0xCE, 0x23, 0xD2, 0x2B, 0xD1, 0x1B, 0xB1, 0x02, 0xCF, 0x0B, 0x30,
    0x13, 0x90, 0x0B, 0x50, 0x1B, 0xB1, 0x0A, 0xEF, 0x13, 0x91, 0x0B, 0x10, 0x02, 0xAE, 0x0B, 0x10,
    0x1B, 0xB1, 0x1B, 0x91, 0x0B, 0x0F, 0x02, 0xEF, 0x3C, 0xF4, 0x23, 0xF1, 0x02, 0x6E, 0x13, 0x92,
    0x2C, 0xD4, 0x1C, 0x12, 0x0B, 0x51, 0x0B, 0x92, 0x03, 0x51, 0x13, 0x91, 0x0B, 0x30, 0x13, 0xD1,
    0x1B, 0xF1, 0x2C, 0x52, 0x0B, 0x2F, 0x0B, 0x50, 0x13, 0xD1, 0x0B, 0x70, 0x02, 0xCE, 0x03, 0x2F,
    0x03, 0x2F, 0x02, 0xEE, 0x02, 0x2C, 0x02, 0x2C, 0x02, 0xCE, 0x0B, 0x50, 0x0B, 0x2F, 0x0B, 0x50,
    0x0B, 0xD2, 0x14, 0x32, 0x2C, 0x52, 0x1B, 0xF2, 0x44, 0x0F, 0x34, 0x72, 0x1C, 0x12, 0x23, 0xF1,
    0x02, 0xEE, 0x22, 0xAA, 0x12, 0x6B, 0x02, 0xAC, 0x02, 0xAD, 0x12, 0xAC, 0x12, 0x6B, 0x1A, 0x49,
    0x32, 0x27, 0x02, 0x0B, 0x02, 0xCE, 0x12, 0xAB, 0x1A, 0x2A, 0x0A, 0x6B, 0x02, 0x0A, 0x01, 0x88,
    0x01, 0x68, 0x01, 0xA9, 0x01, 0xA9, 0x3A, 0x05, 0x3A, 0x05, 0x01, 0xC9, 0x01, 0xCA, 0x01, 0xC9,
    0x01, 0xA9, 0x01, 0xCA, 0x1A, 0x09, 0x12, 0x09, 0x01, 0xE9, 0x11, 0xE9, 0x01, 0xE9, 0x01, 0xA8,
    0x09, 0x67, 0x19, 0x66, 0x09, 0x67, 0x4A, 0xC6, 0xBC, 0x83, 0xCC, 0x20, 0xA3, 0x61, 0x11, 0xE8,
    0x01, 0x87, 0x21, 0x86, 0x01, 0x06, 0x01, 0x67, 0x01, 0x88, 0x01, 0xC9, 0x01, 0x68, 0x01, 0x67,
    0x01, 0x47, 0x01, 0x47, 0x01, 0xA8, 0x01, 0xE9, 0x01, 0xC9, 0x01, 0xE9, 0x01, 0x68, 0x01, 0x88,
    0x01, 0x88, 0x01, 0x67, 0x09, 0xA8, 0x0A, 0x0A, 0x0A, 0x2A, 0x01, 0xA9, 0x01, 0x88, 0x09, 0xC8,
    0x09, 0xE9, 0x0A, 0x09, 0x01, 0xE9, 0x01, 0xA8, 0x12, 0x2A, 0x01, 0xE9, 0x01, 0xEA, 0x02, 0x4A,
    0x01, 0xE9, 0x02, 0x4B, 0x0A, 0x8C, 0x02, 0x6C, 0x0A, 0x6B, 0x0A, 0xAC, 0x0A, 0xCC, 0x02, 0x2A,
    0x01, 0xA8, 0x01, 0xC9, 0x02, 0x0A, 0x02, 0x0A, 0x01, 0xC9, 0x01, 0xA8, 0x01, 0xEA, 0x02, 0x4B,
    0x02, 0x4B, 0x02, 0x0A, 0x0A, 0xAC, 0x0A, 0x8C, 0x02, 0x6C, 0x0A, 0xCD, 0x0A, 0xAC, 0x13, 0x2E,
    0x12, 0xAC, 0x0A, 0x8D, 0x12, 0xED, 0x0A, 0x8C, 0x0A, 0x6C, 0x02, 0x6C, 0x0A, 0x8B, 0x1A, 0x49,
    0x02, 0x8D, 0x02, 0xCE, 0x23, 0x2D, 0x23, 0x4E, 0x0B, 0x70, 0x13, 0xB0, 0x0B, 0x70, 0x23, 0xB0,
    0x13, 0x70, 0x0B, 0x4F, 0x0B, 0x30, 0x03, 0x2F, 0x02, 0xAE, 0x0B, 0x30, 0x03, 0x30, 0x0B, 0x70,
    0x02, 0xAF, 0x02, 0xEF, 0x0B, 0x30, 0x1C, 0x12, 0x13, 0x70, 0x1B, 0x6F, 0x03, 0x70, 0x13, 0x91,
    0x0B, 0x91, 0x0B, 0x91, 0x1B, 0xF2, 0x13, 0xB1, 0x23, 0xD1, 0x2C, 0x73, 0x0B, 0x70, 0x13, 0x70,
    0x02, 0xCF, 0x0B, 0x91, 0x24, 0x53, 0x3C, 0x94, 0x1B, 0xF3, 0x1B, 0xD1, 0x0B, 0x71, 0x13, 0xD1,
    0x03, 0x50, 0x02, 0xCE, 0x13, 0x91, 0x23, 0xB0, 0x02, 0xCE, 0x02, 0xCE, 0x02, 0xAD, 0x03, 0x0E,
    0x0B, 0x0E, 0x0B, 0x0F, 0x02, 0xCE, 0x02, 0xCE, 0x02, 0xAE, 0x02, 0xEF, 0x02, 0xCF, 0x0B, 0x91,
    0x1C, 0x13, 0x2C, 0x53, 0x3B, 0xAF, 0x1B, 0xB0, 0x13, 0xF2, 0x13, 0x70, 0x0B, 0xB1, 0x23, 0xF1,
    0x33, 0x8E, 0x1B, 0x6F, 0x1B, 0x90, 0x03, 0x90, 0x0A, 0x8C, 0x32, 0xAA, 0x0A, 0xAC, 0x02, 0x8B,
    0x02, 0x8C, 0x02, 0x4A, 0x01, 0x67, 0x19, 0x65, 0x19, 0xE7, 0x0A, 0x09, 0x1A, 0x69, 0x0A, 0x8B,
    0x12, 0x8B, 0x0A, 0x4A, 0x02, 0x4C, 0x02, 0x2B, 0x01, 0xC9, 0x01, 0x89, 0x01, 0xC9, 0x11, 0x65,
    0x21, 0x44, 0x01, 0xA8, 0x01, 0xE9, 0x01, 0xA8, 0x01, 0xEA, 0x01, 0xEA, 0x21, 0xE7, 0x11, 0xC8,
    0x01, 0xE9, 0x19, 0xE8, 0x11, 0xA8, 0x01, 0x87, 0x01, 0xA8, 0x01, 0xA9, 0x29, 0xA5, 0x9B, 0x84,
    0xCC, 0x41, 0xB3, 0xA0, 0x9B, 0x41, 0x11, 0xC8, 0x01, 0x68, 0x01, 0xA9, 0x01, 0x47, 0x01, 0x88,
    0x01, 0xEA, 0x01, 0xC9, 0x01, 0x47, 0x01, 0x47, 0x09, 0xA8, 0x01, 0x27, 0x01, 0x88, 0x12, 0xCC,
    0x23, 0x0D, 0x01, 0xC9, 0x01, 0x07, 0x01, 0xC9, 0x02, 0x2A, 0x01, 0x87, 0x01, 0x88, 0x01, 0xC9,
    0x01, 0xA8, 0x01, 0x47, 0x09, 0xC9, 0x01, 0x87, 0x01, 0x68, 0x01, 0xE9, 0x0A, 0x4A, 0x01, 0xA8,
    0x01, 0xC9, 0x0A, 0x0A, 0x01, 0xC9, 0x01, 0xE9, 0x02, 0x0A, 0x02, 0x0A, 0x02, 0x6C, 0x0A, 0xAC,
    0x02, 0x4B, 0x01, 0xEA, 0x02, 0x0A, 0x01, 0xC9, 0x01, 0x47, 0x0A, 0x6B, 0x0A, 0xAC, 0x01, 0xEA,
    0x0A, 0x2A, 0x02, 0x2A, 0x02, 0x4B, 0x02, 0x8C, 0x02, 0x4B, 0x02, 0x2B, 0x02, 0x6B, 0x02, 0xAD,
    0x02, 0x6C, 0x02, 0x4C, 0x02, 0x8D, 0x02, 0x8D, 0x02, 0x2C, 0x12, 0x8D, 0x12, 0x6B, 0x02, 0x0B,
    0x1A, 0x6B, 0x02, 0x2C, 0x5A, 0xA5, 0x73, 0x48, 0x0B, 0x0E, 0x13, 0x2E, 0x13, 0x50, 0x23, 0x2D,
    0x13, 0x70, 0x1B, 0xB0, 0x33, 0x8F, 0x4B, 0x4C, 0x33, 0x4D, 0x43, 0xEF, 0x3B, 0xAF, 0x2B, 0x4E,
    0x1B, 0x6F, 0x3B, 0x8D, 0x2B, 0x8F, 0x13, 0xD1, 0x23, 0xF1, 0x0B, 0x30, 0x1B, 0x70, 0x24, 0x12,
    0x23, 0xB0, 0x4B, 0x6D, 0x23, 0xF2, 0x13, 0x90, 0x0B, 0x2F, 0x02, 0xEF, 0x23, 0x6F, 0x1B, 0x2F,
    0x02, 0xAF, 0x0B, 0xB2, 0x13, 0xB1, 0x1C, 0x12, 0x35, 0x16, 0x13, 0xB2, 0x13, 0xB1, 0x1B, 0xF2,
    0x2C, 0xF5, 0x1C, 0x12, 0x03, 0x71, 0x03, 0x0F, 0x0B, 0x70, 0x03, 0x2F, 0x02, 0x8D, 0x02, 0xAD,
    0x03, 0x0F, 0x03, 0x2F, 0x02, 0xCD, 0x02, 0xAD, 0x02, 0xAD, 0x0A, 0xAE, 0x0B, 0x10, 0x0B, 0x0F,
    0x03, 0x10, 0x14, 0x13, 0x0B, 0xD2, 0x24, 0x74, 0x1B, 0xF2, 0x03, 0x71, 0x13, 0xD1, 0x0B, 0x90,
    0x33, 0x8F, 0x1B, 0x2E, 0x2B, 0xD0, 0x1B, 0xB0, 0x03, 0xD1, 0x2B, 0x6E, 0x23, 0x4E, 0x0B, 0x2E,
    0x12, 0x8B, 0x1A, 0x6A, 0x01, 0xEA, 0x01, 0xC9, 0x01, 0xEA, 0x01, 0xA8, 0x01, 0x26, 0x21, 0x84,
    0x29, 0xC6, 0x09, 0xA7, 0x19, 0xA7, 0x02, 0x0A, 0x02, 0x4C, 0x02, 0x6C, 0x02, 0x8C, 0x02, 0x8E,
    0x02, 0x8C, 0x02, 0x0A, 0x02, 0x0A, 0x01, 0x26, 0x00, 0xA4, 0x01, 0x05, 0x09, 0x87, 0x3A, 0x06,
    0x12, 0x2A, 0x02, 0x2B, 0x01, 0xCA, 0x01, 0xA8, 0x09, 0xC9, 0x01, 0xC9, 0x11, 0xE8, 0x0A, 0x09,
    0x02, 0x2B, 0x02, 0x0A, 0x01, 0xC8, 0x09, 0x88, 0x29, 0xE6, 0x6A, 0xA4, 0x29, 0xC6, 0x01, 0x48,
    0x01, 0x88, 0x01, 0x88, 0x01, 0x88, 0x01, 0xA8, 0x01, 0xA9, 0x01, 0xA8, 0x01, 0x88, 0x01, 0x47,
    0x01, 0x68, 0x01, 0x88, 0x01, 0xC8, 0x01, 0xC9, 0x01, 0xE9, 0x01, 0x87, 0x01, 0x68, 0x01, 0xC9,
    0x02, 0x09, 0x01, 0xC9, 0x0A, 0x09, 0x01, 0xC8, 0x2A, 0x27, 0x11, 0xC8, 0x01, 0xE9, 0x01, 0xC8,
    0x01, 0xA8, 0x12, 0x8B, 0x0A, 0x09, 0x01, 0xC9, 0x01, 0xE9, 0x0A, 0x0A, 0x02, 0x4B, 0x02, 0x2B,
    0x02, 0x6B, 0x01, 0xE9, 0x12, 0x2A, 0x01, 0xEA, 0x01, 0xA9, 0x01, 0xC9, 0x01, 0xC9, 0x02, 0x0A,
    0x02, 0x0A, 0x0A, 0xAC, 0x0A, 0x6B, 0x02, 0x0A, 0x01, 0xEA, 0x02, 0x4B, 0x02, 0x8C, 0x02, 0x6C,
    0x02, 0x2B, 0x12, 0x4B, 0x12, 0xCD, 0x13, 0x0E, 0x0A, 0xEE, 0x1B, 0x90, 0x0B, 0x0E, 0x0A, 0xEE,
    0x0A, 0xAD, 0x02, 0xAD, 0x0A, 0x8C, 0x0A, 0x6C, 0x1B, 0x2E, 0x12, 0xEE, 0x4A, 0xEA, 0x1A, 0x4B,
    0x12, 0x4B, 0x2A, 0xEC, 0x13, 0x0E, 0x4B, 0x4C, 0x2B, 0x6E, 0x13, 0x4F, 0x23, 0x4E, 0x23, 0x2E,
    0x23, 0x6F, 0x3B, 0xCE, 0x53, 0x6C, 0x3B, 0x2D, 0x33, 0x6F, 0x53, 0xCD, 0x4B, 0xEE, 0x23, 0x8F,
    0x1C, 0x12, 0x1C, 0x12, 0x1B, 0x2E, 0x1B, 0x2F, 0x13, 0x91, 0x34, 0x31, 0x1B, 0x4F, 0x02, 0xEF,
    0x02, 0xCF, 0x0B, 0x10, 0x23, 0xB0, 0x2B, 0xB0, 0x0B, 0x71, 0x24, 0x74, 0x02, 0xAF, 0x1B, 0xD2,
    0x4D, 0x35, 0x0B, 0x70, 0x02, 0xCF, 0x1C, 0x13, 0x14, 0x33, 0x03, 0x4F, 0x0B, 0x2F, 0x02, 0xCD,
    0x03, 0x2E, 0x0B, 0x6F, 0x13, 0x70, 0x02, 0xCE, 0x02, 0xCE, 0x02, 0xCE, 0x02, 0x8E, 0x0B, 0x30,
    0x0B, 0xB1, 0x0B, 0x71, 0x0B, 0xB1, 0x0B, 0x0F, 0x45, 0x35, 0x24, 0x93, 0x0B, 0xD1, 0x0B, 0x6F,
    0x0B, 0x2E, 0x13, 0xD1, 0x23, 0xF0, 0x1B, 0x8F, 0x1B, 0x6F, 0x0B, 0xD1, 0x0B, 0x4F, 0x03, 0x2F,
    0x03, 0x70, 0x12, 0xCC, 0x12, 0x09, 0x02, 0x0A, 0x0A, 0x09, 0x0A, 0x4A, 0x02, 0x4B, 0x02, 0x8C,
    0x02, 0x2A, 0x01, 0x88, 0x01, 0x46, 0x01, 0x26, 0x01, 0xA7, 0x01, 0x88, 0x11, 0xE8, 0x1A, 0x2A,
    0x02, 0x6C, 0x02, 0x6C, 0x02, 0x6C, 0x22, 0x69, 0x12, 0x2A, 0x02, 0x0B, 0x01, 0x87, 0x00, 0xE5,
    0x09, 0x25, 0x31, 0xA5, 0x11, 0xA7, 0x2A, 0x27, 0x11, 0xE8, 0x01, 0xCA, 0x11, 0xE9, 0x19, 0xA7,
    0x09, 0xA7, 0x12, 0x09, 0x2A, 0x69, 0x02, 0x4B, 0x01, 0xC9, 0x01, 0x27, 0x01, 0x68, 0x01, 0x47,
    0x01, 0x47, 0x01, 0x48, 0x01, 0x68, 0x01, 0x88, 0x01, 0x67, 0x01, 0x68, 0x01, 0x88, 0x02, 0x09,
    0x01, 0xC9, 0x01, 0x67, 0x01, 0x67, 0x01, 0x88, 0x01, 0xA8, 0x01, 0xA8, 0x01, 0x47, 0x01, 0x47,
    0x01, 0x47, 0x01, 0x88, 0x01, 0xA8, 0x01, 0xC8, 0x01, 0xA8, 0x01, 0xE8, 0x32, 0x07, 0x12, 0x08,
    0x32, 0x27, 0x09, 0xE9, 0x01, 0xC9, 0x01, 0xC9, 0x01, 0xE9, 0x01, 0xC9, 0x02, 0x0A, 0x02, 0x2A,
    0x01, 0xEA, 0x02, 0x8C, 0x02, 0x8C, 0x02, 0x4B, 0x02, 0x4B, 0x02, 0xAC, 0x23, 0x4E, 0x0A, 0x8C,
    0x02, 0x0A, 0x0A, 0x8C, 0x02, 0x4B, 0x02, 0x0A, 0x02, 0x8C, 0x0B, 0x2E, 0x0A, 0xAC, 0x02, 0x0A,
    0x02, 0x4B, 0x02, 0x6B, 0x12, 0xCC, 0x13, 0x4D, 0x13, 0x0D, 0x12, 0xEE, 0x13, 0x0E, 0x0A, 0xAD,
    0x13, 0x2E, 0x13, 0x4E, 0x1B, 0x8F, 0x0B, 0x4F, 0x02, 0x6C, 0x02, 0x6D, 0x13, 0x4F, 0x0B, 0x2F,
    0x13, 0x2E, 0x13, 0x4F, 0x1C, 0x32, 0x02, 0xCE, 0x22, 0xCC, 0x23, 0x2E, 0x33, 0x6D, 0x33, 0x0C,
    0x23, 0x0D, 0x12, 0xEE, 0x0B, 0x2F, 0x1B, 0x2D, 0x43, 0x4C, 0x02, 0xEE, 0x23, 0x6F, 0x13, 0xB0,
    0x13, 0xB1, 0x13, 0x90, 0x03, 0x2F, 0x0A, 0xAE, 0x13, 0xB1, 0x1B, 0x90, 0x02, 0xEF, 0x02, 0x8E,
    0x1C, 0x53, 0x1B, 0xB1, 0x1B, 0x91, 0x1B, 0xD2, 0x0B, 0x71, 0x1B, 0xD2, 0x0B, 0xB2, 0x0B, 0xB1,
    0x2D, 0x15, 0x24, 0x12, 0x03, 0x30, 0x0B, 0x91, 0x0B, 0x51, 0x1B, 0xD1, 0x13, 0xD1, 0x0B, 0x4F,
    0x0B, 0x50, 0x03, 0x0E, 0x02, 0xCD, 0x02, 0xCD, 0x02, 0xAD, 0x02, 0x6D, 0x02, 0x6D, 0x02, 0xCF,
    0x03, 0x10, 0x13, 0xB1, 0x33, 0xD0, 0x2B, 0xF1, 0x1C, 0x12, 0x1C, 0x73, 0x1B, 0xF1, 0x13, 0x2F,
    0x23, 0xB0, 0x03, 0x2F, 0x1B, 0xB0, 0x1B, 0x6F, 0x23, 0xF1, 0x34, 0x72, 0x23, 0xD1, 0x0A, 0xED,
    0x03, 0x0F, 0x0B, 0x90, 0x0B, 0x0E, 0x0B, 0x2E, 0x0A, 0x4A, 0x0A, 0x29, 0x02, 0x29, 0x02, 0x09,
    0x02, 0x0A, 0x02, 0x6B, 0x02, 0x4B, 0x02, 0x8C, 0x02, 0x09, 0x01, 0x87, 0x01, 0x47, 0x31, 0xA4,
    0x11, 0xA6, 0x01, 0xC9, 0x02, 0x6C, 0x02, 0x6C, 0x02, 0x2B, 0x01, 0xEB, 0x02, 0x2B, 0x32, 0x68,
    0x1A, 0x09, 0x09, 0x66, 0x11, 0x45, 0x01, 0x06, 0x11, 0xC7, 0x19, 0xE8, 0x01, 0xA8, 0x11, 0x87,
    0x01, 0x68, 0x01, 0xC9, 0x01, 0xC9, 0x3A, 0x05, 0x52, 0x25, 0x09, 0xA7, 0x21, 0xC7, 0x09, 0x67,
    0x01, 0x06, 0x01, 0x27, 0x01, 0x47, 0x01, 0x47, 0x01, 0x67, 0x01, 0x68, 0x01, 0x67, 0x01, 0x67,
    0x12, 0x4A, 0x01, 0xA8, 0x01, 0x88, 0x01, 0xA8, 0x01, 0x88, 0x01, 0x47, 0x01, 0x27, 0x01, 0x67,
    0x01, 0x47, 0x01, 0xA8, 0x01, 0x47, 0x01, 0x68, 0x1A, 0xCC, 0x09, 0xE9, 0x01, 0x88, 0x01, 0x68,
    0x01, 0x68, 0x01, 0x89, 0x09, 0xC9, 0x01, 0xC9, 0x02, 0x0A, 0x0A, 0x09, 0x01, 0xC9, 0x01, 0xC9,
    0x01, 0xE9, 0x02, 0x0A, 0x0A, 0x4B, 0x0A, 0x6B, 0x02, 0x6B, 0x0A, 0xED, 0x0A, 0x6B, 0x02, 0x2B,
    0x0A, 0xED, 0x1B, 0x8F, 0x13, 0x2D, 0x0A, 0x8C, 0x0A, 0x6B, 0x0A, 0x6C, 0x02, 0x6B, 0x0A, 0xED,
    0x0A, 0xED, 0x13, 0x0E, 0x0A, 0xAC, 0x0A, 0x6C, 0x02, 0x6C, 0x22, 0x6A, 0x32, 0xEB, 0x02, 0x8C,
    0x12, 0xED, 0x13, 0x0E, 0x12, 0xED, 0x02, 0xAD, 0x02, 0xEE, 0x02, 0xAD, 0x13, 0x0E, 0x0A, 0xAC,
    0x0A, 0x2A, 0x1A, 0xAB, 0x02, 0x6B, 0x0A, 0xAD, 0x0A, 0xCD, 0x02, 0x4C, 0x12, 0xED, 0x22, 0xED,
    0x1B, 0x4F, 0x24, 0x31, 0x1B, 0x90, 0x13, 0x0E, 0x02, 0xEE, 0x02, 0xCE, 0x03, 0x70, 0x23, 0xD1,
    0xAC, 0x69, 0x4B, 0x6C, 0x03, 0x71, 0x0B, 0x91, 0x1B, 0xB1, 0x2A, 0xEC, 0x0A, 0xCE, 0x0B, 0x30,
    0x13, 0x70, 0x0B, 0x50, 0x0B, 0x91, 0x13, 0x91, 0x1B, 0xF1, 0x0B, 0xB1, 0x24, 0x32, 0x13, 0xD2,
    0x1B, 0xD1, 0x13, 0x90, 0x1B, 0xF1, 0x23, 0xF2, 0x1B, 0xB1, 0x03, 0x2F, 0x13, 0x4F, 0x1B, 0x90,
    0x13, 0xB0, 0x0B, 0x90, 0x0B, 0x0E, 0x02, 0x8D, 0x02, 0xCE, 0x02, 0x8E, 0x02, 0x8E, 0x03, 0x0F,
    0x03, 0x30, 0x0B, 0x91, 0x13, 0xB1, 0x24, 0x12, 0x1C, 0x32, 0x14, 0x12, 0x1B, 0xB0, 0x13, 0x4F,
    0x03, 0x2F, 0x13, 0xB0, 0x1B, 0x90, 0x13, 0xB0, 0x13, 0x6F, 0x13, 0x90, 0x23, 0xD0, 0x13, 0x4F,
    0x0B, 0x0E, 0x0B, 0x0E, 0x03, 0x0E, 0x02, 0x6C, 0x02, 0x8C, 0x02, 0x4B, 0x01, 0xEA, 0x01, 0xC8,
    0x0A, 0x08, 0x12, 0x29, 0x0A, 0x8A, 0x0A, 0x4A, 0x02, 0xAC, 0x02, 0x6B, 0x02, 0x6B, 0x02, 0x2A,
    0x01, 0xA8, 0x01, 0xE9, 0x01, 0xE9, 0x19, 0xC6, 0x11, 0x86, 0x02, 0x6B, 0x02, 0xAD, 0x01, 0xCA,
    0x0A, 0x09, 0x32, 0x27, 0x0A, 0x4A, 0x02, 0x0B, 0x01, 0x47, 0x00, 0xE5, 0x01, 0x05, 0x00, 0xC5,
    0x11, 0xC7, 0x11, 0xE8, 0x09, 0x66, 0x01, 0x87, 0x01, 0xA9, 0x11, 0xE7, 0x19, 0xA7, 0x11, 0xC7,
    0x11, 0x87, 0x01, 0x47, 0x09, 0x67, 0x01, 0x47, 0x01, 0x27, 0x01, 0x27, 0x01, 0x27, 0x01, 0x68,
    0x01, 0x68, 0x01, 0xC9, 0x0A, 0x29, 0x01, 0x27, 0x09, 0x88, 0x01, 0x67, 0x09, 0xA7, 0x01, 0xA8,
    0x01, 0xA8, 0x01, 0x67, 0x01, 0x68, 0x01, 0xA8, 0x01, 0x47, 0x01, 0x47, 0x0A, 0x4A, 0x0A, 0x0A,
    0x0A, 0x2A, 0x09, 0xE9, 0x01, 0xA8, 0x01, 0xC9, 0x0A, 0x4B, 0x01, 0xA9, 0x01, 0xA8, 0x01, 0xA9,
    0x01, 0xA8, 0x01, 0xA8, 0x02, 0x09, 0x0A, 0x6B, 0x12, 0x4B, 0x01, 0xEA, 0x0A, 0x6B, 0x0A, 0xAC,
    0x0A, 0xCD, 0x13, 0x2E, 0x02, 0xAC, 0x02, 0xED, 0x13, 0x2E, 0x1B, 0x4E, 0x13, 0x0E, 0x02, 0x0A,
    0x01, 0xC9, 0x02, 0x0A, 0x02, 0x4B, 0x0A, 0x8C, 0x0A, 0x8C, 0x0A, 0xED, 0x02, 0x6C, 0x0A, 0x8B,
    0x0A, 0x8B, 0x12, 0x29, 0x1A, 0x6A, 0x02, 0x8C, 0x0A, 0xCD, 0x0A, 0xAD, 0x02, 0x8C, 0x0A, 0xCD,
    0x12, 0x6B, 0x02, 0x8C, 0x02, 0x8D, 0x02, 0x2C, 0x43, 0x0A, 0x7B, 0xCA, 0x12, 0xAD, 0x02, 0x8D,
    0x02, 0xCE, 0x02, 0xAD, 0x0A, 0xAC, 0x0B, 0x2E, 0x03, 0x0F, 0x1B, 0x4F, 0x33, 0x2C, 0x3A, 0xCA,
    0x02, 0x6D, 0x0A, 0xEF, 0x03, 0x30, 0x03, 0x30, 0x33, 0x8F, 0x23, 0x8F, 0x13, 0x71, 0x13, 0x91,
    0x03, 0x10, 0x0B, 0x0F, 0x0B, 0x70, 0x0B, 0x71, 0x02, 0xEF, 0x02, 0xEF, 0x02, 0xEF, 0x03, 0x0F,
    0x13, 0x0E, 0x13, 0x70, 0x0B, 0x2F, 0x13, 0x70, 0x0A, 0xEE, 0x02, 0x4D, 0x02, 0xAE, 0x02, 0xCE,
    0x13, 0x6F, 0x0A, 0xED, 0x02, 0x4C, 0x02, 0x8E, 0x02, 0xEF, 0x03, 0x0F, 0x0A, 0xEF, 0x1B, 0xD2,
    0x13, 0xB1, 0x1B, 0xD1, 0x1B, 0xB1, 0x13, 0xF2, 0x1C, 0x53, 0x1B, 0xF1, 0x1C, 0x12, 0x13, 0xF2,
    0x13, 0xB0, 0x0B, 0x4F, 0x0B, 0x6F, 0x0A, 0xED, 0x12, 0xAC, 0x1B, 0x2E, 0x2B, 0xD0, 0x23, 0x8F,
    0x13, 0x6F, 0x0B, 0x0E, 0x0A, 0xCD, 0x02, 0x8C, 0x02, 0x8C, 0x03, 0x2F, 0x0B, 0x4E, 0x02, 0x8C,
    0x02, 0x2A, 0x12, 0x8C, 0x12, 0x09, 0x11, 0xC8, 0x09, 0x87, 0x01, 0x46, 0x0A, 0x4A, 0x02, 0xAD,
    0x02, 0x4B, 0x02, 0x4B, 0x02, 0x8C, 0x02, 0x0A, 0x02, 0x0A, 0x02, 0x09, 0x01, 0xC8, 0x01, 0xC8,
    0x09, 0xE8, 0x02, 0x2A, 0x02, 0x2B, 0x01, 0xAA, 0x11, 0xC7, 0x42, 0x04, 0x12, 0x09, 0x09, 0xC8,
    0x09, 0x86, 0x00, 0xE5, 0x00, 0xE5, 0x01, 0x46, 0x02, 0x09, 0x19, 0xE7, 0x09, 0x47, 0x09, 0x67,
    0x11, 0xA7, 0x09, 0xE8, 0x11, 0xC8, 0x01, 0x89, 0x01, 0xA9, 0x01, 0x27, 0x01, 0x68, 0x01, 0xC9,
    0x01, 0x89, 0x01, 0x88, 0x01, 0x67, 0x01, 0x88, 0x01, 0xA9, 0x01, 0xEA, 0x0A, 0x29, 0x01, 0x67,
    0x01, 0x06, 0x00, 0x84, 0x00, 0xA4, 0x01, 0x87, 0x01, 0xA8, 0x01, 0x47, 0x01, 0x27, 0x01, 0x47,
    0x01, 0x67, 0x01, 0xA8, 0x01, 0xE9, 0x01, 0xE9, 0x01, 0x88, 0x01, 0x68, 0x01, 0xA8, 0x12, 0x6B,
    0x0A, 0x8C, 0x0A, 0x2A, 0x01, 0xA9, 0x01, 0xC9, 0x01, 0x67, 0x01, 0xA8, 0x01, 0xC9, 0x01, 0xC9,
    0x02, 0x0A, 0x12, 0x8C, 0x02, 0x4B, 0x02, 0x0A, 0x0A, 0x6B, 0x02, 0x6C, 0x02, 0x6B, 0x01, 0xEA,
    0x12, 0xED, 0x34, 0x71, 0x4C, 0xD2, 0x01, 0xE9, 0x02, 0x0A, 0x02, 0x2A, 0x02, 0x2B, 0x0A, 0x6C,
    0x0A, 0x6C, 0x02, 0x2B, 0x12, 0x2A, 0x5A, 0x65, 0x39, 0xE5, 0x42, 0x68, 0x42, 0x88, 0x0A, 0xCD,
    0x02, 0xEE, 0x02, 0x6D, 0x02, 0xAD, 0x02, 0xCE, 0x0A, 0xCE, 0x0B, 0x2F, 0x13, 0xB1, 0x0B, 0x0E,
    0x0A, 0xAD, 0x13, 0x30, 0x03, 0x0F, 0x33, 0x2B, 0x42, 0xC9, 0x22, 0xAB, 0x4A, 0xA9, 0x1B, 0x0E,
    0x03, 0x30, 0x1A, 0xCD, 0x63, 0x6A, 0x53, 0x6B, 0x0B, 0x2F, 0x0B, 0x10, 0x03, 0x91, 0x24, 0x53,
    0x03, 0xD2, 0x0B, 0xB2, 0x0B, 0x50, 0x0B, 0x91, 0x0B, 0xB2, 0x0B, 0x71, 0x0B, 0x50, 0x2C, 0x52,
    0x0B, 0x71, 0x0B, 0x50, 0x03, 0x50, 0x0B, 0x91, 0x13, 0x90, 0x02, 0xEF, 0x03, 0x2F, 0x0B, 0x0F,
    0x02, 0xCE, 0x02, 0xCE, 0x02, 0xCE, 0x02, 0x6D, 0x0A, 0xCD, 0x02, 0x8E, 0x0B, 0xB1, 0x14, 0x13,
    0x1B, 0xD1, 0x3B, 0xF0, 0x33, 0x8F, 0x24, 0x53, 0x44, 0x30, 0x43, 0xF0, 0x13, 0xD1, 0x1B, 0xF1,
    0x24, 0x12, 0x1B, 0x90, 0x13, 0x90, 0x1B, 0x4F, 0x0B, 0x2E, 0x13, 0x0E, 0x13, 0x0D, 0x1B, 0x6F,
    0x4B, 0x6C, 0x1B, 0x4E, 0x12, 0xAC, 0x12, 0x4B, 0x02, 0x4B, 0x0A, 0xAD, 0x13, 0x4F, 0x0A, 0xAD,
    0x0A, 0xED, 0x1B, 0x6D, 0x12, 0x6A, 0x12, 0x09, 0x09, 0xE9, 0x0A, 0x09, 0x12, 0x09, 0x12, 0x2A,
    0x0A, 0x29, 0x0A, 0x4B, 0x0A, 0xCD, 0x13, 0x4E, 0x02, 0x2B, 0x02, 0x4B, 0x02, 0x4B, 0x02, 0x4B,
    0x02, 0x2B, 0x01, 0xA8, 0x09, 0xA8, 0x01, 0xA8, 0x01, 0xA8, 0x01, 0xA8, 0x01, 0x67, 0x01, 0x46,
    0x01, 0x46, 0x09, 0x87, 0x09, 0x86, 0x41, 0xE3, 0x19, 0x84, 0x00, 0xE5, 0x01, 0x06, 0x09, 0xA7,
    0x09, 0xE9, 0x01, 0x88, 0x01, 0x47, 0x19, 0x86, 0x39, 0xE6, 0x01, 0x88, 0x01, 0xE9, 0x01, 0xC9,
    0x01, 0x89, 0x01, 0x88, 0x01, 0xEA, 0x01, 0xA9, 0x01, 0xC9, 0x01, 0xA9, 0x01, 0xA8, 0x01, 0xC9,
    0x01, 0xC9, 0x01, 0x88, 0x01, 0x47, 0x01, 0x47, 0x01, 0x68, 0x01, 0x87, 0x01, 0x67, 0x01, 0x67,
    0x01, 0xE9, 0x01, 0xA9, 0x01, 0x47, 0x01, 0x47, 0x01, 0x68, 0x01, 0xA8, 0x01, 0xA8, 0x01, 0x88,
    0x01, 0xA9, 0x01, 0xC9, 0x02, 0x0A, 0x01, 0xA9, 0x09, 0xE9, 0x0A, 0x2A, 0x0A, 0x29, 0x01, 0x68,
    0x01, 0x88, 0x01, 0xE9, 0x0A, 0x4A, 0x01, 0xEA, 0x02, 0x2B, 0x0A, 0xCD, 0x02, 0x4B, 0x02, 0x6B,
    0x0A, 0x8C, 0x02, 0x0A, 0x0A, 0x09, 0x12, 0x2A, 0x02, 0x0A, 0x0A, 0xED, 0x23, 0x0D, 0x0A, 0xAB,
    0x02, 0x4A, 0x01, 0xC9, 0x0A, 0x4C, 0x2A, 0x8B, 0x0A, 0x4A, 0x02, 0x2A, 0x0A, 0x4A, 0x12, 0x4A,
    0x0A, 0x6B, 0x0A, 0x6C, 0x02, 0xCE, 0x13, 0xF2, 0x0B, 0x50, 0x02, 0xCE, 0x0B, 0x90, 0x0B, 0x6F,
    0x13, 0x4F, 0x13, 0x70, 0x33, 0x2C, 0x5A, 0xE9, 0x13, 0x0E, 0x1A, 0xED, 0x13, 0x0E, 0x83, 0xA8,
    0x6B, 0x49, 0x4B, 0x2B, 0x3B, 0x0D, 0x13, 0x70, 0x03, 0x50, 0x03, 0x30, 0x0B, 0x70, 0x03, 0x50,
    0x0B, 0x91, 0x13, 0xB1, 0x13, 0xB2, 0x1C, 0x12, 0x14, 0x12, 0x03, 0x91, 0x0B, 0xB1, 0x13, 0xF2,
    0x1C, 0x33, 0x24, 0x32, 0x13, 0x91, 0x24, 0x73, 0x24, 0x32, 0x13, 0xB1, 0x0B, 0x91, 0x0B, 0x91,
    0x0B, 0x70, 0x0B, 0x50, 0x02, 0xCE, 0x02, 0xEE, 0x02, 0xCE, 0x03, 0x0F, 0x02, 0xAE, 0x0B, 0x0F,
    0x0B, 0x30, 0x03, 0xD3, 0x14, 0x54, 0x34, 0x52, 0x3C, 0x53, 0x1B, 0xD1, 0x0B, 0x50, 0x13, 0xB0,
    0x3B, 0xF0, 0x33, 0xD0, 0x13, 0xB1, 0x0B, 0x70, 0x1B, 0xB0, 0x13, 0x4F, 0x13, 0x2F, 0x2B, 0xD0,
    0x23, 0x8F, 0x13, 0x2E, 0x0A, 0xED, 0x0B, 0x0D, 0x1A, 0x8B, 0x0A, 0x6B, 0x02, 0x6B, 0x02, 0x0A,
    0x02, 0x4C, 0x03, 0x2F, 0x1B, 0xB0, 0x1A, 0xED, 0x01, 0x87, 0x01, 0x46, 0x01, 0x05, 0x01, 0x26,
    0x09, 0xC8, 0x01, 0x87, 0x02, 0x2A, 0x02, 0xAD, 0x13, 0xB0, 0x0B, 0xB0, 0x02, 0xCD, 0x02, 0x4B,
};
// clang-format on
